id_usuario,n_trans,meses_ativos,renda_total,salario_medio,tem_salario,rendimentos,tem_investimento,beneficios,gasto_total,gasto_mensal,renda_mensal,taxa_poupanca,saldo_medio,saldo_min,saldo_fim,ficou_negativo,sh_Casa,sh_Mercado,sh_Restaurantes,sh_Delivery,sh_Assinaturas,sh_Lojas e sites,sh_Transporte por app,sh_Posto de combustivel,sh_Veiculos,sh_Lazer,sh_Viagens,sh_Educacao,sh_Emprestimos e financiamentos,sh_Produtos financeiros,sh_Cuidados pessoais,sh_Pets,gasto_emprestimo,juros_pagos,peso_divida,n_parcelamentos,valor_parcelado,gasto_apostas,n_apostas,tem_apostas,gasto_alimentacao_fora,gasto_mercado,n_assinaturas,tem_educacao,tem_pets,tem_veiculo,tem_fin_imovel,tem_filho_escola,cluster
00108ccd-699c-453a-a9f9-a66aad6e03e5,433,12,99859.78,4587.998666666666,1,0.0,0,0.0,121098.5,10091.541666666666,8321.648333333333,-0.2126854275064495,3806.9639030023095,-3811.14,628.59,1,0.1560106029389299,0.0236602435207702,0.0265704364628793,0.0,0.0059161756751735,0.0654395388877649,0.0,0.0196995833969867,0.1247756991209635,0.0025394203891873,0.0048197954557653,0.1280181835448003,0.2381942798630866,0.1288865675462536,0.0015080285882979,0.0,28844.97,519.22,0.2888547321053581,22.0,5037.49,0.0,0.0,0,3217.64,2865.2200000000003,2,1,0,1,1,1,2
001221d1-3626-45c1-807a-990502adf808,750,12,51706.89,3676.4828571428575,1,0.0,0,0.0,97500.82,8125.068333333333,4308.9075,-0.8856446403951194,-7900.566640000001,-20607.22,-13681.04,1,0.1824116966400898,0.0182724617085271,0.0587758133726465,0.1088594947201469,0.0130843002140905,0.0760344374539619,0.0186099973313044,0.0,0.1665460864841957,0.0111065732575377,6.174307046853554e-05,0.0049865221646341,0.013269631988736,0.2596621238672659,0.0132746575874951,0.0,1293.8,2372.53,0.0250218104395758,42.0,3243.56,287.37,1.0,1,16344.58,1781.58,4,1,0,1,0,0,4
00ac49e5-4660-4214-b994-2122c59e1b92,508,12,132111.25,5398.989375,1,13507.8,1,0.0,118982.74,9915.228333333334,11009.270833333334,0.0993746558298403,27733.270078740155,2933.17,40101.59,0,0.0721299576728523,0.0343127919225931,0.0174454715028415,0.0,0.0069882404792493,0.0306708351144039,0.0,0.0284391668909288,0.009823441618507,0.0926896623829641,0.0,0.0883943334974467,0.315532488157526,0.2149366370281941,0.0090089537356426,0.0,37542.92,0.0,0.2841765557437387,22.0,3092.1800000000003,0.0,0.0,0,2075.71,4082.63,2,1,0,1,1,1,0
00cab281-99de-4b37-9c08-62bf796640b1,438,12,99206.86,4728.100666666666,1,0.0,0,0.0,165563.53,13796.960833333333,8267.238333333333,-0.6688717897129292,-2495.15497716895,-24297.85,-22510.93,1,0.1072309221722924,0.0144311974986278,0.0112655848785055,0.0,0.0084964363830609,0.0,0.0,0.0,0.0047507443215302,0.219970968244033,0.0054597772830767,0.0538325680782476,0.2134811935937824,0.2413428851148559,0.0027676385010636,0.0,35344.7,1516.16,0.3562727416229079,56.0,31011.26,11.9,1.0,1,1865.17,2389.28,4,1,0,1,1,1,2
012b40fb-79b9-482a-bbdf-984508ff80cf,394,12,110255.21,4963.895333333334,1,0.0,0,0.0,71024.03,5918.669166666667,9187.934166666668,0.3558215525597385,26839.327182741115,1645.59,48393.57,0,0.1279431764150809,0.0395898402273146,0.018549074165462,0.0235206309751784,0.0127133028075145,0.0073379390045876,0.0072205139584447,0.0,0.0,0.0115584823896926,0.0,0.2249580881287643,0.3448062578256964,0.0878168980273296,0.0052240065791817,0.0081483689393575,24489.53,247.96,0.2221167598338436,10.0,1444.77,0.0,0.0,0,2987.96,2811.83,3,1,1,0,1,1,5
01586908-198c-4876-889f-fe165a3863a6,403,12,97740.66,4945.162857142857,1,0.0,0,0.0,121981.14,10165.095,8145.055,-0.2480081472746347,-3701.127245657568,-10740.4,-4694.77,1,0.0975613935072257,0.0166171590132704,0.0098930047710654,0.0,0.0056880924378965,0.005145549549709,0.0,0.0133950215582507,0.0878466130091914,0.0515018141329061,0.03362839534046,0.1298314641099435,0.3587649697322061,0.1586838752285804,0.0108284772547624,0.0,43762.56,953.94,0.447741605182531,36.0,9083.03,0.0,0.0,0,1206.76,2026.98,2,1,0,1,1,1,2
0187334b-7c90-44a0-aa33-10025e7f196f,453,12,126179.56,5498.098571428572,1,13976.86,1,0.0,132918.59,11076.549166666666,10514.963333333331,-0.0534082540785528,12724.193863134658,2737.78,22316.57,0,0.1479480785945743,0.0311219822599683,0.0140627432174837,0.0072649732441489,0.007943734582198,0.0060328656811661,0.0,0.0255282575597589,0.109506728893227,0.0350289602078986,0.0258701961854997,0.0973768981449472,0.2436353710944421,0.1645913487345901,0.0259171422146443,0.0,32383.67,0.0,0.2566475108963766,14.0,3190.57,37.13,1.0,1,2834.85,4136.69,3,1,0,1,1,1,0
01adb377-d0c0-479b-a88d-90e3e9a27f8b,436,12,103007.66,4611.489375,1,0.0,0,0.0,145216.38999999998,12101.365833333331,8583.971666666666,-0.4097630215073323,-1946.480986238532,-16710.45,-16469.75,1,0.0999730815509185,0.0129778739162982,0.0003262717107896,0.0164434606864968,0.0048459405994047,0.0194392657743385,0.0,0.0164761704928761,0.090291323176399,0.0147627275406033,0.0808322669362597,0.1014846189193933,0.3315194655369135,0.1635666607605381,0.0,0.0032152018102088,48142.06,1370.46,0.4673638834238152,41.0,13236.03,0.0,0.0,0,2435.24,1884.6,2,1,1,1,1,1,2
01e3f8e5-126d-4ed5-9fd5-2ada568d5f1d,442,12,134189.54,6169.2242857142855,1,13657.65,1,0.0,133246.2,11103.85,11182.461666666668,0.0070299071000615,9088.952104072398,847.44,22952.32,0,0.2138331149406137,0.0227328058886482,0.009830824443774,0.0110807662807644,0.0045395666067775,0.0276628526742226,0.0,0.0,0.0,0.0693018637679723,0.0,0.0595399343470958,0.3623984023559395,0.1548630279887906,0.0024225831580938,0.0,48288.21,0.0,0.3598507752541666,37.0,5503.24,0.0,0.0,0,2786.39,3029.06,2,1,0,0,1,1,0
02123dba-723a-4b1c-81da-e6ba635672fc,466,12,103589.03,4905.364285714285,1,0.0,0,0.0,128629.1,10719.091666666667,8632.419166666667,-0.2417251131707672,-1906.6890987124464,-7537.07,-625.65,1,0.0859583095893541,0.0449221054955682,0.0,0.0,0.0111491101158291,0.0312167308952639,0.0040054699908496,0.019284516489659,0.1231219063182436,0.0472658986185863,0.0,0.0924737870357485,0.3217565076642843,0.1405606507392184,0.0077098417076695,0.0,41387.25,1062.26,0.3995331358928643,30.0,5221.469999999999,0.0,0.0,0,0.0,5778.29,4,1,0,1,1,1,2
021e9ebf-514a-4b64-8212-251602d94073,428,12,101658.83,5121.084666666667,1,0.0,0,0.0,110228.86,9185.738333333333,8471.569166666666,-0.0843018752035607,9765.591775700934,1399.67,13595.95,0,0.0907779505294711,0.0425938361332957,0.0174459755820753,0.0,0.0094128706402297,0.0567560074557606,0.0,0.0231863960128046,0.1332456853858417,0.016271872901525,0.0116498528606755,0.0729256385305989,0.2636070081827935,0.156804942008835,0.0076491764497972,0.0,29057.1,108.5,0.2858295732894034,27.0,6150.85,0.0,0.0,0,1923.05,4695.07,3,1,0,1,1,1,5
0231d306-f210-40a2-8ce3-a86d07384734,530,12,88312.0,0.0,0,0.0,0,0.0,60684.64,5057.053333333333,7359.333333333333,0.3128381193948727,22647.74498113208,2285.41,46708.02,0,0.4374751172619629,0.0296730770751874,0.0957711869099001,0.0462237231694873,0.0291729505192747,0.0404440069183899,0.0,0.0,0.0352987180940679,0.0007179741034963,0.037213864991207,0.0,0.0,0.1734142280484815,0.0413514853181958,0.0,0.0,1136.04,0.0,24.0,1266.05,0.0,0.0,0,8616.91,1800.7,5,0,0,1,0,0,1
023be4d5-c227-4a15-9c95-18aa07428c84,333,12,132557.94999999998,5632.521333333333,1,14011.36,1,0.0,102509.29,8542.440833333334,11046.495833333332,0.2266831978014142,26346.97924924925,3682.79,47829.92,0,0.1812561573687614,0.0413052319453193,0.0014920598903767,0.0,0.0062205093801742,0.0620071605217439,0.0,0.0,0.007497661919227,0.0222609092307633,0.0,0.0727379928199678,0.4112538483097483,0.1403473772962431,0.0099104188508183,0.0,42157.34,0.0,0.3180295108667568,16.0,2587.77,73.24,1.0,1,152.95,4234.17,2,1,0,1,1,1,0
02d0abbc-8010-42ed-bbb1-b52eace31ef4,529,12,87633.62,0.0,0,0.0,0,0.0,96364.1,8030.341666666667,7302.801666666666,-0.0996247787093584,11310.433610586011,-690.68,18413.77,1,0.4217242728360458,0.0195487738691068,0.0779101345833147,0.0,0.0096762175955568,0.0809984216113677,0.0057132272288123,0.0,0.0077628494428941,0.0586531706309715,0.0,0.0,0.0561097960755094,0.1996758128805229,0.0003867622901059,0.0,5406.97,550.71,0.0616997220929593,30.0,1661.2,0.0,0.0,0,7507.74,1883.8,3,0,0,1,0,0,1
02d4451e-a29e-477b-a3f8-74ff591aa60d,789,12,52161.49,3708.054285714286,1,0.0,0,0.0,134641.28,11220.106666666668,4346.7908333333335,-1.5812391478847712,-3442.4719011406846,-26801.34,-26315.06,1,0.0752749825313603,0.0110264103252732,0.0748234865265689,0.0612980654967035,0.0176020311155687,0.0733268430008983,0.0142887084852431,0.0,0.0041382553701212,0.1093143202441331,0.052727662719784,0.0,0.01171297539655,0.3866735372688079,0.0224839662843371,0.0,1577.05,1812.12,0.030233990631786,41.0,11778.83,0.0,0.0,0,18327.58,1484.61,7,0,0,1,0,0,4
0316550e-3d08-4837-8f31-ac73dd26f7e3,581,12,104894.34,4891.154,1,0.0,0,0.0,130481.5,10873.458333333334,8741.195000000002,-0.2439327040906114,5731.367848537006,-20.62,8384.49,1,0.0912015879645773,0.0177266509045343,0.0322145284963768,0.0134527116870974,0.0101284856473906,0.0538466372627537,0.0037144729329445,0.0189983254331073,0.0802423332043239,0.031617432356311,0.0436874959285415,0.11071638508141,0.2318722577530148,0.1907907251219521,0.0129571625096278,0.0,30255.04,735.22,0.2884334845903029,42.0,10982.19,0.0,0.0,0,5958.7300000000005,2313.0,4,1,0,1,1,1,2
037045c7-cfe3-482d-9576-96200ae44297,448,12,112621.83,5298.012,1,0.0,0,0.0,143374.95,11947.9125,9385.1525,-0.2730653550914597,863.883705357143,-10833.91,-8779.8,1,0.1429455424395963,0.0223269825028709,0.0037424947663451,0.0,0.0046329571518595,0.0174845047897139,0.0021796694610878,0.0141198305561745,0.1175777219102779,0.0588974573312841,0.01113290710825,0.104633828991745,0.272394236231643,0.1428034674118456,0.0058518590590615,0.0,39054.51,929.85,0.3467756650731035,16.0,1387.54,0.0,0.0,0,536.58,3201.13,2,1,0,1,1,1,2
03ff4580-931a-4118-b393-a4564c173fb1,420,12,100523.29,4576.059375,1,0.0,0,0.0,115019.64,9584.97,8376.940833333334,-0.1442088694072785,9036.285904761906,1322.28,13389.03,0,0.1152326680904235,0.0299514935014576,0.036241810529054,0.0,0.0105188122654531,0.0012329198735102,0.0,0.0216660389477831,0.0194276386189349,0.018313568013254,0.1113136852106301,0.0675305539123579,0.299419299173602,0.2237991702982203,0.0067668443406708,0.0,34439.1,144.66,0.3425982177861468,24.0,13888.74,37.99,1.0,1,4168.52,3445.01,4,1,0,1,1,1,5
0498dd5a-7f9a-4291-9728-dcb7239b9923,580,12,99952.71,4367.932666666667,1,0.0,0,0.0,124616.16,10384.68,8329.3925,-0.2467511886371066,931.7559137931036,-3792.57,4976.1,1,0.1589654985356633,0.0283276262083505,0.0350301277137732,0.0176328655930338,0.008703205105983,0.0597275666334125,0.0,0.0200885663625006,0.0035851690503061,0.0159926288853708,0.0474527541211348,0.0732084025057424,0.181200415740623,0.2258347552997941,0.0182604727990334,0.0,22580.5,499.55,0.2259118337061596,42.0,9930.91,36.4,1.0,1,6562.66,3530.08,3,1,0,1,1,1,2
04a57ad6-9bc8-4d28-b2fd-dc2f677786ee,396,12,99321.78,4432.495333333334,1,0.0,0,0.0,123355.3,10279.608333333334,8276.815,-0.2419763318780634,-4016.4198737373736,-13878.91,-9632.69,1,0.1511443772582126,0.0335400262493788,0.0316129100249442,0.008261177265995,0.006289069054998,0.0,0.0023503651646909,0.0,0.0056017860602665,0.002265001990186,0.0216589801978512,0.1364393747167734,0.3972662706831404,0.0985712004267348,0.0021618041543411,0.0,49004.9,1465.63,0.4933953056419247,11.0,2356.24,0.0,0.0,0,4918.68,4137.34,2,1,0,1,1,1,2
0527f9a4-e4b2-423e-a0dd-6f4d3e9d4a9b,467,12,150083.65,6435.524666666666,1,13648.84,1,0.0,106377.55,8864.795833333334,12506.970833333333,0.2912116009971772,32752.75841541756,3635.11,64229.46,0,0.103742471978345,0.0212991368949557,0.0144767387479783,0.0,0.0108207041805343,0.0433073519741712,0.0045954245045124,0.0273612242432731,0.0364797835633552,0.005889024516921,0.0190991426292483,0.0706966836517667,0.4092689669953857,0.1818207883148277,0.0075155895205332,0.0,43537.03,0.0,0.2900850958781986,35.0,5158.79,0.0,0.0,0,1540.0,2265.75,3,1,0,1,1,1,0
05636f3d-d09f-4a52-9a5b-fd1a11124ac9,357,12,112759.12,4808.214375,1,0.0,0,0.0,90160.5,7513.375,9396.593333333332,0.2004150085598397,27811.67028011204,1425.98,47321.02,0,0.0733966648365969,0.0279334076452548,0.0,0.0,0.0074387342572412,0.1223521386860099,0.0,0.0,0.0427039557234043,0.0066615646541445,0.0853954891554505,0.0739005440298134,0.2847205816294275,0.2262959943656035,0.0144132962882858,0.0,25670.55,879.09,0.2276583038250032,26.0,12239.25,0.0,0.0,0,0.0,2518.49,2,1,0,1,1,1,5
058f7d12-b165-4b54-9aa2-96fc112d6138,494,12,146266.61000000002,6335.991333333334,1,14854.84,1,0.0,147041.18,12253.431666666664,12188.884166666669,-0.0052956036924625,15038.566336032389,2036.22,27246.95,0,0.1381216472827544,0.0352760362777284,0.0356187293926776,0.0113230864986257,0.0040245868538323,0.0372012112525212,0.0,0.018135599836726,0.0243727641467512,0.0233465210222061,0.0,0.071540095094449,0.3329953554507656,0.2120352951465705,0.0055896586248831,0.0,48964.03,0.0,0.3347587668846635,15.0,2220.35,0.0,0.0,0,6902.38,5187.03,2,1,0,1,1,1,0
05cae03a-3938-445c-b8be-0fc00cde8f20,524,12,133601.49,5271.9775,1,13747.38,1,0.0,124168.63,10347.385833333334,11133.4575,0.0706044520910656,18224.287862595414,4523.88,32677.74,0,0.0547646374128473,0.0235851841161491,0.0346386200765845,0.0,0.0079394449306559,0.0255850451116356,0.0039996414553337,0.0195004164900587,0.1220148760600805,0.0216832544580704,0.0110648720212182,0.0794575892477834,0.3395345507154262,0.1416127406737112,0.0033241890483933,0.0,42159.54,0.0,0.3155618997961774,21.0,1998.89,0.0,0.0,0,4301.03,2928.54,3,1,0,1,1,1,0
05fe999e-d0ef-4016-9865-ea978e0c99a7,475,12,78486.9,0.0,0,0.0,0,0.0,87674.19,7306.1825,6540.575,-0.1170550754329704,16413.660063157895,3998.77,18437.91,0,0.3796096661970871,0.0242927821745487,0.0372095824324125,0.0355847028640926,0.0107653118893941,0.1492376490732335,0.0,0.0,0.0,0.0282556360087273,0.0110174955708173,0.0,0.0,0.2212915796541718,0.0024332132409777,0.0,0.0,647.02,0.0,24.0,1263.74,0.0,0.0,0,6382.18,2129.85,3,0,0,0,0,0,1
06075980-2642-428f-bf86-296b726973a2,352,12,51848.65,0.0,0,0.0,0,29654.64,57941.91,4828.4925,4320.720833333334,-0.1175201282964937,12036.853920454543,1606.37,22536.2,0,0.1805960486977388,0.0291890619415203,0.0055405491465503,0.003702501350059,0.0068083706595105,0.1277553674015923,0.0,0.0,0.0139501787221028,0.2599724448158508,0.0054090381211112,0.0078104087352315,0.0,0.1864220561593499,0.0159095549318274,0.0,0.0,223.03,0.0,45.0,4458.76,63.69,1.0,1,535.5600000000001,1691.27,1,1,0,1,0,0,3
060a4902-2f90-43c2-b658-cdc31c16b27a,447,12,103861.84,5041.517333333334,1,0.0,0,0.0,148995.52,12416.293333333331,8655.153333333334,-0.4345549818874766,3623.75158836689,-6579.57,-5110.06,1,0.0460436662793619,0.0248747747583283,0.0048251786362435,0.0,0.0038310547860767,0.0206065927351372,0.0,0.0221536191155277,0.1161472506018972,0.0595342061291507,0.1144414275006389,0.0517796776708453,0.2350163280077145,0.1962842909639162,0.0073829065464518,0.0,35016.38,978.35,0.3371438441683683,15.0,5833.86,66.34,1.0,1,718.93,3706.23,2,1,0,1,1,1,2
060fc376-8dc1-4b3f-96ae-aeb83405eb20,414,12,110062.13,5002.40625,1,0.0,0,0.0,113860.41,9488.3675,9171.844166666668,-0.0345103261221639,12354.45538647343,1617.24,16962.5,0,0.0630933965546057,0.0249728593107999,0.0,0.0,0.0086786970115424,0.0310379173937631,0.0036997056307807,0.0304687994712121,0.0349596492758106,0.0026451687641033,0.054826168287994,0.1385086352666391,0.4006967830170293,0.147435179620379,0.0071991660665897,0.0,45623.5,609.89,0.414524959675049,29.0,6538.03,0.0,0.0,0,0.0,2843.42,3,1,0,1,1,1,5
06373f57-02c9-425e-84c7-cdde969b1e0c,402,12,52164.350000000006,0.0,0,0.0,0,29817.120000000003,63125.09,5260.424166666667,4347.029166666667,-0.2101193631282665,7424.011218905472,1129.25,12129.98,0,0.1750503642846291,0.0399362598928571,0.0084540077487414,0.0,0.0097927781172272,0.0681058830965627,0.0011958794831025,0.0,0.0,0.092747432122473,0.1154746868479712,0.0042860928990358,0.0404585561779001,0.2513304931525642,0.0225151362160434,0.0,2553.95,1129.08,0.0489596822350896,58.0,8494.68,23.4,2.0,1,533.66,2520.98,2,1,0,0,0,0,3
063b4d84-e4b1-4be0-9a01-16a099294430,647,12,50034.5,3561.5071428571428,1,0.0,0,0.0,79167.93000000001,6597.3275,4169.541666666667,-0.5822668358832407,-1667.945656877898,-6758.45,-11.52,1,0.1513209957617939,0.0242234450237615,0.0284037993667385,0.0927348990936102,0.0175967718241464,0.1267869451683276,0.0209154136024524,0.0,0.0096723509128001,0.0294404565080835,0.0,0.0023090157845481,0.0142978349945489,0.2664011803769531,0.0201499521333954,0.0148994674990239,1131.93,1532.25,0.0226229901368056,53.0,9154.07,12.21,1.0,1,9590.3,1917.72,4,1,1,1,0,0,4
064af115-7bb3-4b2b-976b-90ba050008f3,402,12,103313.89,4676.81,1,0.0,0,0.0,105968.49,8830.7075,8609.490833333333,-0.0256945121319118,9172.333532338307,609.12,13561.82,0,0.0847255632311076,0.031343090762169,0.0234063918434621,0.0,0.0124286946053491,0.0672307400058262,0.0037726309018841,0.0,0.0,0.0258087097400368,0.0,0.1134424959721517,0.4119634053481369,0.1367434791228977,0.0,0.0,43655.14,431.54,0.4225486040647583,28.0,4135.54,0.0,0.0,0,2480.34,3321.38,4,1,0,0,1,1,5
0695c2b6-eb55-4d9f-b79b-ad7338e21f70,537,12,107877.32,4817.37125,1,0.0,0,0.0,98424.9,8202.074999999999,8989.776666666667,0.0876219394400974,22782.25202979516,1157.73,33060.27,0,0.0532486189978348,0.0327350091287875,0.0140171846758289,0.022622121028317,0.0069540329733634,0.0965685512507505,0.0,0.0347656944533344,0.0123213739612638,0.0165754803916488,0.0,0.1067072458290534,0.2842166971975587,0.2038363259703591,0.0172937945580843,0.0,27974.0,539.67,0.2593130789678498,30.0,3649.62,0.0,0.0,0,3606.22,3221.94,2,1,0,1,1,1,5
06d65bbc-c120-45ea-8bae-bde044f8b2fb,357,12,101216.11,4855.917142857143,1,0.0,0,0.0,99536.27,8294.689166666667,8434.675833333333,0.0165965674831802,10890.19700280112,524.16,14779.34,0,0.1295514690273204,0.0353496268244731,0.0,0.0,0.0075438832497942,0.0439216779973772,0.0,0.0238839570741399,0.0811517248938502,0.0203451465480874,0.0,0.0777103662815574,0.3711869050347175,0.1464426987268058,0.0059472793183831,0.0006685000352132,36946.56,224.73,0.3650264765164359,21.0,2508.83,0.0,0.0,0,0.0,3518.57,2,1,1,1,1,1,5
077b8675-2dc9-459c-8c6b-614ac0c48a69,434,12,138858.87,6220.7414285714285,1,13673.32,1,0.0,115205.51,9600.459166666666,11571.5725,0.1703410088242832,28237.62891705069,4183.88,49579.81,0,0.1328187341039504,0.020856207311612,0.0388886781543695,0.0,0.006887951800222,0.042374709334649,0.0,0.0192797202147709,0.0061596012204624,0.0556778056882869,0.0070775260662445,0.1396209261171623,0.2637900739296237,0.1615258679901682,0.0158668626179424,0.0079307838661536,30390.07,0.0,0.2188558066186193,27.0,3494.94,0.0,0.0,0,4480.1900000000005,2402.75,2,1,1,1,1,1,0
0783fd44-34a0-41ed-a1a7-74286c52dcbc,514,12,66673.8,0.0,0,0.0,0,0.0,60150.64,5012.553333333333,5556.150000000001,0.097836931448335,8028.654377431907,-3984.48,17539.53,1,0.423025590417658,0.0343052044001526,0.0666642948437456,0.0468412306169975,0.0156935986051021,0.0565309030793354,0.0090057229648761,0.0,0.0221118179291192,0.00580908199813,0.0,0.0258582452323034,0.0,0.1373938830908532,0.0,0.0,0.0,1177.13,0.0,27.0,1715.35,0.0,0.0,0,6827.43,2063.48,3,1,0,1,0,0,1
07a90b36-345e-4372-830d-c4c82f5f071f,514,12,106989.36,4711.375625,1,0.0,0,0.0,135713.77,11309.480833333331,8915.78,-0.2684791272702256,1594.8187354085603,-8191.63,351.4,1,0.1374595960306754,0.0271734401011776,0.0371719096743093,0.0114978015863828,0.0045185540126105,0.012192646332056,0.0022321242715459,0.0155791855166944,0.1003573181999144,0.0228850027524841,0.0089809604434391,0.0825299451927391,0.3330474866330808,0.1385974319333992,0.0025125674424931,0.0,45199.13,885.94,0.4224637851838724,20.0,5601.9,0.0,0.0,0,6605.15,3687.81,2,1,0,1,1,1,2
07c2b84c-b282-447d-a72e-55334c1819e2,617,12,90296.37,0.0,0,0.0,0,0.0,86611.56,7217.63,7524.697499999999,0.0408079527449442,14192.015575364669,-1347.41,27900.95,1,0.3303647919515593,0.023691756620017,0.0616196036649149,0.0316687518386691,0.0143208366181142,0.0268105088974266,0.009032512519114,0.0010461652001187,0.1268522354290812,0.0108902322045694,0.0958385924465509,0.0089367978131325,0.0,0.1913031008793745,0.0,0.005063296400619,0.0,897.65,0.0,54.0,8825.84,0.0,0.0,0,8079.85,2051.98,4,1,1,1,0,0,1
083dc360-3773-4fb6-b317-6ed66f725b5f,540,12,77363.91,0.0,0,0.0,0,0.0,90701.26,7558.438333333333,6446.9925,-0.1723975688405613,8980.9455,-3590.39,18442.66,1,0.3836402052187588,0.0465953835701951,0.0444402867170753,0.0,0.0103450602560537,0.0907278465591326,0.0096812326532178,0.0018244509502955,0.0441366525668993,0.1520836645488717,0.0009446395783255,0.0059955065673839,0.0056434717665443,0.1633722618627348,0.0095665705195275,0.0,511.87,3179.59,0.0066163925789169,44.0,3943.59,31.57,1.0,1,4030.79,4226.26,3,1,0,1,0,0,1
084a8246-d5f5-4f3d-a25c-711e03dfd1ae,341,12,51902.5,0.0,0,0.0,0,30794.64,35357.44,2946.4533333333334,4325.208333333333,0.3187719281344829,16056.266950146628,2084.87,27598.32,0,0.1593313882453028,0.0652615121456757,0.0623320014118669,0.0,0.0099218156065597,0.1536890114216414,0.0,0.0,0.0048889286102161,0.0210204698077688,0.0,0.0,0.0,0.25520484514716,0.0211186103971328,0.0,0.0,371.27,0.0,50.0,3972.57,11.46,1.0,1,2203.9,2307.48,1,0,0,1,0,0,3
088dcb87-ac1b-45ad-8aa1-f5a93129cfea,427,12,111213.3,5077.195625,1,0.0,0,0.0,113272.37,9439.364166666666,9267.775,-0.0185146021204297,15335.980772833724,1574.72,22549.67,0,0.0821528674645017,0.0289996580807835,0.022719309219009,0.0202854411892326,0.0115181663454203,0.0711803769974972,0.0,0.0,0.0,0.0536410600396195,0.0,0.0778826292766717,0.4188857353298072,0.164716161584683,0.0050019258888994,0.0,47448.18,801.61,0.4266412380533623,28.0,7729.26,0.0,0.0,0,4871.25,3284.86,4,1,0,0,1,1,5
08a70787-4913-49f0-aa88-4fd07c290e55,363,12,53277.07,0.0,0,0.0,0,31452.120000000003,62021.14,5168.428333333333,4439.755833333334,-0.1641244535407071,8803.066831955923,361.04,17332.24,0,0.1475203454822017,0.0392121138050671,0.0833506123879696,0.0,0.009955315236063,0.179527819062984,0.0,0.0,0.0008337479768994,0.0300054142829364,0.0386387609128113,0.0397815970490062,0.0217174337653258,0.3368885189791739,0.0068178366279626,0.0,1346.94,317.48,0.0252817957143664,28.0,3877.87,0.0,0.0,0,5169.5,2431.98,2,1,0,1,0,0,3
08b606cd-adc5-43c7-8dab-dd1e00c5b978,430,12,133826.71,6283.7642857142855,1,13589.19,1,0.0,116032.23,9669.3525,11152.225833333332,0.1329665804382398,19821.675720930238,4667.4,34413.95,0,0.0637492703535905,0.0283046357033731,0.0052523337696776,0.0159419499220173,0.007008742312373,0.0138736452794193,0.0056486029786723,0.0177192147388704,0.1156865639831278,0.004932422655326,0.0023704620690303,0.1304561672218141,0.3981718700054286,0.1151077592837783,0.0015966253514217,0.0,46200.77,0.0,0.3452283180241074,35.0,1277.74,45.02,2.0,1,2459.22,3284.25,2,1,0,1,1,1,0
08ee9a23-0640-475d-b9c6-d25a57fb5d2a,450,12,99926.2,4771.078666666667,1,0.0,0,0.0,102597.1,8549.758333333333,8327.183333333334,-0.02672872579964,9874.480822222222,1027.29,15296.71,0,0.1855167446253354,0.0461209917239376,0.0140906516850866,0.0,0.0065562281974831,0.0117280118054019,0.0032369335975383,0.02701070498094,0.1145790670496534,0.0204439501701315,0.0184819064086606,0.1078173749550425,0.1956790201672366,0.1574217984718866,0.010858883925569,0.0,20076.1,270.4,0.200909271042029,24.0,5663.0,70.64,2.0,1,1445.66,4731.88,2,1,0,1,1,1,5
0903a069-a609-46d2-a0b9-ae905a2ba00e,380,12,142559.93,5565.810625,1,14294.87,1,0.0,87370.16,7280.846666666667,11879.994166666664,0.3871338180370879,40899.09434210527,3485.49,69981.46,0,0.0695010745087338,0.0474323270095877,0.0300417213382692,0.0,0.0069624457595133,0.034725929310419,0.0048408976245436,0.0,0.0092464063245391,0.0079175773513519,0.0,0.0585994119731496,0.5099649582878182,0.1462438663269015,0.009566309595862,0.0,44555.72,0.0,0.3125402769207308,22.0,1843.72,0.0,0.0,0,2624.75,4144.17,2,1,0,1,1,1,0
09520bd4-baba-4a2b-9100-7b37c2232c2a,492,12,119989.67,5336.71625,1,0.0,0,0.0,136617.07,11384.755833333336,9999.139166666666,-0.1385735955436831,10645.51599593496,-1362.38,16253.32,1,0.0852408121474132,0.0254801980455297,0.0272279298626445,0.0,0.0099579064314583,0.1194621579865532,0.0039311339351663,0.0199343317785983,0.111490899343691,0.004232121212964,0.0146545376796618,0.0778519111850371,0.2271170066815222,0.2306211075965836,0.0014304947397861,0.0,31028.06,17.33,0.2585894269064995,19.0,4656.31,0.0,0.0,0,3719.8,3481.03,4,1,0,1,1,1,2
09b0bd93-14fc-4cce-89da-3f4df27d5aa3,418,12,146559.69,6440.452,1,14009.28,1,0.0,91120.6,7593.383333333334,12213.3075,0.3782697002156595,40291.31114832535,4064.29,76419.7,0,0.0828208988966271,0.0245321036077462,0.0017914719613347,0.0,0.0105185874544285,0.098456221754466,0.0,0.0314205569322414,0.0127469529392914,0.0070294752229462,0.0,0.1348623692117918,0.2327248723120787,0.2073004348083748,0.0025213837485705,0.0,21206.03,0.0,0.144692104629861,33.0,8299.32,48.35,2.0,1,163.24,2235.38,3,1,0,1,1,1,0
09e78396-f4ee-439c-8b6f-88ff77ed6d2c,344,12,115843.2,5311.74625,1,0.0,0,0.0,107438.01,8953.1675,9653.6,0.0725566110052208,24367.82918604651,1874.97,32674.21,0,0.1374133791197361,0.0318563234743458,0.0037814363836411,0.0,0.0067096365615856,0.0565547518983272,0.0,0.0,0.0073547527546349,0.1180025579401554,0.0,0.1007473984300342,0.2390278822178482,0.1867492705793788,0.0183780395783577,0.0,25680.68,715.18,0.221684829148366,21.0,6293.9400000000005,0.0,0.0,0,406.27,3422.58,2,1,0,1,1,1,5
09f4c6e0-cb83-4dc9-be37-d93afa7505d3,395,12,128592.68,5703.221428571429,1,13226.52,1,0.0,99948.21,8329.0175,10716.056666666667,0.2227535035431254,26719.855139240502,2799.27,46859.9,0,0.0677741002064969,0.0275068457954374,0.0020072395493626,0.0,0.0083650322502023,0.0327460591840514,0.0,0.0263467449792247,0.0204104705827147,0.0195842426792836,0.0268627121986476,0.0632815735269296,0.46017672552615,0.1624434294521132,0.0130365516300892,0.0,45993.84,0.0,0.3576707476661968,29.0,1801.19,0.0,0.0,0,200.62,2749.26,3,1,0,1,1,1,0
0a070bb2-df1c-4fe3-a828-8c6f5dd012de,403,12,141620.93,6240.485333333333,1,13629.22,1,0.0,93341.77,7778.480833333334,11801.744166666664,0.3409041304841028,36416.73945409429,3796.53,64979.16,0,0.0595246908216975,0.0352334222931491,0.024188742081921,0.0,0.0075950991715713,0.0051016817015576,0.0,0.0359849615022299,0.0591142636356692,0.0029438053295968,0.0122581776625834,0.1290078386128739,0.3760821120062325,0.1763828776763071,0.0061916546043641,0.0,35104.17,0.0,0.2478741666221228,10.0,365.09,0.0,0.0,0,2257.82,3288.75,2,1,0,1,1,1,0
0a0be51f-27f8-4c21-8970-bf2814dbb1d6,462,12,142031.04,6279.772666666667,1,14542.12,1,0.0,155509.11000000002,12959.0925,11835.92,-0.0948952426173884,11755.525346320346,2613.27,21839.04,0,0.0511619544346951,0.0345518021420095,0.0368801544809818,0.0,0.0072093525581877,0.043409932704264,0.0025485966706387,0.0198574861627077,0.112260947284696,0.0141229025103416,0.0307043105063105,0.0913903371963224,0.2880046705945394,0.196969553745115,0.0133891191326347,0.0152189797755256,44787.35,0.0,0.3153349436855492,8.0,4273.18,0.0,0.0,0,5735.200000000001,5373.12,3,1,1,1,1,1,0
0a37f67b-77d5-4ab8-af28-2d88aaa252f1,444,12,98940.33,4951.17,1,0.0,0,0.0,118912.06,9909.338333333331,8245.0275,-0.2018563107683186,4270.845157657658,-112.14,6671.39,1,0.0484192267798573,0.0455059814790863,0.0019554786957689,0.0145695062384757,0.009900173287722,0.0895572745102557,0.0,0.0215997435415718,0.0709845578320651,0.0068128497647757,0.0383698676147734,0.0583650640649905,0.3857578449149734,0.1658049654509391,0.014371881203639,0.0,45871.26,1047.4,0.463625500339447,12.0,693.84,10.44,1.0,1,1965.02,5411.21,3,1,0,1,1,1,2
0aebf116-beca-4cf1-8472-b991ee8e77fa,416,12,141236.82,5712.381249999999,1,13997.4,1,0.0,103905.75,8658.8125,11769.735,0.2643154242640128,31954.92456730769,3548.15,55616.69,0,0.1913093356238707,0.0377117724476268,0.0126686925410768,0.0106232811947365,0.0062345924070612,0.0111832117086879,0.0,0.0325684574722765,0.0,0.019922381581385,0.0138525538769509,0.0514177511831636,0.3887112118434255,0.1681363158439259,0.0032858624282101,0.0,40389.33,0.0,0.2859688429688519,10.0,492.56,0.0,0.0,0,2420.17,3918.47,2,1,0,0,1,1,0
0af23af6-9998-4f21-9f82-9c2235b01e38,416,12,130775.77,5677.943333333333,1,12824.82,1,0.0,110616.92,9218.076666666666,10897.980833333331,0.1541482034477793,24759.934399038462,4564.0,42958.39,0,0.0981866969356948,0.0305622322516302,0.0,0.0,0.0095211473977037,0.0795047448437363,0.0,0.0192521180304061,0.0104863704395313,0.0125408481812728,0.0064147510163906,0.0660841035892158,0.3756223731414687,0.168300382979385,0.0040979264293382,0.0008767194024205,41550.19,0.0,0.31772085914692,34.0,5939.31,0.0,0.0,0,0.0,3380.7,3,1,1,1,1,1,0
0b3e26a5-4728-415f-821c-aee560b013c7,389,12,52662.08,0.0,0,0.0,0,29534.4,59160.1,4930.008333333333,4388.506666666666,-0.1233908725215564,5614.453187660669,-87.09,8746.6,1,0.3945278997161939,0.0754048759214403,0.0204703846004317,0.0,0.0106407866112464,0.0173551092712825,0.0,0.0,0.0030600015889087,0.0854491456234861,0.044997557475393,0.0320288505259456,0.0,0.1797366806344141,0.0092611405322168,0.0,0.0,364.06,0.0,47.0,8808.35,0.0,0.0,0,1211.03,4460.96,2,1,0,1,0,0,3
0b4eb062-477d-4dcc-a9d8-2a7240bcd57f,334,12,49864.78,0.0,0,0.0,0,28810.2,29669.88,2472.49,4155.3983333333335,0.4049932637825735,19272.411616766465,2807.88,32408.76,0,0.2181414282767574,0.0730542219921348,0.0483786924652206,0.0,0.0186131524630365,0.0455195639483543,0.0042140379401601,0.0,0.0,0.0692571051854608,0.0582580718223329,0.0181065781189543,0.0379236451242809,0.2590819376418105,0.0887411745514306,0.0,1125.19,310.2,0.0225648243108663,28.0,1624.36,0.0,0.0,0,1435.39,2167.51,2,1,0,0,0,0,3
0b6ceb38-4e24-4f23-89ff-fe8e5b63e5ed,444,12,131972.23,5851.83,1,13875.83,1,0.0,92090.73,7674.2275,10997.685833333337,0.3021961514176127,36935.43454954955,3936.51,65789.15,0,0.0681593033305306,0.0408197437461946,0.0214830526373284,0.0154776707709885,0.0080279524334316,0.02291924496635,0.0038338277913531,0.031477109585297,0.0091464146282693,0.0706598807502123,0.0177944077541789,0.1257779148889361,0.246597350243613,0.2484841851074478,0.002633164054623,0.0,22709.33,0.0,0.1720765800502121,6.0,1104.9,0.0,0.0,0,3403.74,3759.12,2,1,0,1,1,1,0
0c594dec-9c4b-4cbf-b017-d803739130f1,396,12,117791.32,5352.220625,1,0.0,0,0.0,100736.63,8394.719166666668,9815.943333333336,0.1447873238877024,24026.8527020202,1395.45,36824.52,0,0.0583568261118125,0.0202250164612415,0.0063240154053197,0.0,0.0094787764887509,0.0143293457404719,0.0040251495409365,0.0242032118803259,0.0092140267150092,0.0735504056468833,0.0342183374607627,0.0756968939699491,0.3809381949743604,0.1582748003382682,0.004519110873572,0.0,38374.43,658.5999999999999,0.3257831731574109,12.0,494.88,21.56,2.0,1,637.06,2037.4,3,1,0,1,1,1,5
0cc3d03e-1cee-44aa-ba69-8857de5f3336,739,12,56287.1,3975.325714285714,1,0.0,0,0.0,78988.03,6582.3358333333335,4690.591666666666,-0.4033060861191996,5057.450243572395,527.27,8603.32,0,0.1295416533365878,0.0473692026500724,0.1114340995717958,0.1057538718208316,0.0271379093769017,0.0737186381278277,0.0197423584307647,0.0,0.0126515372012696,0.0347495690169763,0.0,0.0251874872686405,0.0122619845057535,0.2677393017650902,0.0,0.0,968.55,1307.53,0.0172073174848233,52.0,5339.71,0.0,0.0,0,17155.25,3741.6,6,1,0,1,0,0,4
0d101042-9869-4f34-a23a-14e00974b94f,421,12,73253.85,0.0,0,0.0,0,0.0,88071.1,7339.258333333334,6104.4875,-0.2022726450555158,7903.109002375297,2672.93,13525.1,0,0.3461848438364004,0.0099543437063917,0.0776757642404829,0.0,0.0134257435185889,0.0791533204422336,0.0,0.0,0.0,0.0654370162289332,0.0419948200942193,0.0107209970126409,0.0342262104140859,0.2415371217118896,0.0050757853597831,0.0,3014.34,932.45,0.0411492365247696,46.0,3197.93,0.0,0.0,0,6840.99,876.6899999999999,3,1,0,0,0,0,1
0d5760b5-f120-497a-a6c8-cd8892971ce2,505,12,91410.48,4348.809333333334,1,0.0,0,0.0,121500.35,10125.029166666664,7617.54,-0.3291730882498374,-177.9519801980198,-9312.59,-1748.86,1,0.1242756090826076,0.0178868620543068,0.0392993106604219,0.013121690595953,0.0117588961677888,0.0233189451717628,0.0,0.0204711344452917,0.1143579421787674,0.0448460436533721,0.0231695628860328,0.050217221596481,0.2513690701302506,0.1875738629559503,0.0102488593654256,0.0,30541.43,653.6899999999999,0.3341130032355152,11.0,3066.37,11.22,1.0,1,6369.17,2173.26,4,1,0,1,1,1,2
0ded575c-7653-4ca5-9700-12cb84d55ba3,801,12,49628.91,3520.9842857142858,1,0.0,0,0.0,114800.39,9566.699166666667,4135.742499999999,-1.3131757276152147,-13334.793670411986,-31510.33,-31095.72,1,0.1461975869594171,0.0093702643344678,0.0398847948164636,0.078309751386733,0.0172696277425538,0.0864325460915246,0.020585557244187,0.0087254930057293,0.1160490831085155,0.0215404320490548,0.0120415967227985,0.0035654060060248,0.0380402888875203,0.2446041341845616,0.0074864728247003,0.0,4367.04,3751.36,0.0879938729260828,38.0,3143.37,298.18,1.0,1,13568.78,1075.71,6,1,0,1,0,0,4
0dfa9458-e548-4c9f-9a36-bb8df89435da,674,12,54276.65,3852.6157142857146,1,0.0,0,0.0,98651.55,8220.9625,4523.054166666667,-0.8175688809091939,-2780.103234421365,-10467.17,-5377.27,1,0.2229892992051315,0.0138987172527953,0.0451501268859941,0.0872157609282368,0.0220661510133393,0.0921808121615929,0.0184190719760611,0.0,0.0,0.0827835953920642,0.0007985682941626,0.0099556469209049,0.0100830650912225,0.2561884734705131,0.0113742764305274,0.0,994.71,2288.23,0.018326665333988,26.0,5631.31,0.0,0.0,0,13058.1,1371.13,7,1,0,0,0,0,4
0e0acb50-24d3-4656-b5ea-476f54207004,666,12,74314.34,0.0,0,0.0,0,0.0,96083.71,8006.975833333334,6192.861666666667,-0.292936329650509,10571.64623123123,1971.83,9253.09,0,0.1984971229774537,0.0263567050023359,0.0755173795849473,0.0382691301158125,0.014624331221182,0.130703841473232,0.007706197023408,0.0,0.1186797429033495,0.0104033243512349,0.0,0.0,0.0,0.2099455776634769,0.0157032862282274,0.0,0.0,1341.79,0.0,55.0,4823.04,0.0,0.0,0,10933.03,2532.45,4,0,0,1,0,0,1
0e371805-fbe9-4e5a-9346-364594d06aa1,705,12,60394.76,4280.101428571428,1,0.0,0,0.0,94481.32,7873.443333333334,5032.8966666666665,-0.5643959840224549,2732.5542269503544,-3749.19,3658.45,1,0.1473390718927296,0.0148262111494631,0.0482952609044835,0.1019952938845477,0.0131145500507401,0.0921513374283932,0.0189977235711778,0.0,0.0,0.0910229662329019,0.0069448648685263,0.000726175290523,0.0064178823919902,0.3129546665944125,0.0212019688124594,0.0,606.37,1096.84,0.010040109439958,20.0,1014.87,0.0,0.0,0,14199.65,1400.8,4,1,0,0,0,0,4
0e960223-9a07-40a3-b781-22918147e17c,435,12,101083.86,4860.839999999999,1,0.0,0,0.0,118250.95,9854.245833333332,8423.655,-0.1698301786259448,2846.559356321839,-1337.18,4882.18,1,0.0792075666199721,0.0335691172037095,0.0133976090678341,0.0,0.0085913897520485,0.0432242616232681,0.0,0.0247975174829462,0.0125304701568993,0.019329992697733,0.0375925098276166,0.0888933239014147,0.412868564692292,0.1773200130738907,0.0030308424583481,0.0,48822.1,713.21,0.4829861067830215,16.0,1959.93,0.0,0.0,0,1584.28,3969.58,3,1,0,1,1,1,2
0ecbb6fe-40ac-4717-a4f1-e900ea01331f,475,12,142152.79,6000.944,1,13632.02,1,0.0,103456.47,8621.3725,11846.065833333334,0.2722163947679114,35193.84277894737,3585.94,56035.89,0,0.0847411476536943,0.0289292685126411,0.0176227741000635,0.0213630911628823,0.006505248052635,0.0368875914672132,0.0,0.0185109737457695,0.1010104056324365,0.0069542291555085,0.0083385795011177,0.1595671106891623,0.3035994752189012,0.1541654185571961,0.0047718620208093,0.0105508142700016,31409.33,0.0,0.220954720621382,21.0,1920.15,63.16,1.0,1,4033.34,2992.92,2,1,1,1,1,1,0
0ee60ebb-b967-4767-9a60-9019c4669db7,504,12,95709.38,4774.555333333334,1,0.0,0,0.0,146394.33,12199.527499999998,7975.781666666667,-0.5295713962414131,-6461.068948412699,-23370.47,-13995.61,1,0.1701896514707912,0.0210437794961047,0.0309999027967818,0.013082678816864,0.008710583258245,0.0585578690103639,0.0,0.0284126441235804,0.0063286604064515,0.0184026252929331,0.0058463329829782,0.0457685758731229,0.3302125157442914,0.1727168668349382,0.0096107547334654,0.0,48341.24,2101.91,0.5050836187633855,20.0,6663.49,0.0,0.0,0,6453.44,3080.69,4,1,0,1,1,1,2
0f72a1c1-cbe9-452f-a1ba-b14744a00aab,445,12,99182.13,5005.3533333333335,1,0.0,0,0.0,133072.6,11089.383333333331,8265.1775,-0.3416993565272292,-3900.206134831461,-10369.75,-2586.33,1,0.1779972736686591,0.0275590918040227,0.0126319768306924,0.0,0.0053583532597995,0.0395233128382552,0.0,0.0278308231747181,0.0711009629330155,0.0047416222422948,0.0760770436588749,0.0551815324867779,0.2273896354320874,0.1707818138369582,0.0229288373414211,0.0050262788883662,30259.33,1346.02,0.3050885275401929,32.0,5740.44,0.0,0.0,0,1680.97,3667.36,2,1,1,1,1,1,2
0f8a865a-02d7-4a61-b26c-05a652328278,492,12,96101.74,4584.960666666666,1,0.0,0,0.0,98321.14,8193.428333333333,8008.478333333333,-0.0230942748799346,9450.708455284552,-867.58,24567.03,1,0.1146264170655466,0.0281270131733623,0.0237089399085486,0.0233825604544455,0.0074879115518798,0.0240720357798943,0.0047637771490444,0.0293565554671152,0.0022322768023234,0.0223664005523125,0.0910411535098148,0.0717310641434792,0.2565498121767099,0.2567266815661413,0.0017759151287302,0.0,25224.27,0.0,0.2624746440595145,37.0,7835.809999999999,33.35,1.0,1,4630.09,2765.48,2,1,0,1,1,1,2
0fa286a2-03df-44c1-91a5-2c2bb50fa61f,432,12,112755.76,4936.413125,1,0.0,0,0.0,87981.41,7331.784166666667,9396.313333333334,0.2197169350816313,24995.26849537037,1111.09,42092.76,0,0.1094867654428361,0.0466588339513995,0.037661137733528,0.0180939359803394,0.0065624090361816,0.03371325828945,0.0050897115652045,0.0,0.0,0.0316307729098681,0.0,0.175088919352395,0.3064514424126642,0.1444915465664848,0.0290460223358548,0.0,26962.03,483.13,0.2391188707344085,36.0,6058.06,0.0,0.0,0,4905.41,4105.11,2,1,0,0,1,1,5
0fa31adb-5d79-4cc8-8cac-3384dfb20360,474,12,152574.24000000002,6059.773125000001,1,14236.45,1,0.0,108393.92,9032.826666666666,12714.520000000002,0.2895660499439487,45018.76438818566,3927.27,72323.26,0,0.110078037587348,0.0273721072178218,0.0099611675636419,0.0,0.0091926742754575,0.0571890010066985,0.0,0.0181646719668409,0.0709322995238109,0.0052051812500184,0.0831854775618411,0.0923766757397462,0.1978987382318122,0.2584165237312203,0.0100110781121302,0.0,21451.02,0.0,0.1405939823131348,28.0,3858.76,0.0,0.0,0,1079.73,2966.97,3,1,0,1,1,1,0
0fc60c14-54ef-457e-ab93-613027ad9bd5,404,12,131303.48,5678.122,1,14453.15,1,0.0,89445.92,7453.826666666667,10941.956666666669,0.3187848486574766,35945.903341584155,3649.11,62822.8,0,0.0673375599468371,0.0337242883744725,0.0066692812819187,0.0128058384328765,0.0109787008731085,0.053033833180988,0.0,0.0168392253106681,0.0149683741863239,0.0232981001257519,0.0362029928251618,0.1547841421945238,0.3010614682033569,0.216535645225629,0.0,0.0,26928.72,0.0,0.205087633625552,34.0,2759.62,0.0,0.0,0,1741.97,3016.5,3,1,0,1,1,1,0
0fee1f9e-35b1-4867-bc96-1cd166a8da23,579,12,83297.75,0.0,0,0.0,0,0.0,86215.5,7184.625,6941.479166666667,-0.0350279569376123,14229.230898100172,-270.02,24804.71,1,0.3035185088528164,0.0251892061172294,0.0923166947938595,0.0350338396228056,0.0146543254983152,0.0863489743723576,0.0,0.0,0.0,0.0461782394117067,0.0,0.0386118505373163,0.0160195092529765,0.2119537670140519,0.0183237352912179,0.0,1381.13,1258.16,0.0165806399332514,51.0,4200.07,0.0,0.0,0,10979.59,2171.7,4,1,0,0,0,0,1
0ff3cc78-aa70-4f09-befd-4c64ae49db14,555,12,72964.51,0.0,0,0.0,0,0.0,77983.57,6498.630833333334,6080.375833333333,-0.0687876886996159,4359.4581261261255,-805.42,9961.68,1,0.4704883349146493,0.0321234331795787,0.0604365765763224,0.0430154710793568,0.015995035877429,0.01786324991277,0.0,0.0,0.0407493527162195,0.0274511669573475,0.0496216061921761,0.0381372640416436,0.0081364574614883,0.1528278328370963,0.0046085348490714,0.0,634.51,1019.42,0.0086961455644668,33.0,4154.4,0.0,0.0,0,8067.56,2505.1,4,1,0,1,0,0,1
100a0c2b-0494-4814-a0df-188d932160c9,493,12,141609.22,5755.823333333334,1,14108.18,1,0.0,130576.3,10881.358333333334,11800.768333333332,0.0779110286745453,23151.58275862069,3287.13,38913.86,0,0.106757811333297,0.0317592089835598,0.0,0.0121221079169803,0.0076300982643864,0.0387278549016934,0.0034921344838228,0.0279739891542339,0.0045574886101076,0.0160049718057564,0.0525453700250351,0.0487858822772585,0.3686100770201023,0.2060622792957067,0.0123010071506084,0.0,48131.74,0.0,0.3398912867396628,17.0,5025.14,68.58,1.0,1,1582.86,4147.0,3,1,0,1,1,1,0
10215fe5-9f0f-416e-ad05-5c2089fdea67,420,12,137040.89,5504.594666666667,1,13513.31,1,0.0,141767.89,11813.990833333335,11420.074166666667,-0.0344933545017111,24391.283095238097,1327.88,43778.2,0,0.1073781234946785,0.0175531285681122,0.008039690793169,0.0,0.0039920182207691,0.0180064752321558,0.0,0.0150066421952107,0.0046476673949227,0.0191640011006723,0.1970780548402039,0.0519568288700636,0.2315676702249007,0.2523749912621257,0.0061580940507755,0.0,32828.86,0.0,0.2395552159651035,50.0,23291.94,0.0,0.0,0,1139.77,2488.47,2,1,0,1,1,1,0
108010ef-c5fe-4379-b704-c9de3673514e,321,12,58188.55,0.0,0,0.0,0,34638.0,40598.9,3383.241666666667,4849.045833333334,0.302287133808971,20353.27380062305,875.92,30578.1,0,0.2209293847862873,0.1001601028599297,0.0,0.0,0.008279042043011,0.0095485345662074,0.0,0.0,0.0434893556229356,0.1311247349066108,0.069315671114242,0.0110571961309296,0.0520378630948129,0.2492912369546958,0.0100106160511738,0.0,2112.6800000000003,244.44,0.0363074866103382,49.0,9904.02,0.0,0.0,0,0.0,4066.39,1,1,0,1,0,0,3
1094a8b2-badd-4b50-9ba0-a165c9594346,493,12,144058.49,6206.554,1,13306.17,1,0.0,168337.29,14028.1075,12004.874166666666,-0.1685343224130699,10088.37359026369,-7741.4,26269.09,1,0.0336498823285084,0.0196248258481528,0.0247686653384998,0.0,0.0061730826247707,0.0275929949923751,0.0,0.0187876970099732,0.1072133809448875,0.0532925295399492,0.110441780309045,0.0375112371121098,0.2560225960629401,0.2394888856770832,0.0,0.0,43098.15,0.0,0.2991711908128427,18.0,4174.86,0.0,0.0,0,4169.49,3303.59,3,1,0,1,1,1,2
10ce09b3-2a6d-4688-b63e-2318852ea4d6,409,12,149093.44,6281.592666666666,1,13735.07,1,0.0,85301.66,7108.471666666667,12424.453333333331,0.4278644318623274,50512.98838630807,4652.51,86115.04,0,0.0782568592451776,0.0346162079378056,0.0151494120981936,0.0,0.0075374852025154,0.0023912782002132,0.0073687897750172,0.0462767078624261,0.0295299059830723,0.0031040427583707,0.0687430936279551,0.0765948751759344,0.3051587741668802,0.223366462036026,0.004315273583187,0.0,26030.55,0.0,0.1745921886301637,0.0,0.0,0.0,0.0,0,1292.27,2952.82,2,1,0,1,1,1,0
11a50a43-8185-4b2f-9201-232bf9880e31,448,12,98988.65,4395.255999999999,1,0.0,0,0.0,79942.04,6661.836666666666,8249.054166666667,0.1924120593623614,21426.235558035714,1237.83,37261.63,0,0.1299059918911251,0.0768523044946063,0.025246791300297,0.0307805505088436,0.0103439942238151,0.0038137630713451,0.0,0.0300527732342081,0.0070523594344102,0.00067511412018,0.033263099115309,0.1437194997775888,0.2693801659302164,0.1772815654942005,0.0082877544781193,0.0,21534.8,284.48,0.2175481734522089,34.0,6552.2,0.0,0.0,0,4478.9400000000005,6143.73,3,1,0,1,1,1,5
11c060c6-5eb7-4ac5-b896-f88da8dbe27c,512,12,141464.86000000002,6265.113333333333,1,13297.38,1,0.0,137073.45,11422.7875,11788.738333333336,0.0310424086942863,27927.741875,4591.88,41360.8,0,0.0981653266916386,0.0285954719896522,0.0242407993670546,0.0076529772906423,0.0078509003749449,0.0187891965949642,0.0036359338734087,0.0221479068338908,0.0294072995171566,0.0007064095928131,0.0731639861694587,0.0552932752476865,0.3447601997323332,0.2177400510456255,0.0218803130730276,0.0,47257.47,0.0,0.3340580127107184,23.0,4887.47,0.0,0.0,0,4371.79,3919.68,3,1,0,1,1,1,0
12221c72-9ac2-4ec0-88a0-c359b9504ecf,433,12,126833.39,5346.64,1,14040.01,1,0.0,147339.18,12278.265,10569.449166666667,-0.1616750131806773,5630.200184757507,-1392.1,6197.23,1,0.1206927444553445,0.0166390229672786,0.023691661647635,0.010444336665916,0.0040642278584691,0.0182517643983087,0.0023882988896775,0.0121155146920187,0.0641331789684183,0.0488546902460024,0.0247311000373424,0.0703511448889562,0.2993230992598167,0.1696467294035436,0.0057985934223334,0.0,44102.02,0.0,0.3477161652779287,18.0,2149.77,0.0,0.0,0,5029.57,2451.58,2,1,0,1,1,1,2
1263e57b-c85f-414a-940b-072b3cb25d5a,416,12,141430.62,5941.39375,1,13758.77,1,0.0,122407.06,10200.588333333331,11785.885,0.1345080718729791,33364.90199519231,4232.9,54263.64,0,0.0739324186039596,0.0173981794840918,0.0,0.0103104347085862,0.0049037204226618,0.0374903212282036,0.0,0.0193518249682657,0.0045172231078828,0.1038007938431002,0.0316640233006168,0.1106658390455583,0.2082882310873245,0.2685791162699275,0.0209940505065639,0.0,25495.95,0.0,0.180271782729935,39.0,13238.66,0.0,0.0,0,1262.07,2129.66,2,1,0,1,1,1,0
12bfa6f1-54e7-4171-9b2f-a40f3136f0de,383,12,94332.03,4359.4725,1,0.0,0,0.0,91297.73,7608.144166666666,7861.0025,0.0321661687975972,15607.579712793737,-1073.37,24185.86,1,0.0661388842855129,0.0175891558311471,0.0008751586704291,0.0209463039223428,0.011708396254759,0.0051565356553771,0.0,0.0251770772394888,0.0607239632354495,0.0498669572616975,0.1015993497319155,0.0964526719339023,0.2575083739760013,0.2230818882353372,0.0,0.0,23509.93,96.75,0.2492253161518945,19.0,4945.01,0.0,0.0,0,1992.25,1605.85,3,1,0,1,1,1,2
12df848f-8d33-4a1d-a4de-bec9d0aa47fb,491,12,135642.05,5898.787142857143,1,13894.73,1,0.0,110648.18,9220.681666666664,11303.504166666666,0.1842634345322855,24772.75755600815,4406.1,46874.97,0,0.1445195935441504,0.0259324645014495,0.0274863084056149,0.0081136445262814,0.0058033489570275,0.051415215324825,0.0,0.0194949433420414,0.0415421202590047,0.0018384396381395,0.0,0.0661697282323125,0.3708286028744441,0.1965567802380481,0.0056491665746332,0.0043220774169082,41031.51,0.0,0.30249845088599,24.0,1296.84,0.0,0.0,0,3939.07,2869.38,2,1,1,1,1,1,0
1399754a-378b-473e-bc7d-bef2e6451aab,764,12,59751.62,4256.507142857144,1,0.0,0,0.0,127111.31,10592.609166666669,4979.301666666667,-1.1273282632336998,-4677.315589005236,-19685.08,-7192.93,1,0.1516492120174042,0.014287949671827,0.0239554607689905,0.0764578698779833,0.0187915615062105,0.0705827829167994,0.0136979943012152,0.0,0.0061080324008933,0.1191244901810861,0.0403504613397501,0.0125498667270441,0.0239504258118337,0.3260897083036907,0.0232259426796875,0.0042764880638866,3044.37,1981.49,0.0509504177459958,38.0,5532.13,0.0,0.0,0,12763.67,1816.16,7,1,1,1,0,0,4
139aae21-0535-4a19-bbf2-d2b8f0c7a0d8,485,12,99238.33,4722.428666666668,1,0.0,0,0.0,120761.12,10063.426666666666,8269.860833333334,-0.2168798084369214,3582.944762886598,-2396.29,2392.77,1,0.1222997931784667,0.0294809289612418,0.0155928497516419,0.0135161051835226,0.0105135659556652,0.026604754907871,0.0,0.0206193847821219,0.0499242637034171,0.0484954925890054,0.0305055965032454,0.0903851338907754,0.2380570004650503,0.188417431040719,0.0,0.0,28748.03,133.64,0.2896867571229786,39.0,9112.43,0.0,0.0,0,3515.23,3560.15,4,1,0,1,1,1,2
13b14e34-db3b-4d70-be99-2182324c20a9,393,12,126757.25,5789.215714285715,1,12934.01,1,0.0,94285.35,7857.1125,10563.104166666666,0.2561739072124079,31190.03231552163,4807.05,53440.73,0,0.1755580267772246,0.0310851049500267,0.0212874004285925,0.0,0.0072985888051537,0.0,0.0,0.0331153249152705,0.003441361781019,0.0244473823345832,0.0340223587227496,0.111646188936033,0.2592193803173027,0.1822593860021731,0.0148807847666684,0.0,24440.59,0.0,0.1928141388362401,0.0,0.0,0.0,0.0,0,2007.09,2930.87,2,1,0,1,1,1,0
13e4fd9d-3cc1-4e93-bad5-9b6ae1256310,477,12,129167.28,5554.414000000001,1,13025.13,1,0.0,114816.04,9568.003333333332,10763.94,0.1111058466199799,27306.121215932915,4698.88,40261.25,0,0.0572594212446275,0.0244680098703979,0.0,0.0144863034816389,0.0089853299242858,0.0496881794564592,0.0047472461164833,0.0263211481601351,0.0425648715980798,0.0086188306093817,0.047291214711812,0.0879441583249169,0.3086912769330835,0.2190843718351547,0.0064891630124153,0.0,35442.71,0.0,0.2743938712652306,9.0,2656.04,310.89,2.0,1,1663.26,2809.32,3,1,0,1,1,1,0
148f251f-2532-43c3-926c-4522703a7980,500,12,138498.29,5591.680625,1,13526.62,1,0.0,133447.37,11120.614166666666,11541.524166666668,0.0364691867314752,20205.76536,4080.44,34064.58,0,0.0601722611693284,0.0313851071025229,0.0019966673003746,0.0104532595884055,0.0077323367257069,0.0587375382519715,0.0,0.025353440835889,0.1208822624230061,0.0206332279159941,0.0014078209259575,0.0962987131181379,0.3421452217454717,0.173002135598476,0.0231526481188801,0.0,45658.38,0.0,0.329667463764354,30.0,4969.43,0.0,0.0,0,1661.41,4188.26,3,1,0,1,1,1,0
14d00ac6-9f80-475a-a611-6340659808e7,404,12,103208.13,4867.807333333333,1,0.0,0,0.0,112951.06,9412.588333333331,8600.6775,-0.0944007996269285,10783.163762376238,1772.24,15785.98,0,0.0851280191615731,0.0178972202651307,0.0120432690051779,0.0,0.0120164432277129,0.0406124564036849,0.0,0.0271817723534422,0.0279225356539371,0.0479841446375093,0.0411664131350338,0.0467583039946681,0.3470278189509687,0.1969513167915378,0.0,0.0,39197.16,241.31,0.3797875225527291,27.0,6843.06,0.0,0.0,0,1360.3,2021.51,4,1,0,1,1,1,5
14d3ee51-5677-466b-8932-e010228bf1de,436,12,94149.44,4386.9825,1,0.0,0,0.0,71499.27,5958.2725,7845.786666666667,0.2405767894105371,22367.089334862383,1552.87,39664.87,0,0.09946563090784,0.049771836831341,0.0,0.0,0.0205058037655489,0.1143071810383518,0.0,0.0393672550782686,0.0484790963600047,0.0010137166435405,0.0,0.1018498510544233,0.2914941649054599,0.1673815690705653,0.0077322467767852,0.0,20841.62,924.63,0.2213674345805986,36.0,4657.33,0.0,0.0,0,0.0,3558.65,4,1,0,1,1,1,5
14d8f0c8-1ecc-462f-b300-bf56428634e6,474,12,93581.68,4183.598125,1,0.0,0,0.0,119414.22,9951.185,7798.473333333334,-0.2760427040848165,-2832.866666666667,-12331.81,-6271.35,1,0.0595142689036531,0.023641405521051,0.0032473519485367,0.018315909110322,0.007542820277183,0.0320572374043895,0.0027526035006551,0.0267128152744287,0.0168134917265297,0.0226620414218675,0.0104826711592639,0.0919924779477686,0.3916757150027861,0.1600537188954548,0.0033483449458531,0.0,46771.65,1064.44,0.4997949384965091,22.0,4564.44,0.0,0.0,0,2574.96,2823.12,3,1,0,1,1,1,2
153c614f-ebe8-4b2f-949a-13c8401daf58,611,12,83417.75,0.0,0,0.0,0,0.0,121058.75,10088.229166666666,6951.479166666667,-0.4512348990472651,-3522.702815057283,-14109.64,-5275.81,1,0.3143690150443483,0.0165334599935981,0.0316613214658172,0.0298115584375354,0.0138381570931469,0.0204627092217621,0.0,0.0,0.1101640319266471,0.1232907988889691,0.004944458785507,0.005596291057028,0.0051960721550486,0.1698299379433539,0.0167322890745196,0.0,629.03,2422.86,0.0075407212493743,44.0,3820.95,292.01,1.0,1,7441.83,2001.52,5,1,0,1,0,0,1
15a7500d-1185-4a91-a9f7-0bb81452b907,348,12,55607.38,0.0,0,0.0,0,33794.399999999994,71004.8,5917.066666666667,4633.948333333333,-0.2768952610247058,5599.760718390805,-1082.16,11961.68,1,0.0970666771823876,0.0576082180359637,0.0677780938753436,0.0,0.0045541991527333,0.0176941558880526,0.001365259813421,0.0,0.0100063657668213,0.125318429176619,0.1250537991797737,0.022167374600027,0.0183903060074811,0.3265890475010139,0.0166778865654152,0.0,1305.8,733.3199999999999,0.0234824945897469,33.0,4403.98,0.0,0.0,0,4812.570000000001,4090.460000000001,1,1,0,1,0,0,3
16a773f0-2ad7-4600-90c2-f0552b7f0aa7,408,12,146972.19,6501.914666666667,1,13803.09,1,0.0,97274.75,8106.229166666667,12247.6825,0.338141794036001,40655.59855392157,3190.4,71143.6,0,0.1773878627290227,0.0431922981040814,0.0,0.0107414308440782,0.009968876815412,0.0808275528849984,0.0043703016455966,0.0,0.0,0.0216028311560811,0.0220060190337163,0.1075697444609212,0.2464000164482561,0.2168910225932218,0.0016901611158085,0.0,23968.5,0.0,0.1630818728359426,30.0,4298.46,0.0,0.0,0,1044.87,4201.52,3,1,0,0,1,1,0
16c787c7-9510-41fa-a10c-7183c7d12008,494,12,106146.52,4741.250666666666,1,0.0,0,0.0,138853.54,11571.128333333334,8845.543333333333,-0.3081308741916362,-7154.422165991902,-16004.9,-11907.31,1,0.1941573833839598,0.026010499984372,0.0,0.0124617636683947,0.0068720610219948,0.0022816847161404,0.0041650360516555,0.0137011271012607,0.0892158745106534,0.0047820170807312,0.0467943417215002,0.0844444441243629,0.3495572385118881,0.1325027075290986,0.0067809578351405,0.0063219850210516,48537.26,1993.87,0.4572666159945705,27.0,4219.38,0.0,0.0,0,1730.36,3611.65,3,1,1,1,1,1,2
17300c84-efb5-4675-843d-17f886f4e234,492,12,148277.88,6180.827333333333,1,13678.62,1,0.0,98436.85,8203.070833333333,12356.49,0.3361326045395307,40286.00774390244,2807.27,77715.08,0,0.0981786800369983,0.0296601323589692,0.0478160363725576,0.0097994805806971,0.010952910419218,0.0412964250684576,0.0,0.0254289933089082,0.0284667784472989,0.0677393679297946,0.0108218619348343,0.0700310909989501,0.2255142256177437,0.268225263201738,0.0190300685160079,0.0,22198.91,0.0,0.1497115416001361,32.0,4183.49,0.0,0.0,0,5671.49,2919.65,3,1,0,1,1,1,0
174a34b5-e247-49c2-877e-1becd2342e1f,411,12,147079.38999999998,6121.461875,1,14043.29,1,0.0,121731.08,10144.256666666666,12256.615833333331,0.1723444052902312,31975.770705596107,4131.99,52170.56,0,0.1122380578567116,0.0250525174014721,0.0067561217726812,0.0,0.0055979951874246,0.0452145828329133,0.0,0.0189976134278936,0.008230930013929,0.0066825990535859,0.0531218485862443,0.0999074353074005,0.3281722301321897,0.1875729682181411,0.0204489272583468,0.0,39948.76,0.0,0.2716135822972886,38.0,8998.6,0.0,0.0,0,822.43,3049.67,2,1,0,1,1,1,0
174f6f14-1cba-4420-af6a-758e3420b90b,468,12,104706.25,4756.854666666666,1,0.0,0,0.0,135485.71,11290.475833333332,8725.520833333334,-0.2939601026681787,6763.580384615385,-1118.6,3519.51,1,0.0881898910224554,0.0219680732381296,0.0340556948773416,0.0130559156386308,0.0071058416418971,0.0,0.0,0.0,0.0064458458386496,0.0930406608933148,0.0386858510761024,0.0477785443202829,0.3470868625185637,0.1903100334345223,0.007058899421939,0.0,47025.31,573.8000000000001,0.4491165522592968,43.0,18102.39,64.73,2.0,1,6382.95,2976.36,3,1,0,1,1,1,2
17ea9750-b3e1-4ef1-833b-61848da614d2,570,12,102587.19,4488.592666666666,1,0.0,0,0.0,126582.59,10548.549166666666,8548.9325,-0.2339024979629522,4170.537736842105,-65.01,5228.78,1,0.0737929283956032,0.0291877421689665,0.0326842735640027,0.0107958764313481,0.0118346448749389,0.0818128306586237,0.0,0.023701916669583,0.0676563024978395,0.0170309360868662,0.023320821607458,0.0808027391444589,0.3251210138771848,0.2027688799857863,0.003151144245034,0.0,41154.66,594.37,0.401167631163306,62.0,8483.99,34.63,1.0,1,5503.83,3694.66,4,1,0,1,1,1,2
181b5d12-c0c9-4e16-b1c0-72335239013e,471,12,134192.9,6207.082857142857,1,13241.33,1,0.0,139266.71,11605.559166666666,11182.741666666669,-0.0378098245138155,15338.306963906582,4322.33,23562.17,0,0.1362793735846851,0.0182437712501429,0.0108707960430744,0.0,0.0073836022980653,0.0120100489198028,0.0,0.0189697164526971,0.0782932978024683,0.0064319750211662,0.0890869756311469,0.1118779211485645,0.2835154215964461,0.1336776032118515,0.001927955359899,0.0,39484.26,0.0,0.2942350899339682,34.0,12158.77,0.0,0.0,0,1513.94,2540.75,3,1,0,1,1,1,0
18237451-0962-420b-98fa-96a310e0e12c,429,12,140705.91999999998,5712.85625,1,13817.66,1,0.0,116320.24,9693.353333333334,11725.493333333332,0.1733095522917584,28204.577948717942,4567.43,46750.03,0,0.0524883717571421,0.0248501034729639,0.0020193390247475,0.0,0.0073954455389706,0.0855796033433218,0.0,0.022425417966813,0.0173845067719942,0.0013205784307185,0.01064578271159,0.1241913703066637,0.4071010341794342,0.1773368933901787,0.0009711981337039,0.0063585666604539,47354.09,0.0,0.3365465362082846,27.0,6796.72,33.23,1.0,1,234.89,2890.57,3,1,1,1,1,1,0
1867268a-c25c-4d9c-9f78-0af8c72ec1ea,750,12,52524.53,3695.695714285714,1,0.0,0,0.0,102136.4,8511.366666666667,4377.044166666667,-0.9445466718121988,-4009.5634266666666,-14397.16,-9513.77,1,0.2196754536090953,0.0382435644882725,0.1208587731699962,0.0871984914291085,0.0164687613818384,0.1243098444824763,0.0173485652519571,0.0,0.0021557446708519,0.0117594706686352,0.0,0.0,0.0,0.2861799515158161,0.0089615455410607,0.0,0.0,2176.08,0.0,47.0,8519.34,0.0,0.0,0,21250.22,3906.06,5,0,0,1,0,0,4
190f0e8f-8228-4e99-8cf8-38b0c39eb1c6,457,12,102347.51,4964.6033333333335,1,0.0,0,0.0,114051.36,9504.28,8528.959166666666,-0.114354027762864,10771.62783369803,1550.99,13116.79,0,0.1216487905098194,0.0272492147397453,0.0064600720236917,0.0,0.0052877054688343,0.1067986387887001,0.0,0.0198673650187073,0.1418236485737654,0.0089056368990251,0.0022670488102903,0.1096312222844164,0.2141956921863974,0.141300813949084,0.0163945436512111,0.0,24429.31,565.24,0.2386898323173666,25.0,2542.01,0.0,0.0,0,736.78,3107.81,2,1,0,1,1,1,5
195c7b0e-cef6-4988-a922-d2d315e110f9,440,12,113244.64,5278.584666666667,1,0.0,0,0.0,110767.64,9230.636666666667,9437.053333333331,0.0218729999053376,12397.217954545456,446.36,22251.9,0,0.1601565222478334,0.0343282568808002,0.001662128036672,0.0126028684911947,0.0060520383028834,0.0412570855531453,0.0,0.0258276695251429,0.0170592241560802,0.0106972577911743,0.0,0.1193409916470189,0.3623024738994168,0.1547004161143091,0.024321453449762,0.0,40131.39,121.49,0.3543778319221112,37.0,2857.8,0.0,0.0,0,1580.1,3802.46,2,1,0,1,1,1,5
198fd3b8-5d5f-4b38-ad52-02464b769596,468,12,105756.32,5188.361999999999,1,0.0,0,0.0,97161.4,8096.783333333333,8813.026666666667,0.0812709821975651,20014.44237179487,1226.31,29996.83,0,0.1536482594939966,0.0331868416881601,0.0521329457994635,0.0113150901489686,0.0056458634807649,0.0274221038395906,0.0048158013367448,0.0304943115270055,0.0,0.021241974693654,0.0251671960264055,0.1060079414252985,0.2400819667069433,0.1776632489857083,0.0,0.0183114899538294,23326.7,827.09,0.2205702694647469,36.0,5119.92,0.0,0.0,0,6164.700000000001,3224.48,2,1,1,0,1,1,5
19d77c16-d47f-458b-85be-3627bc12f01d,413,12,103110.86,4511.926,1,0.0,0,0.0,132358.05,11029.8375,8592.571666666667,-0.2836480075910528,223.07,-7462.96,2766.0,1,0.0966117285650551,0.029240986853463,0.0141808526190889,0.0,0.0045491755129363,0.0344001743754913,0.0035244550671455,0.0,0.0,0.1307646191523674,0.004885838073317,0.0505036150049052,0.3168726042730306,0.209225808328243,0.0196590233839196,0.0011722747501946,41940.64,740.59,0.4067528871352639,9.0,1735.62,0.0,0.0,0,1876.95,3870.28,2,1,1,0,1,1,2
19e7c66e-4301-48b7-b7a6-ce67853aca15,508,12,130541.32,5534.110000000001,1,13104.81,1,0.0,147244.26,12270.355,10878.443333333336,-0.1279513643649382,12131.850374015748,3129.28,17672.14,0,0.125540377601137,0.025421228644159,0.0023232824152194,0.0,0.0076675994025166,0.0353145854378296,0.0025137822010854,0.0163938478824233,0.0687808135950426,0.1116198349599502,0.0,0.0359545424724875,0.2826502710530108,0.212947452077249,0.0117974038512604,0.0,41618.63,0.0,0.3188157588723631,22.0,4661.22,0.0,0.0,0,342.09000000000003,3743.13,3,1,0,1,1,1,0
1a19d36b-1566-4cf1-9963-061a2746ca61,458,12,93496.64,4515.04,1,0.0,0,0.0,129162.26,10763.521666666666,7791.386666666666,-0.3814641895152595,-4379.688908296943,-15592.92,-12059.01,1,0.1101431641100117,0.0188857797935712,0.052855687102409,0.0,0.0072150332457793,0.0,0.0026574325967972,0.0180292602498593,0.0698198529508542,0.0054961875086422,0.0607821510710636,0.0964319608529612,0.3356574126219223,0.1668766867349642,0.0045015471237496,0.0,43354.27,1483.21,0.4636986954825329,24.0,7850.76,0.0,0.0,0,6826.96,2439.33,3,1,0,1,1,1,2
1a366526-d1ed-4f1f-b484-45b2176b5118,430,12,98148.41,4747.822857142857,1,0.0,0,0.0,84847.98,7070.665,8179.034166666667,0.135513453554673,15233.749209302328,1450.7,26891.26,0,0.1705953400422732,0.0416466013687067,0.0594796717611898,0.0,0.0144500788351119,0.0411341554625107,0.0,0.0,0.0028065488418227,0.0015831844199472,0.0,0.1263952306230507,0.2589934374395241,0.1435213896665542,0.0185541246827561,0.0,21975.07,195.17,0.2238963422840981,25.0,2357.42,0.0,0.0,0,5046.73,3533.63,4,1,0,1,1,1,5
1a70cedc-2311-4795-a969-1d4a2bdc4e75,456,12,139341.46,5850.407333333334,1,14191.32,1,0.0,116111.44,9675.953333333331,11611.788333333332,0.1667129079887636,26375.81697368421,3108.44,42117.57,0,0.1058863794988676,0.0245378060938698,0.0353630960050103,0.0,0.0061171405677166,0.0504678953253873,0.0044250592361958,0.0,0.0068633202723176,0.0013949529865446,0.0021984913803497,0.1216618276373111,0.3746474938214529,0.1500948571475816,0.0126659354151494,0.0126313996278058,43500.86,0.0,0.3121889206557761,12.0,601.02,0.0,0.0,0,4106.06,2849.12,2,1,1,1,1,1,0
1a9b30cd-be4f-426b-940b-5a5e596d03e0,437,12,137794.52,5880.874285714286,1,13635.41,1,0.0,106646.36,8887.196666666667,11482.876666666663,0.2260478863745814,29729.977048054923,3350.72,51667.74,0,0.1016972356112295,0.0332873058208456,0.0196968747925386,0.0143556704607639,0.0101965036593841,0.0492629096764296,0.0027495546964753,0.0,0.0305842599784934,0.0139322148454011,0.0338315344283668,0.118078760494029,0.3366605292482557,0.1700335576385354,0.0107001307873986,0.0,35903.62,0.0,0.2605591281859395,31.0,9359.63,68.93,1.0,1,3631.58,3549.9700000000003,3,1,0,1,1,1,0
1aa382d2-9b3b-42ed-b771-582de7356d61,483,12,82923.18,0.0,0,0.0,0,0.0,75892.76,6324.3966666666665,6910.264999999999,0.0847823250386683,12281.395383022777,366.55,20734.8,0,0.4811179617133439,0.0229940247264692,0.0776403440855227,0.0,0.0132427651860335,0.0165570470753731,0.0,0.01064212185721,0.0126286091057961,0.000334419251586,0.0,0.0209857962735839,0.0747340062477632,0.1254564994078486,0.0,0.0,5671.77,372.55,0.0683978834386235,47.0,2367.32,0.0,0.0,0,5892.34,1745.08,3,1,0,1,0,0,1
1ae8f953-a49a-4585-8f97-c96b83b13216,508,12,135155.44,5370.2143750000005,1,12738.7,1,0.0,153572.48,12797.706666666669,11262.953333333331,-0.13626562127281,10377.162224409449,3012.44,14926.64,0,0.1177979934946678,0.0342046309338756,0.0071807787436915,0.0097033661239305,0.0064193141896256,0.0665700651575074,0.0,0.0202485497401617,0.078013000766804,0.0175725494567776,0.0,0.0721278317573565,0.3055481034101943,0.1828138739440816,0.0077935838504398,0.0,46923.78,0.0,0.3471838055501132,45.0,5014.79,0.0,0.0,0,2592.94,5252.89,3,1,0,1,1,1,0
1b0cdaff-e572-47c4-a49e-0732e409f025,443,12,142791.14,6200.420666666667,1,13952.76,1,0.0,80413.72,6701.143333333333,11899.261666666667,0.4368437705588736,39769.10532731377,4526.27,78356.42,0,0.0665885125075671,0.041912748222567,0.0,0.0143839882049978,0.01239937662379,0.036392670305515,0.0,0.0342599496702801,0.0618947861136134,0.0103947435835576,0.0,0.1221424652410061,0.3699960653480526,0.1765565627358117,0.0024459756369932,0.0,29752.76,0.0,0.2083655890694618,26.0,945.45,0.0,0.0,0,1156.67,3370.36,3,1,0,1,1,1,0
1b37ec07-e6ac-49f1-908a-db076cf796f1,389,12,110417.35,5145.7375,1,0.0,0,0.0,95056.54,7921.378333333333,9201.445833333331,0.1391159088675829,19565.96940874036,911.78,29950.07,0,0.1104522634634081,0.0498596940305212,0.0110001899921878,0.0151673940583151,0.0061013161219627,0.0385850358113181,0.0,0.0,0.008295378729333,0.0338894093978173,0.0077105688887897,0.1085016349217002,0.3531901119060298,0.1286876210726794,0.0056528461902779,0.0,33573.03,553.48,0.3040557484851791,28.0,3877.15,0.0,0.0,0,2487.4,4739.49,2,1,0,1,1,1,5
1b636a8b-68ce-4cda-bef4-281109a3f6c9,362,12,105816.09,4744.903333333333,1,0.0,0,0.0,80231.85,6685.9875,8818.0075,0.2417802434393483,19851.826104972377,594.96,35485.37,0,0.2269547567456066,0.0351113678670004,0.0004329951260004,0.0,0.0071558863468809,0.0114124253647398,0.0041515931640614,0.0282998584726639,0.026702612491174,0.023739450106161,0.0,0.1224523677317673,0.2539292064186479,0.1422933660385495,0.0034695697531591,0.0,20373.21,50.36,0.1925341410743867,4.0,1277.84,0.0,0.0,0,34.74,2817.05,2,1,0,1,1,1,5
1bd63163-bf0b-4366-8e65-f6dd38db4b0d,530,12,139200.31,5933.623333333334,1,13193.33,1,0.0,137417.94,11451.495,11600.025833333331,0.0128043536684652,19960.40596226415,2411.49,32599.63,0,0.1307641491351129,0.0258250123673808,0.0212426412446584,0.0112005026417948,0.0075466856801957,0.0418143366142732,0.0038356709466027,0.0221864772532611,0.0068992447419892,0.0633248468140331,0.0066093262640962,0.1114137644619036,0.2858848706362503,0.2235674614246146,0.0050678972483505,0.0,39285.71,0.0,0.2822242996441603,12.0,2683.92,0.0,0.0,0,4458.27,3548.82,3,1,0,1,1,1,0
1bdea1da-2848-4538-88dc-b3c0f9dcd26a,432,12,124570.15,5702.06,1,13567.92,1,0.0,106686.65,8890.554166666667,10380.845833333336,0.1435616799048569,21260.624675925923,4187.69,37989.61,0,0.1795345528236194,0.0293216630196936,0.0324212073394375,0.0,0.0061130422597391,0.0271783770509243,0.0,0.0310043477792207,0.001431763018147,0.0223906177577044,0.0,0.1524180391829718,0.2787376864865473,0.1652621954105785,0.0030634573304157,0.0,29737.59,0.0,0.2387216359617452,55.0,6728.03,0.0,0.0,0,3458.91,3128.23,2,1,0,1,1,1,0
1c10155c-9210-4c94-be98-f3020f060ec2,321,12,53940.78,0.0,0,0.0,0,30617.04,36661.44,3055.1200000000003,4495.065,0.3203390829721038,17274.22090342679,3078.66,25840.74,0,0.1578126772980003,0.0609135920465753,0.039354973508951,0.0069566279993366,0.008429292466417,0.0320767542136915,0.0,0.0,0.0014906670332643,0.059600495779762,0.0,0.0228970820567877,0.0267703614478863,0.3270695313659256,0.014940220569623,0.0,981.44,102.16,0.0181947684108387,46.0,865.32,0.0,0.0,0,1697.85,2233.18,1,1,0,1,0,0,3
1cd54972-272c-4d71-973d-510af5deac60,453,12,94754.66,4640.576666666667,1,0.0,0,0.0,104829.18,8735.765,7896.221666666667,-0.1063221587202148,8633.040529801325,984.49,11708.81,0,0.0838662479282962,0.0338610871514973,0.0426679861466053,0.0207399313817011,0.0108927685974458,0.0362561263953414,0.0038783094554397,0.0,0.0,0.0194775920216107,0.0417311286800106,0.1034739563926761,0.301456998900497,0.1753293310126054,0.0,0.0,31601.49,422.41,0.3335085577849152,21.0,3240.42,0.0,0.0,0,6647.0,3549.63,3,1,0,0,1,1,5
1d127488-473e-486a-8642-58af6d31e347,711,12,58926.92,4184.021428571428,1,0.0,0,0.0,82360.92,6863.41,4910.576666666667,-0.3976790234412387,8413.586962025316,910.79,12611.3,0,0.1525123808718989,0.0306142767710705,0.061320466065702,0.0985185692437626,0.0174582799706462,0.1087039824227315,0.0214579924556452,0.0097296144822083,0.0139685180787198,0.0688756269356874,7.552125449788563e-05,0.0,0.0,0.3669501263463302,0.0052135163133194,0.0,0.0,635.15,0.0,67.0,7827.32,36.62,1.0,1,13164.49,2521.42,4,0,0,1,0,0,4
1d358e82-180d-4f25-866d-2098cccab098,389,12,103323.57,5183.837333333333,1,0.0,0,0.0,130862.72,10905.226666666667,8610.2975,-0.2665330863035413,338.82709511568123,-10014.3,-5773.55,1,0.060448919294968,0.0207118574334997,0.0120474341355582,0.0,0.0053651643493272,0.0510705417096633,0.0,0.0221185223721469,0.0038660361025661,0.0479585018559907,0.0,0.1317095502829224,0.4279269145559561,0.1370303933771207,0.0054802467807485,0.0,55999.68,990.29,0.5419835958049068,18.0,3447.43,0.0,0.0,0,1576.56,2710.41,2,1,0,1,1,1,2
1e677860-7935-445e-a595-908127c5bbae,565,12,88306.4,0.0,0,0.0,0,0.0,91498.41,7624.8675,7358.866666666666,-0.0361469836840818,19312.06214159292,246.72,29667.47,0,0.2004974731254892,0.0328008978516675,0.034094690825775,0.0417440040761364,0.0193094065787591,0.1176205138428088,0.0,0.0,0.0789863998729595,0.0783687935123681,0.0126192356785216,0.0089529424609673,0.0291908897651882,0.2670483563594165,0.0202942324352958,0.0,2670.92,659.78,0.0302460523812543,54.0,4750.43,0.0,0.0,0,6939.12,3001.23,5,1,0,1,0,0,1
1e76db0a-5d26-4813-9ff5-1f5e363336c0,396,12,145594.96,6347.407333333334,1,14383.76,1,0.0,106453.67,8871.139166666666,12132.913333333332,0.2688368470996523,36657.278383838384,4173.77,62193.87,0,0.1614845218581942,0.030606835818812,0.0100193821406063,0.0181210286127289,0.0063988399836285,0.0028129607931788,0.0064240152547112,0.0,0.0017592629732727,0.0200647849905033,0.0604812403367587,0.052838948624317,0.3965934664347411,0.1841778681749535,0.0274663146888219,0.0,42218.83,0.0,0.2899745293381034,6.0,3873.27,0.0,0.0,0,2995.65,3258.21,2,1,0,1,1,1,0
1ed14e8d-feae-4d4f-9ba3-3335efdd363e,357,12,49477.72,0.0,0,0.0,0,29576.76,43382.73,3615.2275,4123.143333333333,0.1231865575050749,14177.85324929972,352.15,20747.15,0,0.1767751821980774,0.0575927333295991,0.0021146663660862,0.0,0.01329999287735,0.101603103354722,0.0,0.0,0.0121066608763441,0.0682808573826497,0.0506600207040912,0.0177012834369805,0.0,0.2122803244516884,0.0184197721074722,0.0,0.0,787.14,0.0,38.0,3003.09,0.0,0.0,0,91.74,2498.53,2,1,0,1,0,0,3
1f28e9cf-7ec8-4eec-91f2-3e6b7979990f,457,12,133115.38,5816.367142857142,1,13092.59,1,0.0,98345.53,8195.460833333333,11092.948333333334,0.2612008469644905,30852.51076586433,3929.51,59181.77,0,0.1284952147799701,0.0248963018451372,0.0517613764448673,0.0,0.0076361376058474,0.0142466058192985,0.0,0.0185260072318487,0.0937597265478156,0.0434436623606583,0.0143842836578337,0.0697497893396883,0.2595328938691977,0.2007029704349552,0.0141430932346391,0.0093228436513586,25523.9,0.0,0.191742682175418,43.0,10015.04,0.0,0.0,0,5090.5,2448.44,2,1,1,1,1,1,0
1f96102c-6bd9-4a12-9217-40ba57981ba5,451,12,111668.94,4687.21625,1,0.0,0,0.0,103048.05,8587.3375,9305.745,0.0772004283375484,17627.622172949003,1089.52,26065.33,0,0.1208545916201228,0.0224720409556512,0.0,0.0,0.0130034483913087,0.0359777792981041,0.0033453325899907,0.0355874759396223,0.1794642402257975,0.0131165994892673,0.020773998149407,0.109370919682614,0.2192071562732142,0.1444422286496445,0.0201613713214369,0.0,22588.87,228.15,0.2022842699142662,22.0,3103.81,0.0,0.0,0,0.0,2315.7,4,1,0,1,1,1,5
1fed0c3a-613a-47da-a00c-aaf1c8661166,413,12,53166.17,0.0,0,0.0,0,28452.72,63945.37,5328.780833333333,4430.514166666667,-0.202745467653585,7980.130169491526,373.32,8211.91,0,0.1908712077199647,0.02722151736709,0.0214140601579129,0.0,0.0103998147168434,0.1266571762740602,0.0,0.0,0.0,0.0145441335314816,0.1037194717928757,0.0228018072301403,0.0664126269032456,0.2730383763515638,0.0,0.0,4246.78,371.97,0.0798774860028473,56.0,10645.35,0.0,0.0,0,1369.3300000000002,1740.69,2,1,0,0,0,0,3
1ffc64c4-b635-47c6-91aa-8072c423f690,487,12,104823.1,5023.802857142858,1,0.0,0,0.0,124008.42,10334.035,8735.258333333333,-0.1830256880401361,5970.095605749487,-856.31,6215.99,1,0.1566962146602626,0.0452805543365523,0.0249866904198924,0.0198809887264106,0.0058654081714773,0.0548665969617224,0.0029774591112442,0.0,0.0058703271922987,0.052484903847658,0.0,0.1319310414567011,0.2544314329623746,0.1816191997285345,0.0210146214265128,0.0,31551.64,502.94,0.300998921039351,33.0,3573.3300000000004,0.0,0.0,0,5563.97,5615.17,2,1,0,1,1,1,2
2001e88e-9bc4-4c75-8805-e96b7a847581,337,12,105341.54,4657.945625,1,0.0,0,0.0,78311.39,6525.949166666666,8778.461666666666,0.256595356399764,25655.969525222557,1618.36,41527.22,0,0.0809165818663159,0.0367039839287746,0.0227356454789016,0.0,0.0075061877972029,0.0131402341345237,0.0,0.0,0.0106338298937102,0.0327470882588088,0.0228702363730231,0.0996325055652823,0.4075958810078585,0.1399053190091505,0.0029188602066698,0.0,31919.4,136.82,0.3030086706535713,22.0,4492.91,0.0,0.0,0,1780.46,2874.34,2,1,0,1,1,1,5
204ec14b-c7bc-43b9-a261-da99b0605830,454,12,104095.82,5190.865999999999,1,0.0,0,0.0,132702.95,11058.579166666668,8674.651666666667,-0.2748153576195473,-3020.6032599118944,-13423.72,-8803.99,1,0.1284082983837209,0.0500362652073672,0.0081188850737681,0.0,0.0077363766216199,0.006827203163155,0.0,0.0187696656329041,0.120080148934142,0.0548017960414595,0.0028659498526596,0.1188730167641337,0.3133879088595995,0.1096193415444042,0.0015527914036575,0.0,41587.5,1810.11,0.3995117191064924,9.0,539.1899999999999,0.0,0.0,0,1077.4,6639.96,3,1,0,1,1,1,2
20e84d56-b01d-4470-95ea-5a46fdca22ba,457,12,153010.56,6051.681875,1,14275.23,1,0.0,130278.59,10856.549166666666,12750.88,0.1485647134420003,30500.349452954048,4065.09,45423.26,0,0.1129503320537933,0.0320789471240055,0.0432905360735021,0.0,0.0044988205659886,0.0049618283403282,0.0,0.0167537121794149,0.131943399141793,0.0021637477040548,0.0154652426004917,0.0943850405504081,0.3498795158897559,0.1260196322358109,0.0053021758985877,0.0,45581.81,0.0,0.2978997658723685,23.0,2411.21,62.35,1.0,1,5639.83,4179.2,2,1,0,1,1,1,0
21070a5a-cfcf-4ade-b201-04d8845772ea,367,12,53197.14,0.0,0,0.0,0,29106.96,39131.68,3260.9733333333334,4433.095,0.2644025599872474,18941.891880108997,380.62,31140.93,0,0.1371216364848123,0.070983407816889,0.0021276878478,0.0,0.009156264182882,0.2247692917860924,0.004182289132488,0.0,0.0,0.0146285567090398,0.0706016199662268,0.0114357472002224,0.0041429348292738,0.320852056441226,0.0322393518499589,0.0,162.12,637.2,0.0030475322545535,42.0,3221.9,35.04,1.0,1,83.25999999999999,2777.7000000000003,1,1,0,0,0,0,3
212d3380-411b-40b8-906e-48758fdb9eda,703,12,58142.48,4118.947142857143,1,0.0,0,0.0,76877.96,6406.496666666667,4845.206666666666,-0.3222339329178943,9295.67559032717,-1104.92,17747.56,1,0.0622166613161951,0.031479243205725,0.0488290792315508,0.1188778942625428,0.024540713619352,0.1176317633818587,0.0256180054725697,0.0106441430027539,0.0106371188829672,0.0359809235312695,0.0604866466279802,0.0,0.0,0.3539789557371189,0.0036905245664687,0.0,0.0,1271.32,0.0,62.0,4693.799999999999,0.0,0.0,0,12892.97,2420.06,6,0,0,1,0,0,4
21a184b4-f69b-4fb2-8270-f673cbe2fdca,449,12,143827.83,6305.016666666666,1,14633.14,1,0.0,115290.73,9607.560833333331,11985.652499999998,0.1984115313427171,34601.650890868594,4062.8,52822.43,0,0.1397635351948938,0.0371575407667207,0.0,0.0,0.0085216738587742,0.0845735819349916,0.004010990302516,0.0193624413688767,0.0250372254560275,0.0091722899143755,0.0320075169963795,0.0642854807147114,0.2959231848041902,0.1756503753597535,0.0059033367210009,0.0,34117.2,0.0,0.2372086125473769,38.0,5524.21,12.44,1.0,1,0.0,4283.92,3,1,0,1,1,1,0
21a8c4d2-5cc8-4d6b-872a-2fa7ce703f30,438,12,78702.77,0.0,0,0.0,0,0.0,101323.54,8443.628333333332,6558.564166666667,-0.2874202521715562,8840.181141552512,-399.65,20624.12,1,0.2635315544640466,0.0156748372589429,0.0609604638764101,0.0,0.0179047238183742,0.0012844991400813,0.0,0.0,0.0,0.2828258862649291,0.0200138092293261,0.0148032727636638,0.0010349026494731,0.1957770129231568,0.0142273947396626,0.0,104.86,727.5699999999999,0.0013323546299577,33.0,4409.95,0.0,0.0,0,6176.73,1588.23,5,1,0,0,0,0,1
21d9c40e-5cb3-48b9-b200-0035730660da,468,12,102732.3,5006.504285714285,1,0.0,0,0.0,112820.68,9401.723333333332,8561.025,-0.0982006632772749,3958.365876068376,-2295.0,11073.14,1,0.1721065676966315,0.0197536480014125,0.0,0.0,0.0062310384940065,0.0517699414681776,0.0035344583989389,0.033550586647767,0.0044576933945088,0.0307670544088193,0.0199514840718917,0.0517922777987156,0.3541467752188695,0.1848932305673038,0.0017854882633219,0.0092860635124695,39955.08,142.92000000000002,0.3889242234428705,28.0,1850.11,0.0,0.0,0,0.0,2228.62,2,1,1,1,1,1,2
2214a50c-d0c4-4d09-9b58-9e6d808765d7,565,12,94266.47,4396.305625,1,0.0,0,0.0,146639.72,12219.976666666667,7855.539166666666,-0.5555872623638076,-6819.909079646018,-18489.08,-18364.61,1,0.0906656804854783,0.0309405937218101,0.0293651679094859,0.0120611932428676,0.0064197476645481,0.04007140766499,0.0026552151081575,0.0183944704749845,0.0384347433287515,0.0218422402879656,0.0734936618809692,0.0428479405170713,0.2743749783482947,0.2378023498680985,0.0054257468576726,0.0,40234.27,1568.88,0.4268142214299527,34.0,8006.070000000001,51.24,3.0,1,6074.75,4537.12,3,1,0,1,1,1,2
2236ce7e-3903-43f3-9010-dddd1d0541a8,473,12,138722.97,5734.509333333333,1,13656.49,1,0.0,129770.3,10814.191666666668,11560.2475,0.0645363201205971,29474.69845665962,4614.49,51522.74,0,0.0757382082032637,0.0167311780892854,0.0106868829000164,0.0083999959929197,0.0078262129316184,0.0588585369687825,0.0,0.0220244539775279,0.1254248468255063,0.0732607538088453,0.0399471219531741,0.0539727503134384,0.2150946711227453,0.2419655344867046,0.0058474859039394,0.0,27912.9,0.0,0.2012132525709332,24.0,6308.8,0.0,0.0,0,2476.91,2171.21,3,1,0,1,1,1,0
223d2a8a-42bd-4e90-98fb-038c7e8bcf46,508,12,105021.81,5038.072666666668,1,0.0,0,0.0,118742.87,9895.239166666666,8751.8175,-0.1306496241114107,778.2077559055118,-4765.84,2933.47,1,0.1713593414071935,0.0222168286820084,0.0225692708960125,0.0,0.0073939597383826,0.0267659860335193,0.004529619336302,0.0198654453947424,0.0373149141502138,0.0065139068981573,0.0011243622459184,0.1006074722633872,0.2971275664804127,0.1320863307413742,0.0165479409416329,0.0116199818987026,35281.78,560.19,0.3359471713542168,19.0,1261.9299999999998,0.0,0.0,0,2679.94,2638.09,3,1,1,1,1,1,2
22621ee8-7c37-4ee9-96ac-50184946eeb2,501,12,105756.13,4817.516666666666,1,0.0,0,0.0,104110.45,8675.870833333332,8813.010833333334,0.0155610837877672,13113.530998003993,1873.96,26518.14,0,0.0556571410458796,0.047423385452661,0.0093175084729726,0.019353580740454,0.0135852837059104,0.071769548589983,0.0029978738925823,0.0252749844035829,0.0,0.0068977705888313,0.0179769658089077,0.0985502415943836,0.3905906659706111,0.1821066953413418,0.0010547452249029,0.0,40664.57,506.26,0.3845126518907225,35.0,2864.95,36.28,1.0,1,2984.96,4937.27,4,1,0,0,1,1,5
22acc03e-09f8-40c6-b793-748772e3c0f0,432,12,108577.03,4884.278125,1,0.0,0,0.0,122080.93,10173.410833333332,9048.085833333333,-0.124371609722609,13092.475648148147,1310.81,16286.06,0,0.1548792264279114,0.0320408764907017,0.0,0.0169207426581694,0.0056445343265324,0.0262425916971635,0.0,0.0217441004094578,0.0213122557306861,0.0723011366312494,0.0379798056911919,0.1110557562102451,0.2621538023997687,0.1954028364626646,0.0080258235254269,0.0063731493526466,32003.98,748.2,0.2947582927991307,9.0,6582.48,46.53,2.0,1,2065.7,3911.58,2,1,1,1,1,1,5
22e44a49-2a12-4474-8549-b3b2eebea6de,379,12,89801.8,4559.814285714286,1,0.0,0,0.0,98019.61,8168.300833333334,7483.483333333334,-0.0915105265150586,5634.55203166227,-468.27,6278.8,1,0.1832580235730381,0.0313519917085979,0.0002462772500319,0.0,0.0139854667856768,0.0164386493682233,0.0,0.0,0.0,0.0361846981435653,0.0383583448250814,0.1779488818614969,0.279366343122565,0.1251164945463463,0.013169609632195,0.0,27383.38,513.51,0.3049313042722974,27.0,3952.62,0.0,0.0,0,24.14,3073.11,4,1,0,0,1,1,2
238b7d75-22f7-4a91-bc09-f9579b56ae07,370,12,111435.42,5027.922666666666,1,0.0,0,0.0,99226.91,8268.909166666666,9286.285,0.1095568177514832,13499.251594594594,257.16,24077.29,0,0.1537690733289991,0.032023974141692,0.0166282513483489,0.0,0.0067344634635906,0.0677819152082837,0.0,0.0,0.0,0.0308440522838008,0.0,0.0873155276124188,0.3963605235716803,0.1483942208822183,0.0173461009720044,0.0,39329.63,486.33,0.3529365259268552,34.0,4036.22,0.0,0.0,0,1649.97,3177.64,2,1,0,0,1,1,5
23cea5a0-f24e-494d-98e6-e779df74f903,443,12,123363.72,5379.410000000001,1,12470.09,1,0.0,110049.83,9170.819166666666,10280.31,0.1079238693515403,20497.99169300226,4968.45,37114.4,0,0.0607328516545641,0.0445342805163806,0.0089722991848329,0.0,0.0067610281633329,0.0450549537423183,0.0042258129794475,0.0239455163174718,0.0746410966741157,0.0248009469891957,0.0,0.1743636496303538,0.298850257197126,0.1803101376894448,0.0111923843953234,0.0,32888.42,0.0,0.2665971810837092,15.0,2696.04,0.0,0.0,0,987.4,4900.99,2,1,0,1,1,1,0
23d9f5ae-c335-43f4-8c8b-d2af5f451404,531,12,105904.48,4926.0875,1,0.0,0,0.0,140819.26,11734.938333333334,8825.373333333333,-0.3296818038292621,990.9306214689266,-10111.05,-7188.5,1,0.1421010165796923,0.0210894447251036,0.0383933987438934,0.0107581874808886,0.007357871359358,0.0227365205583384,0.0053826443911152,0.0217468121903211,0.0229418901931454,0.0115362770689179,0.0339761762702062,0.1099196232106318,0.2826530973106945,0.1382521112523954,0.0042960032597813,0.0,39803.0,1391.2,0.3758386802900123,30.0,5524.81,74.62,2.0,1,6921.49,2969.8,3,1,0,1,1,1,2
23e0fd7b-5c6f-4263-8dc8-33e1039a7b9d,711,12,49761.75,3527.188571428572,1,0.0,0,0.0,107421.74,8951.811666666666,4146.8125,-1.1587211060704257,-10480.92482419128,-23090.64,-17831.5,1,0.0708290519218921,0.012399445400903,0.0483230861834857,0.0898980038863641,0.0217492287873944,0.1576187464474137,0.0166056703233442,0.0,0.156622020831165,0.0117649369671353,0.0136515197016916,0.0,0.0341549112870448,0.3231715479566799,0.0,0.0,3668.98,3022.47,0.0737309278713067,30.0,2731.96,0.0,0.0,0,14847.95,1331.97,7,0,0,1,0,0,4
24538fa4-5c10-4b4a-85a7-8d87709dd176,399,12,136081.36,5858.1,1,13943.7,1,0.0,95618.51,7968.209166666666,11340.113333333333,0.2973430747605696,34874.41300751879,4238.43,61061.23,0,0.0728844237376215,0.0357487268939873,0.0015125732454939,0.0,0.0066019644104473,0.0550870328349605,0.0,0.035339182758652,0.0009516985780263,0.0233864761122088,0.0,0.0945355663877213,0.4581217590610855,0.1799955887202174,0.0058438475981271,0.0,43804.92,0.0,0.3219024266071415,38.0,2251.88,0.0,0.0,0,144.63,3418.24,2,1,0,1,1,1,0
24895da9-68b5-4df1-b91e-b7ae5ba77d16,306,12,59794.6,0.0,0,0.0,0,33562.8,35344.61,2945.3841666666667,4982.883333333333,0.4088996330772343,18243.36251633987,3434.52,35718.56,0,0.1526509982710235,0.0839429265169427,0.0009427179985859,0.0,0.0071080144893379,0.0608828333372471,0.0,0.0,0.005423174849008,0.024923460748329,0.1052120818421818,0.0071484732749915,0.0176920894020332,0.3029092696170647,0.0,0.0,625.3199999999999,315.38,0.0104578005371722,30.0,3864.33,0.0,0.0,0,33.32,2966.93,1,1,0,1,0,0,3
24d63e1f-3a2c-465a-b713-6d5d8183e03b,414,12,141238.47999999998,6221.044666666667,1,13425.36,1,0.0,113364.77,9447.064166666669,11769.873333333331,0.1973520955478987,29948.34379227053,3852.74,51463.64,0,0.0585491418542109,0.0234370872009002,0.0022814848034358,0.0098356835196684,0.0094053028996574,0.067738063597712,0.003789007819625,0.0,0.0071978269792282,0.0318679251058331,0.0081808484240739,0.1452820836667335,0.3583550692159479,0.1690561362229201,0.0069808283472899,0.0,40624.84,0.0,0.2876329453559682,26.0,5105.27,0.0,0.0,0,1373.66,2656.94,3,1,0,1,1,1,0
24e23d7f-c84a-4870-963f-1f87c73ed8b0,420,12,105306.91,4759.303125,1,0.0,0,0.0,108553.32,9046.11,8775.575833333334,-0.0308280814620805,10624.116119047618,436.4,13166.36,0,0.1421298768199811,0.0366619832539437,0.0144034286560742,0.0,0.0087463008961863,0.0173225471132527,0.0,0.0295753275901649,0.0015306763533349,0.0186138940752802,0.0243803690204961,0.141752642848694,0.3328167208520199,0.1215283880769376,0.0,0.0,36128.36,590.1899999999999,0.3430768218343886,24.0,4237.17,10.97,1.0,1,1563.54,3979.78,3,1,0,1,1,1,5
24e60b68-609f-4ec5-9aa5-1ebae9571e27,459,12,99138.9,4929.785714285715,1,0.0,0,0.0,114856.87,9571.405833333332,8261.574999999999,-0.1585449303956368,862.6397385620916,-2733.05,4029.22,1,0.0867881912505538,0.0262597265622857,0.0112378127664457,0.0,0.0083355919415181,0.0084578310378821,0.0034688390864212,0.037643285943627,0.0117410477927876,0.0121311855355278,0.0351153570526517,0.1228599560479055,0.4222867992136648,0.1496218728579317,0.0055240927251456,0.0,48502.54,357.06,0.4892382304019916,21.0,7438.389999999999,0.0,0.0,0,1290.74,3016.11,3,1,0,1,1,1,2
25050b8b-72e2-43ba-af67-624c03460e30,345,12,58987.22,0.0,0,0.0,0,33707.399999999994,59384.66,4948.721666666667,4915.6016666666665,-0.0067377306474182,15088.630985507249,505.71,22681.38,0,0.2234826300260033,0.0286353411807022,0.0576091536097032,0.0021620061477155,0.0124889154876023,0.0113382816370422,0.0,0.0,0.0136220363979519,0.1571466435944905,0.0655842771517088,0.0246432327809909,0.0134842903874502,0.3357136337902751,0.0038267458296469,0.0,800.76,757.34,0.0135751439040524,52.0,9262.11,0.0,0.0,0,3549.49,1700.5,2,1,0,1,0,0,3
258bf045-e201-4b2c-adc3-7caf08828ec1,425,12,102745.28,5208.924,1,0.0,0,0.0,117158.28,9763.19,8562.106666666667,-0.1402789500403327,7915.095482352941,1864.09,14034.0,0,0.175718096919825,0.0259800673072359,0.0215840485196607,0.0183318669410305,0.0054277000311032,0.0596866905181605,0.0,0.0,0.0,0.0500211338029202,0.037518389652016,0.104644161727195,0.3017843041055229,0.1594821979291604,0.0026284100449409,0.0,35356.53,1179.89,0.3441182894240981,33.0,7395.32,0.0,0.0,0,4676.4800000000005,3043.78,2,1,0,0,1,1,5
25c0bc0b-0814-4266-933f-44228293c428,466,12,127209.43,5279.950666666667,1,13571.67,1,0.0,102469.81,8539.150833333333,10600.785833333332,0.1944794501476816,32692.13493562232,4165.01,60224.62,0,0.1365886205898107,0.0288777738535867,0.0111038558576423,0.0126838334139587,0.0059480933945324,0.1070042971681122,0.0,0.0219070377899597,0.0011334070005594,0.0723237410121088,0.0,0.0495958760926754,0.196803917173263,0.282643639136249,0.0251452598575131,0.0,20166.46,0.0,0.1585295995744969,36.0,7858.37,0.0,0.0,0,2437.52,2959.1,2,1,0,1,1,1,0
2659359b-65cd-4ad8-8929-21385a1e6f63,429,12,107166.09,5247.097142857143,1,0.0,0,0.0,86825.91,7235.4925,8930.5075,0.1898005236544507,19193.45909090909,1394.27,37559.64,0,0.1196246604268242,0.0300461002942554,0.0308475891585818,0.0,0.0112881051289874,0.0,0.0,0.02382491585749,0.0418764398783727,0.0040274844225646,0.0878327678915199,0.1247464034641272,0.2679027493060539,0.1533960312077351,0.014392708351689,0.0036372783193403,23260.9,573.85,0.2170546671992978,37.0,11012.98,47.89,2.0,1,2678.37,2608.78,3,1,1,1,1,1,5
26f98645-e4d0-43e1-9453-2923de45a6c8,490,12,79516.67,0.0,0,0.0,0,0.0,70524.93,5877.077499999999,6626.389166666667,0.1130799365717906,11294.561306122449,-3412.8,26360.55,1,0.4029501340873362,0.0289331729928693,0.0434823543958143,0.0457609812586839,0.0192218553070524,0.0070471533966783,0.0,0.0,0.0105973873352302,0.0024587050281368,0.0923114705679254,0.0404417274855855,0.0097294672961745,0.2153064171775853,0.007228082324931,0.0,686.17,1214.1,0.0086292597514458,15.0,836.69,11.77,1.0,1,6293.88,2040.51,4,1,0,1,0,0,1
2708fe7c-6eba-404f-a371-4401a163fb35,383,12,106131.6,4990.645333333334,1,0.0,0,0.0,103056.48,8588.039999999999,8844.300000000001,0.0289745938061803,13356.43906005222,1693.5,19675.55,0,0.0770331957776939,0.027175777787093,0.0051670695525405,0.0218752862508015,0.0099454202200579,0.058809305344021,0.0,0.0,0.0,0.0235171044072143,0.0,0.1496367816948531,0.3916718288845107,0.1444452595314724,0.0120738647390246,0.0,40364.32,103.4,0.3803232967372582,20.0,1156.49,0.0,0.0,0,2786.89,2800.64,3,1,0,0,1,1,5
279009cd-4a92-446b-886d-e2ade27d3a27,457,12,99763.8,4729.496,1,0.0,0,0.0,123260.63,10271.719166666668,8313.65,-0.2355246091267576,3735.09295404814,-2644.92,5127.86,1,0.1396763102703596,0.0259748794079666,0.0207720826998856,0.0162283772198795,0.0050580627407145,0.0214903169000515,0.0,0.0164608926629695,0.0037213828941163,0.0158349020283281,0.0729826709469195,0.1177105779842274,0.2723442189123973,0.2006910884683941,0.0092505611889213,0.0,33569.32,532.79,0.3364879846196717,19.0,7547.559999999999,31.56,1.0,1,4560.7,3201.68,2,1,0,1,1,1,2
27d41be5-ea21-402d-b3ed-27c910ae6464,415,12,133246.19,5269.502,1,14144.81,1,0.0,102663.33,8555.2775,11103.849166666669,0.2295214594878848,27954.20472289157,6106.73,52168.16,0,0.0667909369392167,0.0272941662811833,0.0129118157379075,0.0,0.0060079874673848,0.0263846886712129,0.0,0.0263461159890293,0.0436241450574416,0.0052055587910503,0.0544526463343824,0.095033056106791,0.3601737835700439,0.1930299747728814,0.0,0.0,36976.64,0.0,0.2775061710957739,6.0,822.5999999999999,38.07,1.0,1,1325.57,2802.11,2,1,0,1,1,1,0
284833dc-eb85-4845-a857-3960a3059ecf,419,12,141054.98,5762.444375,1,13160.96,1,0.0,120569.75,10047.479166666666,11754.581666666669,0.145228690259642,25098.01236276849,4191.54,41637.91,0,0.075422317787007,0.0172538302517837,0.0043284488853962,0.0,0.0082673307359433,0.0596375956655794,0.0,0.0273888765631512,0.1331066872080268,0.0020769720431534,0.0,0.0955283559931077,0.4022782663147265,0.1437445959703822,0.004462396247815,0.0,48502.59,0.0,0.3438559205779193,42.0,5294.31,0.0,0.0,0,521.88,2080.29,3,1,0,1,1,1,0
28510a1b-b7da-4416-95a9-5477174210be,401,12,129253.51,5700.582,1,13438.68,1,0.0,96542.78,8045.231666666667,10771.125833333334,0.2530742105185384,26172.822044887784,3249.24,53736.76,0,0.1714097108038529,0.024656841246958,0.0,0.014449345668314,0.0067609405902751,0.0034952380695894,0.0,0.0268618740831784,0.0031575639317616,0.0044945877879215,0.0465346036233885,0.1396256664662028,0.2732126628216009,0.1883428258436311,0.0105281824285565,0.0042123294978661,26376.71,0.0,0.2040695838743566,29.0,7454.769999999999,0.0,0.0,0,1394.98,2380.44,2,1,1,1,1,1,0
28d911b6-e16f-4599-8742-161ee3396b72,524,12,149902.74,5987.6575,1,13666.61,1,0.0,103577.02,8631.418333333333,12491.895,0.3090385139057497,41712.39341603053,4683.13,63679.45,0,0.0554454067128017,0.0288421118892974,0.0515700297228091,0.0135357244299942,0.0098888730338061,0.0356266283776073,0.0043966316080536,0.0225270045421272,0.0082389896909565,0.0041079575372992,0.0,0.1276070695990288,0.2321913683170262,0.2513831736035657,0.0173587732105055,0.0,24049.69,0.0,0.1604352929105899,21.0,1722.9299999999998,0.0,0.0,0,6743.46,2987.38,3,1,0,1,1,1,0
28e2c845-7a50-4447-b753-f07ab052a969,371,12,91996.16,4510.071333333334,1,0.0,0,0.0,81911.08,6825.923333333333,7666.346666666667,0.1096250104352181,15734.375067385448,1655.35,25443.64,0,0.0711878051174517,0.0421303198541638,0.0178560702654634,0.0277234777028944,0.0094464631646902,0.0338705093376866,0.0,0.0320373019132454,0.0045671476923512,0.0234023284761963,0.0005057923787599,0.1022146210256292,0.378223922819721,0.1497549537864718,0.0072661720490072,0.0019850794300355,30980.73,679.21,0.33676112133376,22.0,3203.78,0.0,0.0,0,3733.47,3450.94,2,1,1,1,1,1,5
2901434f-c530-4f9e-a15f-81a280f8cafd,510,12,138890.49,5492.2837500000005,1,13174.63,1,0.0,110267.02,9188.918333333331,11574.2075,0.2060866082335802,37605.68905882353,4888.27,62227.37,0,0.0995638587131492,0.0251726218773301,0.0174160868771097,0.0130602967233539,0.0090327098710022,0.0263068685451007,0.004197447251227,0.0286204342876047,0.055292960669473,0.1082734438638134,0.0236321794132098,0.0485493305251198,0.2237188417715468,0.2551832814562322,0.0,0.0,24668.81,0.0,0.1776133844729038,29.0,8422.57,0.0,0.0,0,3360.54,2775.71,3,1,0,1,1,1,0
2901ca63-c593-4c33-b289-e4b3c366a318,449,12,96823.03,4462.792,1,0.0,0,0.0,126932.94,10577.745,8068.585833333333,-0.31097880328678,-3905.1334966592426,-15130.65,-8883.66,1,0.1181731865660718,0.0257133412335679,0.010617417354392,0.018559957722558,0.0051291650536101,0.0213655336431977,0.0,0.016683061150242,0.004496783892345,0.0243976071144338,0.0223759096732495,0.125633661364812,0.3430546082049309,0.1628612714713769,0.0096720362736418,0.0043891680126529,43544.93,1217.21,0.4497373197265155,4.0,753.27,0.0,0.0,0,3703.57,3263.87,2,1,1,1,1,1,2
29a1bace-e6c1-4d97-abb0-506163f58aa8,500,12,105141.62,5279.266666666666,1,0.0,0,0.0,123907.68,10325.64,8761.801666666666,-0.1784836490059789,5178.64452,-980.67,9125.0,1,0.1456821724044869,0.0145577739814029,0.0434228935607542,0.0161607416102052,0.0055141860456107,0.0655709960835357,0.0027323568644009,0.0164502313335218,0.0077686064334349,0.0419501034964095,0.0072430538607453,0.0531079268048598,0.3323045028363052,0.1997524285823122,0.0092041106733658,0.0,41175.08,569.34,0.3916154230836466,26.0,6510.66,0.0,0.0,0,7382.87,1803.82,2,1,0,1,1,1,2
29b301cc-012e-403b-95c4-4150a2d37051,348,12,58522.83,0.0,0,0.0,0,33075.48,53495.68,4457.973333333333,4876.9025,0.0859006647491244,13964.765488505744,323.41,24367.93,0,0.1767671707322909,0.0358081250672951,0.0048424470910548,0.0052247209494299,0.0083879670283656,0.1441684636965078,0.0,0.0,0.0033034443155036,0.0127086897484058,0.0728959796379819,0.069823208154378,0.0,0.2600434278057592,0.0393428030076447,0.0,0.0,332.69,0.0,50.0,7930.03,11.54,1.0,1,538.55,1915.58,1,1,0,1,0,0,3
29b85496-f218-4472-bf0b-d24e0efa2a11,383,12,106441.01,5004.413333333333,1,0.0,0,0.0,110467.91,9205.659166666666,8870.084166666666,-0.0378322227494835,10047.86545691906,164.34,14507.49,0,0.15570051067319,0.0492816420623871,0.0069016422959391,0.0,0.0061130875020628,0.0786036415462191,0.0051744438724331,0.0171488715591704,0.00997900657304,0.0138526201862604,0.0,0.1365134001358403,0.3075665141125598,0.1763493126646462,0.0093203537570322,0.0,33976.23,177.57,0.3192024389847484,30.0,5621.49,0.0,0.0,0,762.4100000000001,5444.04,2,1,0,1,1,1,5
29c3065e-dd38-4777-ac1d-863cf19e4d23,375,12,102150.4,5075.382,1,0.0,0,0.0,97488.52,8124.043333333334,8512.533333333333,0.0456374130693564,12561.26192,216.55,20290.46,0,0.1543577643808727,0.0315554077546771,0.0095085041807999,0.0,0.0127036496194628,0.0905520978264928,0.0,0.0,0.0,0.0104892350401872,0.0,0.0983806093271289,0.376158238939313,0.1369682296951477,0.0107895780959645,0.0,36671.11,0.0,0.3589913500093979,9.0,484.56,0.0,0.0,0,926.97,3076.29,4,1,0,0,1,1,5
2a005c6d-f168-434e-b21c-13f31a9ede69,479,12,138974.74,5657.703333333334,1,15413.76,1,0.0,97585.69,8132.140833333334,11581.228333333333,0.2978170709295804,36288.73555323591,4546.92,64974.39,0,0.0795844144771636,0.0355332836197602,0.032812802778768,0.0124363520921971,0.0091673277096262,0.0261962588982052,0.0035664040496101,0.0323895849893565,0.0045823316922798,0.0307167987437502,0.0,0.1400718691439287,0.3017730365999359,0.1992861863250646,0.0022249163786206,0.0211002248382934,29448.73,0.0,0.2118998747542179,35.0,4008.09,0.0,0.0,0,4415.67,3467.54,3,1,1,1,1,1,0
2a6b17c8-01c1-4701-8e41-9062974d57e2,453,12,97687.49,4639.402857142857,1,0.0,0,0.0,126559.18,10546.598333333332,8140.624166666666,-0.2955515593654828,558.5246136865342,-5979.11,1548.1,1,0.1789721614820829,0.0316157231739333,0.0213922056068947,0.0116745383464083,0.0056436838481412,0.060302460872455,0.0,0.0,0.0059508919068533,0.0098664514103204,0.0605639195829176,0.0955627240947673,0.2511249677818709,0.1777779375624905,0.0031917084165684,0.0,31782.17,796.5,0.3253453436054094,65.0,11867.36,0.0,0.0,0,4184.900000000001,4001.26,2,1,0,1,1,1,2
2a819013-1861-4095-b507-ffeaf93fe83c,464,12,128914.77,6062.744285714286,1,13689.23,1,0.0,127426.89,10618.9075,10742.8975,0.011541578982765,14467.63135775862,2967.2,29800.49,0,0.172109591625441,0.0327383019392531,0.007404951968929,0.0,0.0045905538462093,0.0206577277370576,0.0034171751346988,0.018673452675491,0.1303972811390123,0.0075198413772791,0.0781532846010759,0.0704802573459965,0.2199917929410346,0.1787041181025448,0.0070117853460913,0.0,28032.87,0.0,0.2174527402872456,42.0,14237.52,0.0,0.0,0,943.59,4171.74,2,1,0,1,1,1,0
2b6c6c6e-64b5-405e-a66a-e5e18b5e14a0,505,12,121293.97,5342.013125,1,0.0,0,0.0,130485.41,10873.784166666666,10107.830833333332,-0.0757782105738645,10982.898,1270.44,14294.12,0,0.1312587361299627,0.0174399574634436,0.0249908399720704,0.0,0.0074363869493148,0.0397633727786118,0.0032354575120697,0.0239713390179024,0.0904455141766424,0.0392689113671789,0.0,0.0690786042669444,0.3612138705775611,0.1287555443938138,0.0139336650741259,0.0,47133.14,490.05,0.3885860113243882,17.0,3070.6000000000004,0.0,0.0,0,3260.94,2275.66,3,1,0,1,1,1,5
2ba335fd-efe3-4913-b8f1-57080d89c347,429,12,143245.11,6047.844,1,13846.92,1,0.0,119710.57,9975.880833333333,11937.0925,0.1642955909629305,25913.0003030303,2916.14,46174.13,0,0.0564510719479491,0.0201851849840828,0.005162785541828,0.0,0.0083648419684243,0.0668790567115334,0.0,0.0168478021614966,0.0725126444557067,0.0240982061985002,0.0058669840098497,0.1132140628851738,0.404270149244131,0.1613595190466472,0.0071438136164584,0.0094416892342923,48395.41,0.0,0.3378503461653944,40.0,6282.02,79.13999999999999,2.0,1,618.04,2416.38,3,1,1,1,1,1,0
2ba67486-2802-49a6-9b91-9aae93f7cb9f,785,12,53993.24,3814.218571428571,1,0.0,0,0.0,97190.01,8099.1675,4499.4366666666665,-0.8000403383831013,-165.60295541401274,-9213.28,-3823.79,1,0.1234782257970752,0.0082077365770412,0.068502513787168,0.1004425249055947,0.0227880416927624,0.1192638008783001,0.0190174895547392,0.0,0.0019588433008701,0.0741173912833222,0.0,0.0,0.0,0.3994100834026048,0.020067494591265,0.0,0.0,1060.55,0.0,78.0,11047.71,0.0,0.0,0,16419.77,797.71,7,0,0,1,0,0,4
2ba987bf-b44d-4cb2-bc28-cd2d7bfd2b81,515,12,138206.76,5706.08875,1,14411.49,1,0.0,120888.68,10074.056666666664,11517.23,0.1253055928668034,28760.836873786408,3686.16,48414.36,0,0.1559932658707167,0.0285172275849153,0.0071263082697238,0.0160919119970538,0.0055943203284211,0.0773718432528173,0.0066118680425661,0.0324169310145499,0.0060589626754134,0.0317415162445317,0.0,0.0880688746043053,0.2302342121694107,0.2177506611868042,0.0,0.0079445817424758,27832.71,0.0,0.2013845777153013,16.0,2054.98,0.0,0.0,0,2806.82,3447.41,2,1,1,1,1,1,0
2bfc0098-4679-4bf2-a9ec-de559c74df96,451,12,113262.94,5013.024375,1,0.0,0,0.0,130024.14,10835.345,9438.578333333331,-0.1479848571827642,9365.378736141904,1756.92,10755.25,0,0.1519140984128024,0.0295428218175486,0.0002889463448864,0.0200715036454,0.011213071665,0.015515426596938,0.0039807992577378,0.0,0.0,0.0626960501334598,0.0599440227022459,0.0826671108918697,0.323432710264417,0.1789238521400718,0.0096642823401869,0.0,42054.06,245.43,0.3712958537011311,35.0,9175.43,0.0,0.0,0,2647.35,3841.28,4,1,0,0,1,1,5
2c5da59b-a0f2-4ae2-b8b7-7763bdb71d21,500,12,102383.79,5009.3,1,0.0,0,0.0,127845.71,10653.809166666668,8531.9825,-0.2486909304685829,7231.34748,-935.53,6316.62,1,0.1072398127399034,0.0324571704439671,0.0246571433644507,0.0167497212069141,0.0086683393599988,0.075059538564102,0.0033286216643483,0.0144903571656804,0.0830253123080938,0.0616196663931859,0.0,0.0719499308971728,0.2396088222279809,0.1871434716112101,0.0077584926392915,0.0,30632.96,1126.3200000000002,0.2991973631763387,32.0,9113.79,37.55,1.0,1,5293.6900000000005,4149.51,3,1,0,1,1,1,2
2cddb44c-e5df-4ebd-a3e0-bb2826e0e118,798,12,55387.98,3897.511428571429,1,0.0,0,0.0,121824.91,10152.075833333334,4615.665,-1.1994828119747285,-587.7576817042607,-13362.83,-6784.2,1,0.1609751240530364,0.0189314320035204,0.0678410515550555,0.0663739460181009,0.0174998692796079,0.1290659685281113,0.0149486669023601,0.0,0.0,0.1486686918135215,0.0138937923286789,0.0075732458985604,0.0,0.3151330873135879,0.0019124167627129,0.0024711694841391,0.0,1066.41,0.0,45.0,3430.69,0.0,0.0,0,16350.73,2306.32,7,1,1,0,0,0,4
2cf3443c-4417-4f4b-aefa-5e8358d8f380,529,12,83752.52,0.0,0,0.0,0,0.0,77572.09,6464.340833333333,6979.376666666667,0.0737939586773031,12819.526162570888,-2234.45,30747.82,1,0.404346073439558,0.0324237750974609,0.089533748542807,0.0401108182079405,0.0227594744449969,0.0904648824080929,0.0063477727620849,0.0,0.0,0.005411740227703,0.0211222876681548,0.0099627327302899,0.0,0.2203440696260729,0.0057746284778455,0.0,0.0,814.25,0.0,18.0,2739.95,0.0,0.0,0,10056.8,2515.18,5,1,0,0,0,0,1
2d6c454b-a53a-4e4e-b433-523179acdd06,333,12,102237.61,5006.904285714286,1,0.0,0,0.0,89093.21,7424.434166666667,8519.800833333333,0.1285671681879104,12442.48948948949,595.17,23413.25,0,0.0843094552323347,0.0394019925873138,0.0232787661371725,0.0,0.0149469302991776,0.0029728415891626,0.0,0.0,0.0030519721985547,0.0061159542910172,0.0123683948529859,0.1755289768995863,0.4591870693625248,0.1056511489483878,0.005941417982358,0.0027109810051742,40910.45,135.35,0.4001506881860794,4.0,361.6,0.0,0.0,0,2073.98,3510.45,4,1,1,1,1,1,5
2d8b2bb1-08d6-412b-ad5c-9ba712b126fd,713,12,59167.14,4216.475714285714,1,0.0,0,0.0,94941.98,7911.831666666666,4930.595,-0.6046403459758237,-1196.5616690042075,-6864.75,-5659.41,1,0.2363471880405275,0.022701232900346,0.0292284824900428,0.0971717674310141,0.0186498111794171,0.092797832950187,0.0210531737383189,0.0,0.0019037942962638,0.0447837721522133,0.0,0.0007503530050668,0.0,0.2835471727048456,0.0061859885374204,0.0,0.0,851.5,0.0,42.0,6760.17,0.0,0.0,0,12000.69,2155.3,5,1,0,1,0,0,4
2dc6d2e7-9da9-4190-9b99-247b2c9ead09,752,12,56470.46,4012.115714285714,1,0.0,0,0.0,134793.56,11232.796666666669,4705.871666666667,-1.3869747120884088,-12378.29863031915,-27743.17,-20322.98,1,0.1118194370710291,0.0293746229419268,0.0791189133961592,0.0679349963010102,0.0103751247463157,0.0967351852714625,0.0127878512890378,0.0,0.0,0.1045199043633835,0.0,0.0,0.0093603136529668,0.3569143807760548,0.0059068103847097,0.0,1261.71,3345.87,0.0223428319868476,48.0,4968.2,67.71000000000001,2.0,1,19821.92,3959.51,5,0,0,0,0,0,4
2e14860a-c306-4eb5-bc37-0fd6e355dd7b,461,12,128571.14,5378.3933333333325,1,13598.36,1,0.0,117696.67,9808.055833333334,10714.261666666667,0.0845794009448776,20379.96362255965,703.48,34317.11,0,0.1310794094684242,0.0388096791523498,0.0097916109266302,0.0,0.0054616668424008,0.0410621642906294,0.0042800701158325,0.022677616962315,0.0075409100359423,0.002183324303058,0.0357924315105941,0.1057660339922956,0.3259115997079611,0.1640147507996615,0.0114694833762076,0.0030166528925584,38358.71,0.0,0.298346191843675,19.0,8497.45,0.0,0.0,0,1152.44,4567.77,2,1,1,1,1,1,0
2e85f8ba-452e-4dff-bbfc-f3cdce456263,571,12,81047.18,0.0,0,0.0,0,0.0,94032.42,7836.035,6753.931666666666,-0.1602182827335881,210.8041856392294,-6177.86,7542.22,1,0.3837672156050009,0.0476317635981292,0.0888474421906827,0.0309784646614433,0.0128908731690623,0.0212247010126932,0.0,0.0,0.0016175272315654,0.0352895309936721,0.0435015923231583,0.0235140178249161,0.010781813336294,0.1691986657367746,0.0138194890655797,0.0,1013.84,1333.46,0.0125092569537891,39.0,4645.92,0.0,0.0,0,11267.52,4478.93,3,1,0,1,0,0,1
2e8bbd44-d850-4dc7-b42d-75b13c891f7f,437,12,90558.65,4390.365333333333,1,0.0,0,0.0,105684.22,8807.018333333333,7546.554166666666,-0.1670251268100839,5763.934874141876,-1002.6,4985.38,1,0.0838331398954356,0.041432675568784,0.0028815087058408,0.0,0.0060058161946977,0.0143720604646559,0.0032560206244603,0.023919275744288,0.0645225938176957,0.0116900138923294,0.0808131053055981,0.1421325719203869,0.2785931523173469,0.1558884571414729,0.0064954824854647,0.0,29442.9,415.41,0.3251252089115728,14.0,10738.74,0.0,0.0,0,304.53000000000003,4378.78,2,1,0,1,1,1,2
2ead5fe6-68d0-4611-a6a2-098eb7b14723,424,12,122856.35,5481.524285714286,1,14754.9,1,0.0,115888.33,9657.360833333334,10238.029166666667,0.0567168078817253,16072.868514150943,1326.99,29555.47,0,0.0797501353242384,0.0172218376086703,0.0107719215558633,0.0111557393225012,0.0090229965346812,0.0826982319962674,0.0,0.0194650315523573,0.0122171921883765,0.0242531754491586,0.0,0.0732153962353241,0.3846471857865239,0.1785891642411276,0.0,0.0,44576.12,0.0,0.3628312252480234,33.0,6754.17,0.0,0.0,0,2541.16,1995.81,3,1,0,1,1,1,0
2f170340-4620-4a99-b052-33ace599ba9f,421,12,99912.39,4589.808,1,0.0,0,0.0,102525.48,8543.789999999999,8326.0325,-0.026153813355881,4640.39242280285,1188.96,11638.68,0,0.0690100646200339,0.0408584285584422,0.0017382020547477,0.0,0.0088143942364376,0.0214555445143977,0.0035786226019132,0.028361340029815,0.0229421993440069,0.0029106910789395,0.0100608161015193,0.1472808515502682,0.446447946403177,0.1044263338245283,0.0047725697065744,0.0,45772.29,280.35,0.4581242626665222,34.0,3147.33,0.0,0.0,0,178.21,4189.03,3,1,0,1,1,1,5
2f7eeec6-c68e-4f2f-b5ad-d2313d860ff4,595,12,76600.81,0.0,0,0.0,0,0.0,121229.16,10102.43,6383.400833333333,-0.5826093744961706,99.00875630252104,-12047.73,2751.33,1,0.2800066419663388,0.0167868852675379,0.0664651144988549,0.0328907665449467,0.0094411278606566,0.0181331785190955,0.0,0.0128458367607265,0.019190514889322,0.2238944821526438,0.0321119110286667,0.0,0.0059047674668371,0.2474191027967199,0.0065494968372295,0.0,715.8299999999999,3374.3900000000003,0.0093449403472365,52.0,5850.51,0.0,0.0,0,12044.83,2035.06,4,0,0,1,0,0,1
2f820cfb-12fb-4849-b6a7-60e8cd491c77,385,12,148760.98,5882.7993750000005,1,14288.44,1,0.0,86737.24,7228.103333333333,12396.748333333337,0.4169355431780565,50594.61602597403,4227.65,83629.68,0,0.0678677347815079,0.0498794981256032,0.0084140330035864,0.0,0.0071520606373917,0.0180596016197886,0.0030433294856972,0.0389106224731153,0.0536627635373226,0.0036526410109429,0.0370491382940015,0.1673426546659773,0.3018002417416094,0.168491411532117,0.0054871471584754,0.0,26177.32,0.0,0.1759689940198027,19.0,890.87,44.23,2.0,1,729.81,4326.41,2,1,0,1,1,1,0
2fad9515-3c09-4400-8269-d83fd4e2c063,512,12,101877.49,4766.32125,1,0.0,0,0.0,156377.82,13031.485,8489.790833333333,-0.534959489088316,-7576.06728515625,-18197.47,-13222.46,1,0.1058444861298104,0.0179301003172956,0.0233854775568555,0.0127236074783495,0.0064191328412175,0.031659029394322,0.0,0.0154817351974851,0.0979887045362315,0.0914605408874481,0.0277275895008639,0.1030248407350863,0.1967433105283089,0.2048019341873418,0.0036484713752883,0.0,30766.29,2089.2,0.301993011410077,22.0,3355.34,0.0,0.0,0,5646.66,2803.87,3,1,0,1,1,1,2
2fca1214-b3c3-4d2f-a793-981bd38dbf19,780,12,57111.45,4044.69,1,0.0,0,0.0,92449.31,7704.109166666666,4759.287499999999,-0.6187526319153165,-1880.710282051282,-6516.06,-2716.35,1,0.1529128773378622,0.0343063674569339,0.0907209583284072,0.0937860974841239,0.0258211770320405,0.0903448603348148,0.0213347184527391,0.0,0.0074623596433548,0.0157396523565184,0.0,0.004303763868005,0.026317448989073,0.3197034136869167,0.0210296864303259,0.0,2433.03,972.57,0.042601439816359,46.0,9301.1,70.23,1.0,1,17057.55,3171.6,7,1,0,1,0,0,4
2ffec025-f897-49de-9ae8-905db16c9274,467,12,94099.49,4902.021428571429,1,0.0,0,0.0,130384.52,10865.376666666669,7841.624166666667,-0.3856028337666867,-2402.8885867237686,-15507.29,-10100.42,1,0.0396227251517281,0.0266453410266801,0.0,0.0163313865787134,0.0108263619024712,0.0204090945765647,0.0036216722660021,0.0208424282269091,0.0676349462344149,0.058081281428194,0.0,0.1141357118160959,0.3348420502679306,0.1936933157402428,0.0069217572760938,0.0,43658.22,1118.41,0.4639580937154919,19.0,2400.66,0.0,0.0,0,2129.36,3474.14,4,1,0,1,1,1,2
3003666d-f877-4bf9-96c6-a8144a090d25,278,12,53185.79,0.0,0,0.0,0,32714.88,32259.92,2688.3266666666664,4432.149166666667,0.3934485132212947,17024.651474820144,3307.85,28900.16,0,0.195238549878611,0.0763823964845542,0.014774990142567,0.0,0.0091841517275926,0.0443407795183621,0.0,0.0,0.0,0.0662249007437092,0.0,0.0225626721950953,0.1014261659669335,0.2668500107873795,0.0,0.0,3272.0,155.53,0.0615201917655072,25.0,913.36,0.0,0.0,0,476.64,2464.09,1,1,0,0,0,0,3
30c51f54-1e99-4a5f-a819-eecee0438f3d,481,12,144798.24,6248.114,1,14226.9,1,0.0,115370.72,9614.226666666667,12066.52,0.2032311994952424,27746.481122661124,3403.48,51713.17,0,0.0533130936514914,0.0239813013215138,0.0235277200315643,0.0112911664242019,0.0054176657647624,0.0531390460248492,0.0,0.0273891850549255,0.0511456459663248,0.0046608012847627,0.0095637784006201,0.1366562503900469,0.3718091557372615,0.1865453383666149,0.0039498756703607,0.0063351429201447,42895.89,0.0,0.2962459350334645,11.0,1643.62,0.0,0.0,0,4017.08,2766.74,2,1,1,1,1,1,0
30de93f0-79e1-4a75-bd34-777eb405e623,440,12,128884.37,5567.997333333334,1,12932.85,1,0.0,113386.85,9448.904166666667,10740.364166666668,0.120243595092252,21823.791159090903,3337.3,33905.55,0,0.0643322395851018,0.0267492218012935,0.001967247524735,0.0,0.0055799239506168,0.0399359361336874,0.0051977808714149,0.0268659901919843,0.1621290299536498,0.0097616257969949,0.0331755401971216,0.1124003356650264,0.2378106455907364,0.1629005479912353,0.0051033254738093,0.0026214680097383,26964.6,0.0,0.2092154386136968,15.0,4963.95,0.0,0.0,0,223.06,3033.01,2,1,1,1,1,1,0
31b53133-e0c2-4132-a675-e3f7a7813ede,404,12,146978.34,6279.985,1,13105.53,1,0.0,69621.35,5801.779166666667,12248.195,0.526315578200162,50158.82886138614,4083.65,90875.91,0,0.1344396510553156,0.0448855128491475,0.0251850904930743,0.0,0.013392874455896,0.0,0.0,0.0518264871336163,0.0076199326786969,0.0082094070281601,0.0029228103160883,0.1317052886794065,0.2976937390613655,0.1875355763713286,0.0009021657867881,0.0,20725.84,0.0,0.1410128866607147,10.0,2478.57,71.74,1.0,1,1753.42,3124.99,3,1,0,1,1,1,0
31e6909d-6596-4dbe-8ac0-32e4fde73fa9,348,12,60462.2,0.0,0,0.0,0,33805.32,31791.84,2649.32,5038.516666666667,0.4741865165342975,21293.377471264368,229.24,38272.06,0,0.1724832535644367,0.0522303836456147,0.0183537662494526,0.0130574386383424,0.0184254827653888,0.0094646928268385,0.0031586721624165,0.0030750028938243,0.0407104464541844,0.0634980548467783,0.0481887805172648,0.0,0.0,0.3198852284108124,0.0401703707618055,0.0,0.0,126.19,0.0,21.0,1321.06,37.37,1.0,1,998.62,1660.5,2,0,0,1,0,0,3
31e94f2f-1463-49f9-a41a-b3f220ed976a,455,12,88928.77,0.0,0,0.0,0,0.0,57891.78,4824.315,7410.730833333334,0.3490095500027719,18722.40312087912,-952.42,43456.78,1,0.5191807887060995,0.0293276523886465,0.0493975137748398,0.0768473520765815,0.023367393436512,0.0352666648011168,0.0,0.0,0.0008422611983946,0.0044766286336333,0.0,0.0160262821423006,0.0,0.1419583229259836,0.0,0.0,0.0,623.25,0.0,25.0,6074.570000000001,0.0,0.0,0,7308.54,1697.83,4,1,0,1,0,0,1
3202c98e-90a5-4285-8c22-51a471f3b868,443,12,113295.36,5528.64625,1,0.0,0,0.0,95488.39,7957.365833333333,9441.28,0.1571729857250994,22648.920428893904,871.47,36789.22,0,0.0802771939080761,0.0227529231564172,0.0529274815503748,0.0,0.0151233045190101,0.0,0.0053304909633516,0.0208939537047383,0.0642713737240726,0.0089145916063722,0.0534342447285999,0.1282900465700594,0.3085916518228028,0.1641196379999704,0.0,0.0,29466.92,385.69,0.2600893805359725,25.0,3166.09,11.9,1.0,1,5053.96,2172.64,4,1,0,1,1,1,5
326b76e1-58fb-4caf-927f-989a87f43220,696,12,52947.7,3772.302857142857,1,0.0,0,0.0,94439.13,7869.927500000001,4412.308333333333,-0.7836304504256089,-857.8110344827586,-5836.48,-5092.74,1,0.2227132969141074,0.023733276661909,0.0648254595314463,0.0773258923499189,0.0142705677191223,0.1472300729581053,0.0186633443150101,0.0,0.0134438976725007,0.0018714700146009,0.0104375167369712,0.002265374532781,0.0,0.2789264365311285,0.0447472356003279,0.0,0.0,1932.79,0.0,61.0,3475.52,0.0,0.0,0,13424.65,2241.35,4,1,0,1,0,0,4
32f9a871-7ecd-4399-a664-e374a1e8953d,382,12,56429.14,0.0,0,0.0,0,32572.08,103702.41,8641.8675,4702.428333333333,-0.8377457108153696,-3202.5590052356024,-11438.79,-6241.73,1,0.1335100119659707,0.0221074900766529,0.0145133560541167,0.0,0.0030134304496877,0.0537451347562703,0.0,0.0,0.0,0.2709306370025537,0.0236047551836066,0.00176341128427,0.0131824323079859,0.2476309856251171,0.0,0.0,1367.05,279.26,0.024225958432115,31.0,2953.9700000000003,0.0,0.0,0,1505.07,2292.6,1,1,0,0,0,0,3
32ff43a3-91d5-427c-a2b4-47f9e85831bf,466,12,93140.42,4623.076,1,0.0,0,0.0,143515.9,11959.658333333333,7761.701666666667,-0.5408551947693601,-1509.777210300429,-17345.2,-15085.62,1,0.0713269400812035,0.0198230300614775,0.0368177323906271,0.0,0.0090988524616436,0.0048415541413878,0.0025686352522612,0.0248755712781649,0.1231968025842432,0.0021192076975443,0.1307770776617782,0.0614911657872054,0.2179063086389731,0.212014835986814,0.0096872193255242,0.0,31273.02,831.8499999999999,0.3357620676393772,31.0,20556.12,0.0,0.0,0,5283.93,2844.92,4,1,0,1,1,1,2
3320d68b-17a1-480d-a74e-cc7bbcc83447,541,12,105969.94,4839.080666666667,1,0.0,0,0.0,109422.07,9118.505833333333,8830.828333333333,-0.0325765023552904,14279.912402957489,1506.19,24016.02,0,0.10408713708304,0.0141294164879169,0.0536811266685048,0.0,0.0086201074426758,0.0742795306285103,0.0029855951363376,0.0287415509503704,0.0337775551129676,0.0409665984202273,0.0,0.052909253133303,0.2957148407080948,0.2285584617435953,0.0049037639298909,0.0020997592167649,32357.73,466.38,0.3053481959129164,35.0,3883.31,0.0,0.0,0,5873.9,1546.07,3,1,1,1,1,1,5
33efc31b-4191-4790-8c1c-45dde3e6dd2d,526,12,97576.05,4424.114285714286,1,0.0,0,0.0,114678.99,9556.5825,8131.337500000001,-0.1752780523499363,2695.243783269962,-871.55,3754.34,1,0.1285915580526127,0.0240817433079939,0.0353839879475743,0.0205300029238136,0.0089488929053177,0.0028339105532757,0.0,0.0315003646265109,0.0221178264649871,0.0179647553575419,0.0157310419284299,0.1297028339715932,0.3339616960351673,0.1416329181134225,0.0188443410602064,0.0069431200954943,38298.39,989.77,0.3924978516756929,19.0,4148.48,0.0,0.0,0,6412.16,2761.67,3,1,1,1,1,1,2
340b6c5e-409c-4885-9fd9-96f0996cd056,298,12,54690.46,0.0,0,0.0,0,30251.64,37586.98,3132.248333333333,4557.538333333333,0.3127324217057235,19835.917046979863,2753.49,35384.39,0,0.1735018349439087,0.0765754524572072,0.0,0.0,0.0173379186090502,0.0066706609575975,0.0032234566331213,0.0,0.0,0.2633813623760142,0.0,0.0,0.0,0.2457694127062083,0.0,0.0,0.0,895.49,0.0,11.0,1932.6,0.0,0.0,0,0.0,2878.24,2,0,0,0,0,0,3
3424cd5a-19aa-40c6-a0a2-849e9d6c30ed,430,12,137368.74,5357.574375,1,13729.02,1,0.0,99593.32,8299.443333333335,11447.395,0.2749928404380792,37150.68746511628,2841.69,62046.06,0,0.0576565777704769,0.0391196919632762,0.0082855958612485,0.0,0.0118255923188422,0.0574418043298486,0.0,0.024637897401151,0.0560661096547439,0.0589136901952861,0.0128265630666795,0.0923819991139968,0.3132111671746659,0.213465923216537,0.0023043714176814,0.0,31193.74,0.0,0.2270803386563784,30.0,4551.58,0.0,0.0,0,825.19,3896.06,3,1,0,1,1,1,0
3495d7e5-fbe7-4322-a124-3bf0373a0e2d,482,12,143440.57,6113.725333333334,1,14087.85,1,0.0,124348.09,10362.340833333334,11953.380833333336,0.1331037655525212,31408.137240663906,4313.38,50767.79,0,0.067241081065258,0.0377865876347598,0.0140462953632822,0.0,0.0059426727020897,0.0836911125856456,0.0,0.0236407330422204,0.0226165918591914,0.0219808764252028,0.0340351025898347,0.0593603005884529,0.3287932287500354,0.2210208455956179,0.0093655640388203,0.0,40884.81,0.0,0.2850296119152343,40.0,7034.73,0.0,0.0,0,1746.63,4698.69,2,1,0,1,1,1,0
349a412e-a577-4115-a7aa-311c35177488,508,12,129378.49,5775.714285714285,1,13252.43,1,0.0,120858.45,10071.5375,10781.540833333334,0.0658536051858389,17315.95051181102,3843.46,28605.53,0,0.1459432087702597,0.0217109353959114,0.0142866303514565,0.0096804981364563,0.0056650569323038,0.0330807651430247,0.007144970004166,0.0146759287414326,0.0775203554240518,0.0096233238139327,0.0174945152779966,0.1426153487819841,0.3031107878679562,0.1328563290361575,0.0033279427296974,0.0,36633.5,0.0,0.2831498497161313,20.0,2296.62,0.0,0.0,0,2896.63,2623.95,2,1,0,1,1,1,0
3564b71a-a9ab-4530-850e-d5412fcdc69f,405,12,106375.72,4770.550666666667,1,0.0,0,0.0,118795.43,9899.619166666664,8864.643333333333,-0.1167532403070925,6686.655654320988,-796.32,9384.72,1,0.0506305671859599,0.0371006696133007,0.0161000301105859,0.0191031759386703,0.0050243515259804,0.0005618903016723,0.0,0.0,0.0061506574789956,0.0380206544982412,0.0370489841233791,0.1338325893512907,0.3487189700815932,0.1585846357894407,0.0228145981709902,0.0,41426.22,517.14,0.3894330397951713,16.0,4362.36,0.0,0.0,0,4181.98,4407.39,2,1,0,1,1,1,2
357fe13f-d793-456b-bf39-c7c11ef0f879,464,12,100120.37,5015.041333333333,1,0.0,0,0.0,157363.71,13113.6425,8343.364166666666,-0.5717451903144185,13945.29661637931,-4506.31,12021.77,1,0.0782063412206029,0.0173024644627404,0.0,0.0118794860644808,0.0041444116944116,0.0459804233136089,0.0,0.0147366886558533,0.0110547088652142,0.2047932143948563,0.0262347017619246,0.0528551976818543,0.2227580933367674,0.2722107911665276,0.0065456006343521,0.0,35054.04,735.41,0.3501189618056745,26.0,8398.4,0.0,0.0,0,1869.4,2722.78,2,1,0,1,1,1,2
358047ea-6083-43b2-9e48-03e43d57052a,374,12,92467.4,4563.167142857144,1,0.0,0,0.0,81574.27,6797.855833333334,7705.616666666668,0.1178050859005444,14604.83703208556,955.84,30825.77,0,0.0960664434998928,0.0533962485965243,0.0465021629982101,0.0,0.0079423327968488,0.0186019439708133,0.0,0.0,0.0013469933595482,0.0054806497195745,0.0673191436466425,0.0977711476915453,0.2908220937803059,0.1480868906335294,0.0071158467001911,0.0,23723.6,799.6099999999999,0.2565617720407408,33.0,1517.44,0.0,0.0,0,3793.38,4355.76,2,1,0,1,1,1,5
3651e65c-646f-41bc-b4c1-f39aa31f5260,733,12,55902.03999999999,3955.815714285714,1,0.0,0,0.0,93401.88,7783.490000000001,4658.503333333333,-0.6708134443751966,4443.354201909959,-2910.02,4220.35,1,0.1471408284287211,0.020468752877351,0.0664103334964991,0.0909944210973055,0.024337839880739,0.1029725525867359,0.0190814146353371,0.0,0.0051306247797153,0.0705307002385819,0.0272255761875456,0.0,0.0,0.3403227001426523,0.0165954903691446,0.0108629505102038,0.0,598.03,0.0,60.0,5701.5,0.0,0.0,0,14701.9,1911.82,7,0,1,1,0,0,4
36a21505-d6d4-42d3-b319-d51a133c7269,487,12,89415.29,0.0,0,0.0,0,0.0,55374.29,4614.524166666667,7451.274166666666,0.380706700162802,21359.43628336756,-2072.31,48373.52,1,0.4773402963721972,0.0262154151321849,0.0789750983714644,0.0,0.0217873673865615,0.0637236161402701,0.0,0.0,0.0,0.0155019594833631,0.017592460327708,0.0202328553557977,0.0075363494502593,0.1694862363020817,0.0308668517465415,0.0,417.32,726.1700000000001,0.0046672107197773,65.0,6522.26,33.69,1.0,1,4373.19,1451.66,4,1,0,0,0,0,1
36d28d29-9e52-47fb-91c0-683b7b1a7b54,420,12,109231.74,4918.052666666667,1,0.0,0,0.0,105126.72,8760.56,9102.645,0.0375808350210296,13251.77792857143,1706.57,25732.7,0,0.1141476686421872,0.0359237879770242,0.0228340615972799,0.0,0.0102560985446896,0.0142751528821597,0.0,0.0221743815463851,0.1195423960720927,0.0471316902115846,0.0104758333561629,0.10136224168318,0.3057664121928278,0.1533046022933084,0.0044373114656292,0.0,32144.22,485.05,0.294275455101237,22.0,5329.37,0.0,0.0,0,2400.47,3776.55,3,1,0,1,1,1,5
36d74064-cc59-4ad2-9304-aeae46e660e4,449,12,113421.15,5337.184375,1,0.0,0,0.0,82755.56,6896.296666666666,9451.7625,0.2703692388941568,25170.777995545657,-1004.24,45732.57,1,0.1058386892675247,0.0512009102469973,0.0041540411302878,0.0181471794765209,0.0122869085775022,0.0529907597749323,0.0060734287823078,0.0296775225737098,0.0141799535886168,0.0009902657899964,0.0025756577564093,0.0796902347105137,0.388814117142099,0.1222757721656406,0.0035833241899396,0.0008575858830512,32176.53,708.2800000000001,0.2836907402190861,19.0,2273.59,10.63,1.0,1,1845.55,4237.16,3,1,1,1,1,1,5
36fd9eac-bff8-46a3-b913-a2b848a8514b,380,12,147789.16,6033.46375,1,14695.62,1,0.0,103373.12,8614.426666666666,12315.763333333334,0.3005365210817898,33755.65307894737,3841.45,56467.35,0,0.1645978180788197,0.0239033125826133,0.0006016070715481,0.0,0.0066793959590268,0.0,0.0057557515919031,0.0,0.0,0.022095782733461,0.0177156305236796,0.0991946455713051,0.3851626031989747,0.135209133670339,0.0093261188208307,0.0,39815.46,0.0,0.269407174382749,6.0,871.14,0.0,0.0,0,62.19,2470.96,2,1,0,0,1,1,0
370f8ed8-c33c-421c-9b39-0af240d6d1fe,411,12,140789.46,6021.302857142857,1,14294.96,1,0.0,82567.09,6880.590833333333,11732.455,0.4135421074844665,40521.80160583942,4891.8,78394.7,0,0.0852414684833872,0.0543723897741824,0.0057301280691859,0.0,0.0110919495891159,0.0441049817790599,0.0060366666670703,0.0207299300484006,0.1510580062831329,0.0115483057474836,0.0183540439659433,0.0653400767787747,0.2871199651095855,0.1679083034172574,0.0058152709511743,0.0,23706.66,0.0,0.1683837696373009,11.0,1449.91,0.0,0.0,0,473.12,4489.37,3,1,0,1,1,1,0
3795683a-2d08-4655-9be7-9bc0e2e11bbf,464,12,153615.47,6251.7425,1,14140.16,1,0.0,111894.55,9324.545833333334,12801.289166666667,0.271593219094405,37530.1605387931,4446.09,65415.15,0,0.0575852890064797,0.0206862621995441,0.0193845902235631,0.0166539835943752,0.008553767810854,0.020062103114048,0.0045759154489651,0.027043050800955,0.0031893421082617,0.0219911514903987,0.0242856332144863,0.1067392469070209,0.3595267151081085,0.2007721555696859,0.0111647082007121,0.0,40229.08,0.0,0.2618816972014602,13.0,2797.9100000000003,0.0,0.0,0,4032.52,2314.68,3,1,0,1,1,1,0
3799fb14-fe83-436b-bc91-dbc73d7000a9,330,12,51453.82,0.0,0,0.0,0,28971.0,59313.62,4942.801666666667,4287.818333333334,-0.1527544504956095,8753.813242424243,1465.66,7460.81,0,0.3682857326866915,0.0405572952721482,0.0020364631260071,0.0,0.0051650868721214,0.0117308638386933,0.0,0.0,0.0,0.0409836728899703,0.1223836953468697,0.0,0.0280847805276427,0.2409106036691067,0.0096042022051596,0.0,1665.81,234.11,0.0323748557444325,31.0,5405.7,0.0,0.0,0,120.79,2405.6,1,0,0,0,0,0,3
37e7843c-6ea3-49dc-9a88-d8570500448c,501,12,104835.44,5263.777333333333,1,0.0,0,0.0,162420.36000000002,13535.03,8736.286666666667,-0.5492886756615893,-7678.519341317365,-23975.41,-19297.27,1,0.0538305049933395,0.0467510969683849,0.0326235577854894,0.0,0.0054613227060942,0.0192582998830934,0.0,0.0126556178055509,0.0303358519830888,0.0415151154695137,0.0772493670128547,0.0940837097024042,0.3111597585425866,0.1908014487838839,0.0013665774413995,0.0014831268690698,50538.68,2843.76,0.4820762902316239,47.0,12690.5,32.79,1.0,1,5298.73,7593.33,3,1,1,1,1,1,2
37eef24b-f82d-414b-bac3-19f636b0ea14,729,12,59161.23,4195.935714285714,1,0.0,0,0.0,102132.2,8511.016666666666,4930.1025,-0.7263366566246172,-1071.1953635116597,-12780.09,-9033.65,1,0.1812155226265565,0.0177234995427494,0.0716885565962546,0.0948148576061222,0.0172840690790955,0.108227865452815,0.0190581422900906,0.0,0.0018285124573836,0.0018553404313233,0.0095151186403504,0.0074018771748772,0.0358704698420282,0.3301438723536749,0.0257837391145985,0.0,3663.53,750.95,0.0619245069786412,25.0,2011.55,0.0,0.0,0,17005.36,1810.14,5,1,0,1,0,0,4
37fd7afa-c4c5-495f-ad6a-420af2534d07,525,12,76308.15,0.0,0,0.0,0,0.0,91299.78,7608.315,6359.0125,-0.1964617147709649,6959.827371428572,-4324.25,8262.38,1,0.245330711640269,0.026196120078274,0.0875609995993418,0.0279895526582868,0.0116105427636298,0.0397361307990008,0.0,0.0009786441982664,0.0728904275563424,0.0246171458463536,0.0364696388096444,0.0,0.0299042341613528,0.2006107791278358,0.0048324322358717,0.0,2730.25,836.88,0.0357792712836047,26.0,2313.9,0.0,0.0,0,10549.74,2391.7,3,0,0,1,0,0,1
3852707f-696d-4c85-b95a-6d5559841031,420,12,97570.74,4525.397333333333,1,0.0,0,0.0,117557.48,9796.456666666669,8130.894999999999,-0.2048435832299725,-457.9501428571429,-8999.64,-3279.46,1,0.1044558797959942,0.0416328250656614,0.0067129713906762,0.0,0.0058334016686985,0.0161253031283079,0.0,0.0215392504160517,0.0946414468904913,0.0013287967724384,0.026024970933368,0.107285984694466,0.3300848231860703,0.1127882292134877,0.0050512311083905,0.0,38803.94,1153.88,0.3977005811373369,25.0,2826.3,0.0,0.0,0,789.16,4894.25,2,1,0,1,1,1,2
38599fa1-c9cc-4e50-937e-2a8c8929bce9,350,12,137617.25,6078.95,1,14434.78,1,0.0,77826.12,6485.509999999999,11468.104166666666,0.4344740939090121,49273.077,4279.06,80277.83,0,0.094592149782104,0.0292633115977001,0.0021044348606868,0.0,0.0125942292896009,0.0721818073418024,0.0,0.0,0.0,0.0832047132762111,0.0264300725771758,0.109719975761351,0.268948265697943,0.2243622064160464,0.0,0.001029731406371,20931.2,0.0,0.152097211650429,29.0,5087.64,11.77,1.0,1,163.78,2277.45,3,1,1,0,1,1,0
38aca437-06ee-46c9-8ed7-c004452bfb50,433,12,106165.83,4766.222666666667,1,0.0,0,0.0,114042.69,9503.5575,8847.1525,-0.0741939284984632,9198.203718244804,909.83,14185.62,0,0.0878731464506844,0.0330969043259151,0.0002101844493496,0.0181181275187388,0.0124447257426144,0.0366460138742781,0.005021365244892,0.0240633573269799,0.0235966899763588,0.0666891494755165,0.0,0.1100921944229831,0.3688053131682531,0.1793179378704588,0.006572188011349,0.0,42059.55,356.59000000000003,0.3961684282033118,29.0,8027.44,0.0,0.0,0,2090.21,3774.46,4,1,0,1,1,1,5
38c81609-f1fb-4297-84c4-0aef2c14ad43,632,12,59290.03999999999,4212.212857142857,1,0.0,0,0.0,81938.88,6828.240000000001,4940.836666666666,-0.3820007542582196,7147.5800791139245,1150.23,10601.91,0,0.0841330757755048,0.0557214108857724,0.0344620282825442,0.1235077901967906,0.0184996426604805,0.1722940318442234,0.0155021645402036,0.0,0.0158291155553993,0.0729149580760684,0.0,0.0,0.0118334543991814,0.3251515031691915,0.0073635373097606,0.0,969.62,1752.9800000000002,0.0163538429051489,28.0,1126.35,0.0,0.0,0,12943.87,4565.75,4,0,0,1,0,0,4
38e3042a-30f5-4326-83f4-d561b0e55ca6,425,12,90645.86,4504.398571428572,1,0.0,0,0.0,152474.8,12706.233333333332,7553.821666666667,-0.6820933686326103,-15271.374494117648,-34324.33,-30324.06,1,0.1465705152589149,0.0174439973031609,0.024319428521959,0.0091821730541702,0.0038967094890434,0.0,0.0,0.0,0.0,0.1206430833160627,0.0,0.0892988218381004,0.3154855097366909,0.197698373764058,0.0160705900253681,0.0,48103.59,3239.02,0.5306760838277667,35.0,14611.22,0.0,0.0,0,5108.15,2659.77,2,1,0,0,1,1,2
391df999-e924-4cca-87a6-007cb5ea4571,339,12,58942.15,0.0,0,0.0,0,34309.2,52770.44,4397.536666666667,4911.845833333334,0.1047079212414206,7076.212654867256,1566.32,14837.85,0,0.5672467388939717,0.0291397987206473,0.013194697637541,0.0,0.0054293653795571,0.0253630631088162,0.0,0.0,0.0,0.0416001837392297,0.0,0.0,0.0191969216099013,0.1335080776283085,0.0270697003852914,0.0,1013.03,227.63,0.017186851853894,34.0,7031.87,0.0,0.0,0,696.29,1537.72,1,0,0,0,0,0,1
39587e17-6dc1-43ef-ac85-dca48c9c88f4,378,12,92840.03,4537.7528571428575,1,0.0,0,0.0,130151.3,10845.941666666668,7736.669166666667,-0.4018877417424359,-7423.559682539682,-21046.69,-18465.74,1,0.1623815513175819,0.0181803792970181,0.0180545257711601,0.0,0.0047589997180204,0.0438848478655226,0.0,0.0,0.010082496294697,0.0004312673019785,0.0159252347076056,0.1398377887888941,0.3706642960923171,0.1307946213368594,0.0227566685849469,0.0,48242.44,1772.58,0.5196297329934082,45.0,6798.79,0.0,0.0,0,2349.82,2366.2,2,1,0,1,1,1,2
3a14e205-0e1f-44c9-9c5e-b0d3f2e7b650,409,12,144623.44,6109.996,1,13603.9,1,0.0,107815.33,8984.610833333334,12051.953333333331,0.2545099881457667,33531.85371638142,3283.88,57681.43,0,0.1214010104128977,0.0259562346096793,0.0015762136979963,0.0,0.0091198533640809,0.0709593895413574,0.0,0.0288657466428939,0.0166373371949981,0.0020712267912179,0.0124535165824748,0.1195781713045816,0.3733180615409702,0.1815554429968354,0.0125015616981369,0.0079804977640934,40249.41,0.0,0.2783048861235772,23.0,3370.31,0.0,0.0,0,169.94,2798.48,3,1,1,1,1,1,0
3a175d69-0fe3-435d-9697-d1561055e045,412,12,95309.94,4335.600666666667,1,0.0,0,0.0,112889.56,9407.463333333331,7942.495,-0.1844468688155715,206.0118689320388,-6873.02,-1877.64,1,0.1592762873732522,0.0326882308691786,0.0,0.0,0.0095421578399278,0.0082681693506467,0.0,0.0266796150148871,0.1150797292504284,0.017473272107713,0.0194279258418581,0.1228858541037807,0.277447090767295,0.1088439001799634,0.0114566838598715,0.0128093332988453,31320.88,637.66,0.3286213379213123,24.0,3126.6,0.0,0.0,0,0.0,3690.16,3,1,1,1,1,1,2
3b0ff1e6-7d50-4b50-9843-98c2eb79c289,538,12,90977.85,0.0,0,0.0,0,0.0,79063.83,6588.6525,7581.4875,0.1309551720556157,21217.242713754647,4341.83,29943.36,0,0.3058309975623493,0.0245796339489245,0.0345285574958865,0.0391778389688432,0.0171628417191527,0.007985699655582,0.0,0.0138314827399583,0.159143567924802,0.0279601936814849,0.0111659149322768,0.0,0.0873198275368142,0.1140407693378881,0.0325468675119836,0.0,6903.84,1057.71,0.075884844497864,15.0,358.8,0.0,0.0,0,5827.51,1943.36,4,0,0,1,0,0,1
3b14db9e-2c34-45c2-b54b-da6d59974a3b,397,12,139265.49,6036.801428571429,1,14620.27,1,0.0,104024.56,8668.713333333333,11605.4575,0.2530485477773423,29150.4774559194,4180.98,57090.36,0,0.0522017108267509,0.0395102848788786,0.0221190072805883,0.0,0.0054257379218907,0.0215541406760095,0.0,0.0267392623434312,0.0121047375735114,0.0403944030140574,0.0105540460829634,0.0808379290429106,0.4488021867143683,0.185136856142434,0.0056506847998203,0.0,46686.45,0.0,0.3352334451270016,18.0,3004.35,0.0,0.0,0,2300.92,4110.04,2,1,0,1,1,1,0
3b1f1175-5563-45fb-b0de-92e9150dc31b,479,12,91947.12,4364.545714285714,1,0.0,0,0.0,116673.23,9722.769166666669,7662.259999999999,-0.268916633821701,-3744.3845302713994,-10310.09,-5592.2,1,0.1315086588414497,0.0215014189630303,0.0149031615907093,0.018211375480048,0.0056784234052661,0.0062177073524063,0.0034146650435579,0.0212709462144829,0.0394098114880337,0.0013604663211946,0.0437340253629731,0.0549525370986986,0.40782045718628,0.1465257283097417,0.0124533279827772,0.0,47581.73,1458.01,0.5174901617364416,8.0,4579.03,0.0,0.0,0,3863.58,2508.64,2,1,0,1,1,1,2
3b446f06-ef79-41a1-bd31-d4f4c8ba6563,479,12,89832.87,4714.051428571429,1,0.0,0,0.0,114316.82,9526.401666666668,7486.072499999999,-0.2725500142653798,-522.9539665970772,-9111.23,-5628.36,1,0.1774917286887442,0.031669967726534,0.0168208842758222,0.0184331579552335,0.0045682691313491,0.0463399874139256,0.0027638102599425,0.0192649690570469,0.0015582133932696,0.0075409725358,0.0,0.0733149330081085,0.4170632108205949,0.1404677806817929,0.0069340627214787,0.0,47677.34,739.52,0.530733794879313,15.0,6247.85,0.0,0.0,0,4030.13,3620.41,2,1,0,1,1,1,2
3bbbd818-6814-4818-8401-5959500da6be,364,12,58062.95,0.0,0,0.0,0,32001.24,46017.14,3834.7616666666663,4838.579166666666,0.2074612123565888,11555.655686813188,882.51,19354.9,0,0.2972390287618918,0.0325063661061943,0.0209248119287726,0.0,0.0185259231668895,0.0449914966466842,0.0,0.0,0.0165323181753581,0.0135755937896183,0.0143461762291181,0.025087608660599,0.0048160315917069,0.1984456226527767,0.004125636664947,0.0,221.62,50.79,0.0038168918389437,48.0,5235.08,74.3,1.0,1,962.9,1495.85,2,1,0,1,0,0,3
3be25d66-fc40-4439-ba7f-4ed6abe7b6e5,356,12,97125.19,4598.961333333334,1,0.0,0,0.0,101685.13,8473.760833333334,8093.765833333334,-0.0469490973453951,6180.734466292135,489.76,10355.2,0,0.0713572377790145,0.0312393759048151,0.0092220956987516,0.0,0.0067780805315388,0.0183951183422787,0.0,0.0159836546405556,0.0106577038353592,0.0280954550581781,0.0288013596481609,0.1177670717439216,0.3953107007878143,0.1290256500630918,0.007245503841122,0.0,40197.22,515.79,0.4138701813607778,13.0,2913.1000000000004,410.43,2.0,1,937.75,3176.58,2,1,0,1,1,1,5
3c92766e-3fb8-44b5-baf2-d2fc8ea5cb92,464,12,103940.05,4698.6900000000005,1,0.0,0,0.0,101741.66,8478.471666666666,8661.670833333334,0.021150557460767,15539.517672413793,977.79,29373.51,0,0.1256143255378377,0.0352841697294893,0.0145169638474544,0.0,0.0133699410841144,0.0490791087937822,0.0,0.0250140404628743,0.0080392830232964,0.0862020533181786,0.003571791535542,0.1311970927150196,0.2267644345492299,0.2041429243438725,0.0235303807702764,0.0,23071.39,622.1700000000001,0.221968240346238,28.0,7939.41,36.45,1.0,1,1476.98,3589.87,4,1,0,1,1,1,5
3cc169ba-686c-4141-8971-a49e54e12d48,447,12,100232.0,4941.885333333334,1,0.0,0,0.0,93448.8,7787.400000000001,8352.666666666666,0.0676749940138877,15081.05317673378,750.35,26073.76,0,0.0961277191360402,0.0305060097079898,0.0269881475203533,0.0148506989923894,0.0135941820547722,0.005587444675587,0.0,0.0341762548047701,0.0086583241304329,0.0477100829545162,0.0186095487582505,0.1713037513590329,0.2971259127993082,0.1710086164830367,0.0023630051964284,0.0,27766.06,397.71,0.2770179184292441,31.0,5346.91,0.0,0.0,0,3909.79,2850.75,4,1,0,1,1,1,5
3d04665f-6e26-45ee-8fa4-8fa415d8ed7d,429,12,93632.64,4639.65,1,0.0,0,0.0,114216.33,9518.0275,7802.72,-0.219834557692702,1631.5272027972028,-2915.11,539.5,1,0.1319771875002462,0.0254801568217084,0.0,0.0,0.0118707193621087,0.0424513727590441,0.0,0.0266933808852026,0.011258897917662,0.0148221362041662,0.0481337475998397,0.0605253206787505,0.3958078498932684,0.1568531400019594,0.0,0.0,45207.72,396.88,0.4828200935058543,46.0,6507.2,0.0,0.0,0,0.0,2910.25,4,1,0,1,1,1,2
3d5fe11c-ee22-4086-983f-5966ab14f2ed,419,12,111141.02,4768.318125,1,0.0,0,0.0,120815.96,10067.996666666668,9261.751666666669,-0.0870510276043894,8514.982315035799,-1105.46,10898.83,1,0.1097385643419959,0.0308341712469114,0.0340786101438915,0.0,0.0109486362563356,0.0229996930869067,0.0,0.0230887541679096,0.0724626944983096,0.0243414860089676,0.0,0.1174303461231446,0.3147141321394955,0.1499059395795059,0.0126281329056194,0.0,38022.49,246.87,0.3421103207438621,7.0,904.97,0.0,0.0,0,4117.24,3725.26,4,1,0,1,1,1,2
3d79d6c7-841a-4bab-be1e-e16fd84cc1e7,420,12,140975.22,6429.581999999999,1,13506.65,1,0.0,112483.49,9373.624166666666,11747.935,0.2021045258875992,29744.013357142856,6036.28,51195.03,0,0.0889046917018666,0.0434415752925162,0.0303986833978924,0.0,0.0086963873542686,0.0231641994749629,0.0,0.0288862836670519,0.0834255765001601,0.0110295297558779,0.0,0.1244471521998473,0.3065412532985952,0.1799362733144215,0.0002125645283587,0.0,34480.83,0.0,0.2445878786356921,30.0,4571.23,0.0,0.0,0,3419.3500000000004,4886.46,3,1,0,1,1,1,0
3df4aa25-75c6-4a76-af42-40f761ada3fe,459,12,123899.48,5121.847333333334,1,14300.04,1,0.0,123262.95,10271.9125,10324.956666666669,0.0051374711177157,11897.185403050107,-3243.71,26157.5,1,0.2155332969071404,0.0249621642188508,0.0179015673403889,0.0,0.0081202015690846,0.0198595766205498,0.0,0.0230149448800308,0.0386619823718319,0.0505338384323918,0.0111407361254943,0.0996442158815767,0.2335183443200085,0.1746634329293595,0.0097253878801375,0.0,28784.16,0.0,0.2323186505706077,19.0,4205.09,0.0,0.0,0,2206.6,3076.91,3,1,0,1,1,1,0
3e7d20b2-4c4f-450a-bbd2-e60bfda81f0b,691,12,49930.630000000005,3516.89,1,0.0,0,0.0,102215.65,8517.970833333333,4160.885833333334,-1.047153220377952,-1591.33481910275,-10261.56,-3668.88,1,0.1254354885969027,0.0128489130578341,0.0677807165536784,0.077469839501094,0.0185598780617253,0.0939404093208818,0.0222231135838787,0.0,0.0,0.1355800212589755,0.0326356091263911,0.0,0.0055059083418243,0.3340303564082408,0.0120217403108036,0.0,562.79,2373.33,0.0112714379930715,13.0,455.81,0.0,0.0,0,14846.88,1313.36,6,0,0,0,0,0,4
3eb05647-25e9-41af-9a99-19ef25a4da6b,539,12,130554.63,5597.729333333334,1,13534.4,1,0.0,119985.68,9998.806666666667,10879.5525,0.0809542334883105,19413.80790352505,3087.27,31646.42,0,0.1376210894500077,0.0355601601791147,0.0072414474793992,0.0097145759393954,0.0074677244817881,0.0256227243117678,0.0038108714306573,0.0220304623018346,0.0093375309453594,0.0298025564384016,0.0164005404644954,0.095471559606113,0.3548016729996447,0.162658493913607,0.0092706062923508,0.0099968596252486,42571.12,0.0,0.3260789755215881,31.0,2873.74,62.57,3.0,1,2034.48,4266.71,3,1,1,1,1,1,0
3ec0637d-fc50-4c78-a785-0b1b01d24bfb,453,12,124813.32,5279.002857142857,1,13452.1,1,0.0,104156.78,8679.731666666667,10401.11,0.1654994835487109,20758.00651214128,3636.71,39666.92,0,0.1935633954889926,0.0337661168096786,0.0345605922149283,0.0,0.0088682657048345,0.0209802952817857,0.0054373800726174,0.0187901354093319,0.0043320271613619,0.0245727642502005,0.0003664667820952,0.0692026961662985,0.2984858978935408,0.1591333756669513,0.0006551661831327,0.0,31089.33,0.0,0.2490866359455865,15.0,6344.28,0.0,0.0,0,3599.72,3516.9700000000003,3,1,0,1,1,1,0
3ee3197f-d233-4bbf-8d9b-270d35850c42,428,12,130738.48,5325.011333333333,1,14109.66,1,0.0,101112.44,8426.036666666667,10894.873333333331,0.2266053575045387,30226.75992990654,4052.34,51942.74,0,0.0963956561625849,0.0355994771761021,0.0100516810790047,0.0,0.005802352311941,0.0,0.0,0.0270858857723144,0.0425877369787535,0.0117891527491572,0.0592274303735524,0.0878982843258455,0.3182144551155129,0.1567017866446502,0.0021768834774435,0.0,32175.44,0.0,0.2461053547509501,31.0,7714.6,0.0,0.0,0,1016.35,3599.55,2,1,0,1,1,1,0
3f2479db-b11a-455f-87b1-3d5a01ea485c,457,12,134933.04,6168.361428571428,1,14229.95,1,0.0,117688.07,9807.339166666668,11244.42,0.1278039092575103,23970.57168490153,4352.32,42463.08,0,0.0565918873510288,0.0312866036464018,0.0093900766662245,0.0,0.0093196362214113,0.041561136995449,0.0042079031460028,0.0211516766312847,0.0909460916471822,0.0542440707881436,0.0,0.1031514919056791,0.3281917190077125,0.192680107677864,0.0011114125671361,0.0,38624.25,0.0,0.2862475343325845,18.0,931.54,0.0,0.0,0,1105.1,3682.06,3,1,0,1,1,1,0
3f257d6f-ab31-4a2e-9c4e-03f6eaf65097,607,12,52725.37,3725.048571428571,1,0.0,0,0.0,72962.39,6080.199166666666,4393.780833333333,-0.3838194023105005,2733.4253542009883,-1313.46,4728.29,1,0.2585647208102695,0.037491507610976,0.0318303717846961,0.1062446008142002,0.0250927909570944,0.1217773979169267,0.0245326393502186,0.0,0.041960933571392,0.0102229381466259,0.0002727432585473,0.0014168943753076,0.0239379494010544,0.2372738886431762,0.0106727589378582,0.0,1746.5700000000002,830.5,0.0331257988327061,22.0,2657.75,0.0,0.0,0,10074.28,2735.47,6,1,0,1,0,0,4
3f3f7877-71fd-4073-b0a8-692b105609d8,504,12,132205.15,5648.8606666666665,1,13455.16,1,0.0,162700.52,13558.376666666663,11017.095833333333,-0.2306670352856904,7288.242599206349,-675.51,3406.1,1,0.0853463160412763,0.0189815619519839,0.0262658656530415,0.0,0.0041750327534294,0.0525194387823714,0.0030273412770899,0.0138005705206105,0.1055199454801988,0.0002087885152426,0.0553102104406304,0.0967231696616581,0.299422030120125,0.1941540813760152,0.0006626284906772,0.0009496589193445,48716.12,0.0,0.368488822107157,58.0,15419.93,0.0,0.0,0,4273.47,3088.31,2,1,1,1,1,1,2
3fce2ac3-becd-4b2a-9889-92840d663ddc,341,12,53930.89,0.0,0,0.0,0,29367.0,43533.56,3627.7966666666666,4494.240833333333,0.1927898834971943,11292.814252199414,402.38,23208.19,0,0.3689523668636335,0.0598724294544255,0.0128882177336289,0.0,0.0064993536021405,0.1575579851498476,0.0034853570440827,0.0,0.0,0.0238739951430574,0.0,0.0,0.0070547871573103,0.2495270315591006,0.0,0.0,307.12,144.95999999999998,0.0056946955631549,26.0,5003.74,35.74,1.0,1,561.0699999999999,2606.46,1,0,0,0,0,0,3
3fd37876-d88b-4185-b032-1c95e1f93be7,454,12,129261.52,5614.765714285714,1,13332.3,1,0.0,114152.0,9512.666666666666,10771.793333333331,0.116891090248668,19816.98676211454,3616.91,38969.73,0,0.1613418950171701,0.0380587287125937,0.0112485983600812,0.0,0.0055829946036863,0.0517039561286705,0.0041257271007078,0.0,0.0016769745602354,0.0430124745952764,0.0296313687013806,0.125739102249632,0.3102598289999299,0.1715261230639848,0.0038393545448174,0.003100602705165,35416.78,0.0,0.2739932193277628,36.0,9800.96,0.0,0.0,0,1284.05,4344.48,2,1,1,1,1,1,0
4044fa67-40be-40bd-92b5-22e05fbcda83,709,12,54002.67999999999,3822.138571428571,1,0.0,0,0.0,91797.07,7649.755833333334,4500.223333333332,-0.6998613772501665,4456.884231311707,-1212.82,8809.88,1,0.07549696302943,0.0131812485954072,0.0463035475968895,0.1091253784026004,0.0148132178946452,0.1763828627645741,0.0211703924754896,0.0,0.0010336931233208,0.0234834292641366,0.084410428350273,0.0098896402684748,0.0,0.3618177573641511,0.0029763477200307,0.0,0.0,1605.66,0.0,48.0,8339.529999999999,0.0,0.0,0,14267.92,1210.0,4,1,0,1,0,0,4
406a98e5-13b0-49cb-bc3a-6ad6ee73abb1,415,12,100187.9,4889.578,1,0.0,0,0.0,99979.93,8331.660833333333,8348.991666666667,0.002075799572603,12114.113421686749,-688.81,16753.07,1,0.07831061694082,0.022439003508004,0.0017801572775656,0.0222091573778857,0.0088829828146509,0.0038280682933064,0.0,0.0307917799102279,0.0094828031986019,0.0007234451954507,0.0624901417714535,0.0731505813216712,0.4650772410022691,0.137492594763769,0.0025430103821837,0.0,46498.39,230.36,0.4641118338641692,16.0,6125.01,0.0,0.0,0,2398.4500000000003,2243.45,3,1,0,1,1,1,2
4099dcf3-9f23-40c8-8b52-4b0ed8761dda,489,12,101467.29,4806.354375,1,0.0,0,0.0,158871.63999999998,13239.303333333331,8455.6075,-0.5657424180738443,-3574.957873210634,-22188.41,-15247.98,1,0.0387310158062194,0.0367276374814283,0.0197223997939468,0.013103723232164,0.0039624441467338,0.0390666956040738,0.0,0.0174824153637489,0.0391529287417187,0.0215404083447492,0.0922928724094495,0.1002791939455021,0.2992239521163121,0.1848628867933886,0.0008345731182733,0.0,47538.2,1907.84,0.4685076343322069,34.0,17562.42,101.35,2.0,1,5215.14,5834.98,2,1,0,1,1,1,2
40b7360c-c0c7-484b-b44d-c4eb3289234c,477,12,116742.67,5198.17875,1,0.0,0,0.0,112787.82,9398.985,9728.555833333334,0.0338766451032857,14897.162368972748,1416.15,21969.62,0,0.0647861621937546,0.0300562596209413,0.0172286333754832,0.0223894743244439,0.0060713116008448,0.0048138176622262,0.0044216653890464,0.0230597594669353,0.0134735293225811,0.0112821579493246,0.0375680636437516,0.1294758600707062,0.3981914891164666,0.1560870668481756,0.0202238149473941,0.0,44911.15,26.53,0.3847020973565192,16.0,1017.12,0.0,0.0,0,4468.44,3389.98,2,1,0,1,1,1,5
40ebd505-f94d-442c-8737-ba4d156e0ec9,480,12,146301.08,6094.215999999999,1,14323.15,1,0.0,128170.87,10680.905833333332,12191.756666666666,0.1239239655647107,24918.3939375,4218.91,42284.82,0,0.0646776447721701,0.0409430785637953,0.0208860250382945,0.0,0.0055957332582668,0.0238071255972593,0.0033509954328936,0.0185298734416018,0.0358586939450438,0.0511406374943074,0.0092599043760879,0.1191809808266106,0.3712217916598366,0.1937213190485482,0.0041529717321884,0.0,47579.82,0.0,0.3252185151333128,38.0,2821.51,0.0,0.0,0,2676.98,5247.71,2,1,0,1,1,1,0
40f1a82f-3bc3-42d0-b55f-381b5ff3f092,468,12,97958.62,4326.759375000001,1,0.0,0,0.0,120491.63,10040.969166666668,8163.218333333334,-0.230025800690128,9627.003803418804,1707.81,9905.64,0,0.1107173170451756,0.0335963585188448,0.0,0.0,0.011274227097766,0.0744358757533614,0.0021898616526309,0.0320846352564074,0.0076842681935666,0.0549126109423534,0.0451560826258222,0.1222424329391178,0.1794243301381183,0.2552570664036995,0.0153203172701705,0.0,21619.13,330.65,0.2206965553414288,22.0,7650.33,0.0,0.0,0,0.0,4048.08,4,1,0,1,1,1,5
412dae1f-928d-4240-b37a-d29d8f99de82,469,12,95050.76,4590.04,1,0.0,0,0.0,115203.66,9600.305,7920.896666666666,-0.2120225025028733,2094.4940724946696,-2128.58,3098.91,1,0.0615612385925933,0.0484085314650593,0.0026342913063699,0.0,0.011151642230811,0.0594769298128201,0.0,0.0149637606999638,0.0941797335258272,0.0206165324955821,0.0277873116183982,0.0742022432273419,0.3278532123024563,0.1648886849601826,0.0009580424788587,0.0060716820976,37769.89,416.84,0.3973654708284289,34.0,3042.52,0.0,0.0,0,303.48,5576.84,4,1,1,1,1,1,2
41496cd3-eb4a-48b9-ba90-835c1d274d60,422,12,109109.25,5095.5075,1,0.0,0,0.0,114397.21,9533.100833333334,9092.4375,-0.0484648185190532,12231.67327014218,1568.38,22701.52,0,0.0604511246384418,0.0288285876902067,0.0,0.0,0.0117881371407571,0.0438216106843864,0.0022507541923443,0.0,0.0,0.006618955130112,0.1197242485196973,0.0966232480669764,0.3349031851388684,0.2232102513688927,0.0214007841624808,0.0,38311.99,633.5200000000001,0.3511342072280764,28.0,1226.85,11.23,1.0,1,0.0,3297.91,4,1,0,0,1,1,5
41ad470b-3d69-4645-82db-bead9fcc8f65,740,12,56363.13,3969.178571428572,1,0.0,0,0.0,88954.6,7412.883333333334,4696.9275,-0.5782409529066255,2313.241797297297,-2855.45,3937.7,1,0.167938026813678,0.0172929786655215,0.0870120263595137,0.1014907604553334,0.0185930800655615,0.1511813891580649,0.0206509837602552,0.0,0.0093888343042405,0.0279475147996843,0.0,0.0165648544313616,0.0,0.3257992279207596,0.0,0.0,0.0,826.4399999999999,0.0,42.0,2970.24,0.0,0.0,0,16768.19,1538.29,5,1,0,1,0,0,4
420e20f6-c295-4fc8-aae7-863ca6f6c57e,467,12,107549.28,5039.841333333333,1,0.0,0,0.0,110999.88,9249.99,8962.44,-0.0320838967959618,6332.633062098502,-2776.77,13322.52,1,0.169653787013103,0.0325108459576713,0.0266052539876619,0.0,0.0086955048960413,0.0173583070540256,0.0,0.0219173209916983,0.0230344393165109,0.0250692162910446,0.0,0.1131048069601516,0.3323577466930594,0.1556292673469557,0.0018947768231821,0.0,36891.67,255.75,0.343021078337298,7.0,1005.28,4.32,1.0,1,2953.18,3608.7,3,1,0,1,1,1,2
4261f05b-abd7-4f7b-b788-0931fe61497e,417,12,105736.64,4916.531333333333,1,0.0,0,0.0,125943.22,10495.268333333332,8811.386666666667,-0.1911029138054699,349.1012470023981,-6834.06,-936.54,1,0.1790710925129594,0.0242485462893516,0.0067687645273798,0.0,0.005811587158086,0.0524176688510901,0.0,0.0202861257636576,0.0274364114241322,0.0,0.0246666712189826,0.1109877927529564,0.3642409650952231,0.1206277717847773,0.0013694266352726,0.0,45873.68,700.15,0.4338484748522366,37.0,8114.73,0.0,0.0,0,852.48,3053.94,2,1,0,1,1,1,2
4274faf9-4bbc-4bb5-a41f-77ae64a284b0,371,12,99270.34,4634.51,1,0.0,0,0.0,104392.44,8699.37,8272.528333333334,-0.0515974862179377,4251.838032345013,-4351.2,12646.2,1,0.1747171538475391,0.0360049061023959,0.0059918132002662,0.0,0.0090420340783298,0.0508626869915101,0.0,0.0,0.0083639198394059,0.0026487550247891,0.0466848940402197,0.0978626421606775,0.2970853061773438,0.1732516262671894,0.0129007426208257,0.0,31013.46,144.25,0.3124141611683811,28.0,2595.57,0.0,0.0,0,625.5,3758.64,3,1,0,1,1,1,2
42a9a99c-d70b-42d2-824e-d716d4434748,716,12,54126.24,3817.848571428571,1,0.0,0,0.0,77725.43000000001,6477.119166666667,4510.52,-0.436002759474887,4316.1698324022345,211.41,9969.8,0,0.0815590212881421,0.0244946859734323,0.0474957809818485,0.1274177576116336,0.0168675811764566,0.1033731173954264,0.0202667260895179,0.0,0.0,0.0686571949489375,0.0231421041993592,0.0,0.0086164849779538,0.3291966348722677,0.0099721545445293,0.0,669.72,567.25,0.0123732962053155,39.0,2466.52,0.0,0.0,0,13595.23,1903.86,4,0,0,0,0,0,4
42ba2177-1f21-4548-baf8-970d1776bb6d,435,12,111026.13,5031.071333333334,1,0.0,0,0.0,133622.62,11135.218333333332,9252.1775,-0.2035240713154641,10957.59243678161,-13.19,11406.27,1,0.1239215336445281,0.020268649125425,0.0327278420375232,0.0,0.0092607075059596,0.0261853868753658,0.0,0.0255383407390155,0.0361644607776737,0.1336252050738116,0.0084125726617244,0.1004100203992407,0.2281297882050209,0.2149085985591361,0.0082360306960004,0.0,30483.3,713.85,0.2745596914888414,28.0,4988.58,0.0,0.0,0,4373.18,2708.35,4,1,0,1,1,1,2
42e2c6b3-5dc3-4955-8d17-daa522f895ca,471,12,95941.96,4288.96,1,0.0,0,0.0,109212.35,9101.029166666667,7995.163333333333,-0.1383168532308493,6538.465838641189,1293.14,16069.59,0,0.0525579753571825,0.0298990910826477,0.026559084206136,0.0198814511362497,0.0075652616210529,0.0009924701739317,0.0029466447704861,0.0300283804899354,0.0018763445709207,0.0202018361476518,0.0891887227039799,0.0578375064724822,0.3985556578537134,0.1902918488614154,0.0039331632365753,0.0,43527.2,823.42,0.45368262228539,19.0,7623.25,0.0,0.0,0,5071.88,3265.35,3,1,0,1,1,1,5
434dbe98-2371-4cc6-937d-50089c070b12,376,12,50224.59,0.0,0,0.0,0,30523.44,55113.02,4592.751666666666,4185.3825,-0.0973314067869941,9174.826675531916,222.06,12300.1,0,0.1675611316527382,0.0368696906828912,0.0139821769883051,0.0,0.0096699473191634,0.1282497311887463,0.0022889328147867,0.0,0.0,0.0495587068173727,0.0007725942073216,0.0224328117022075,0.0144942157043834,0.2941382998064704,0.0584912603228783,0.0,798.8199999999999,92.43,0.0159049581091652,43.0,3888.8,0.0,0.0,0,770.6,2032.0,2,1,0,0,0,0,3
4350677a-7b21-4717-b438-84cc8d8c3507,533,12,92567.97,0.0,0,0.0,0,0.0,77829.44,6485.786666666667,7713.9975,0.1592184640108236,17587.363283302064,-3339.9,33598.13,1,0.2942639700349893,0.0177479113302112,0.0646315841409111,0.0,0.0217732518697295,0.0,0.0066549367437309,0.0,0.0392745984038944,0.1361498939218886,0.0,0.0,0.0512435911141079,0.2510233916625894,0.023520148673818,0.0,3988.26,717.39,0.043084665246521,47.0,9724.81,0.0,0.0,0,5030.24,1381.31,5,0,0,1,0,0,1
43bb3a60-a3d3-4d66-bc32-8f8565decbd2,455,12,142770.74,6414.714000000001,1,12446.3,1,0.0,104339.51,8694.959166666667,11897.561666666666,0.269181416304209,38261.11843956044,3567.09,61996.36,0,0.0930176881221696,0.0410718815911633,0.0020164940395062,0.0,0.0112701315158562,0.0618731101957446,0.0053487887761788,0.0238639226885385,0.0155062066133912,0.0893997872905479,0.0,0.0651987919053865,0.2066903515264735,0.242626019616155,0.0054635104190157,0.0171716351744415,21565.97,0.0,0.1510531499661625,27.0,6245.19,65.36,1.0,1,210.4,4285.42,3,1,1,1,1,1,0
443507df-fc4a-47cd-913f-b177caa33504,313,12,57737.58,0.0,0,0.0,0,32199.840000000004,45132.33,3761.0275,4811.465,0.2183196801805687,12923.070990415335,-116.16,23848.75,1,0.3108576490511348,0.0745529867392177,0.0013837087515756,0.0,0.0156767886789802,0.034495227700409,0.0,0.0,0.0121402994261541,0.109171407724795,0.0,0.0,0.0,0.2301862101956624,0.0035885583571687,0.0,0.0,383.98,0.0,53.0,5273.24,0.0,0.0,0,62.45,3364.75,2,0,0,1,0,0,3
446f4f32-7267-47f7-bd40-1af58c8203df,363,12,100511.6,5271.722857142857,1,0.0,0,0.0,87099.08,7258.256666666667,8375.966666666665,0.1334425081284149,11947.55950413223,773.21,24927.31,0,0.2249687367535914,0.0352885472498676,0.0020001359371419,0.0,0.0081794204944529,0.0221903606788958,0.0037498673923995,0.0,0.0020540974715232,0.0172059222669171,0.0225581027951156,0.0691030261169233,0.3399008347734557,0.0962592257002025,0.0038812120633191,0.0015306705880245,29605.05,179.11,0.2945436148663438,23.0,4727.02,0.0,0.0,0,174.20999999999998,3073.6,2,1,1,1,1,1,5
446f9635-0ce5-4b71-9f7f-7d8d06f15dfb,421,12,94434.91,4888.538571428571,1,0.0,0,0.0,106029.35,8835.779166666667,7869.575833333333,-0.122777053528192,7012.129809976247,1157.94,11551.41,0,0.1470526792817272,0.0403500540180619,0.008880277017637,0.0,0.0081261462038577,0.0337166077128644,0.0,0.0286996006294483,0.0389249769049796,0.0612167291415065,0.0111741701708064,0.0805493007360697,0.342404249389438,0.164313371722075,0.0056020337764967,0.0,36304.9,264.33,0.3844436342450054,7.0,899.5899999999999,0.0,0.0,0,941.57,4278.29,3,1,0,1,1,1,5
4487d297-5803-442a-b253-8fcbfd84c334,409,12,105632.48,5112.219375,1,0.0,0,0.0,97552.17,8129.3475,8802.706666666667,0.0764945592492006,14469.415623471885,1663.07,24043.27,0,0.0933883890025203,0.0316197989240013,0.0266763927445181,0.0,0.0077454965891583,0.0202717171745128,0.0038729020584575,0.0352332500650677,0.0088283018204515,0.0056556404639691,0.0097993719668152,0.0769531831019238,0.4595208902067478,0.1377614665055631,0.0,0.0,44827.26,269.69,0.4243700422445823,31.0,2923.73,0.0,0.0,0,2602.34,3084.58,2,1,0,1,1,1,5
44aabc09-6d2d-4dad-b2e8-79ad03c84896,449,12,138928.36000000002,6266.240000000001,1,14227.39,1,0.0,111562.86,9296.905,11577.363333333336,0.1969756211042872,32751.81,4386.43,55700.51,0,0.0918998491074897,0.0221830992859093,0.0279457697660314,0.0,0.0087431426551811,0.0253044785693016,0.0035587112055033,0.0329212607134668,0.0047775756196999,0.0167433857468336,0.0569714688203583,0.1273474882232313,0.286251535681319,0.2173736851134867,0.0039240657688409,0.0,31935.04,0.0,0.2298669616484352,39.0,10186.55,0.0,0.0,0,3117.71,2474.81,3,1,0,1,1,1,0
45162b8d-fac9-4d97-98fc-f132b4e2e354,522,12,96828.78,4687.907333333334,1,0.0,0,0.0,127547.67,10628.9725,8069.065,-0.3172495822006639,-1435.001570881226,-12039.53,-6547.41,1,0.0514031342164071,0.0305172960039175,0.0116206748425902,0.0184359306602778,0.0098549036607254,0.0138474501337421,0.0025918936817897,0.018790229566718,0.0300801261206888,0.0620588365118704,0.0003441850407773,0.0980155889950792,0.3651828371306195,0.2071939064037783,0.0139290666775802,0.0,46578.22,752.17,0.4810369396371616,24.0,8642.19,0.0,0.0,0,3833.65,3892.41,4,1,0,1,1,1,2
456a01ff-d039-465d-81a2-f954c34cd138,481,12,134805.59,5845.477333333333,1,13468.63,1,0.0,121787.49,10148.9575,11233.799166666666,0.0965694375136816,21733.403492723493,3436.28,37914.14,0,0.0444729585936946,0.0222652589358726,0.0063014682378296,0.013527415664778,0.0080412199972263,0.0338397646589153,0.0044211437480154,0.021583333394916,0.1608480476935685,0.0025545316682362,0.0346856643486124,0.1343867912870197,0.2677885060280001,0.1620445581069123,0.0062670640473828,0.0,32613.29,0.0,0.2419283206282469,31.0,4364.1,34.2,1.0,1,2414.91,2711.63,3,1,0,1,1,1,0
457c3304-bf8d-4cbe-b60b-42fe62d532fa,474,12,90595.15,4686.5,1,0.0,0,0.0,133818.82,11151.568333333336,7549.595833333333,-0.4771079908803067,-1783.9456962025315,-12196.63,-4176.26,1,0.1405575837539144,0.0298895177823268,0.0310511630576326,0.0,0.0084169775222946,0.0456292321214609,0.0,0.0204832175324816,0.0049315186010458,0.1318940041468009,0.0,0.0924916241228251,0.2004084328347836,0.2449511212249517,0.0028454891471917,0.0050664024686512,26818.42,1668.92,0.296024897580058,36.0,7259.35,69.7,1.0,1,4155.23,3999.78,3,1,1,1,1,1,2
462180d1-a23a-4154-ba9a-f93ea4ff2db0,388,12,90768.48,4391.874285714285,1,0.0,0,0.0,87914.56,7326.213333333333,7564.040000000001,0.0314417515860132,13815.54706185567,810.43,24550.09,0,0.0766482821503059,0.0505614769612678,0.022932492638307,0.0,0.0118378571194578,0.0036380776972551,0.0,0.0269739164934682,0.0033878347340872,0.0484438527588604,0.0792832268056622,0.0969016963742979,0.2980664408716827,0.1981983416626324,0.0037988019276897,0.0,26204.38,642.94,0.2886947098816682,25.0,7142.55,70.44999999999999,2.0,1,2016.1,4445.09,3,1,0,1,1,1,5
46c36558-5c3e-425d-b9e1-04e3e0e92aae,515,12,97451.15,0.0,0,0.0,0,0.0,81399.57,6783.297500000001,8120.929166666666,0.1647141157390137,18126.825844660198,-306.63,28928.18,1,0.3959051626439795,0.0196514551612496,0.0447803348346926,0.0,0.0187166836385007,0.0187026786505137,0.0063824661481627,0.0087867786033759,0.063787191996223,0.0471770305420532,0.0319206845932969,0.0,0.0169156913236765,0.2029433325016336,0.0088328476428069,0.0,1376.9299999999998,306.75,0.014129438185183,40.0,4116.97,0.0,0.0,0,3645.1,1599.62,5,0,0,1,0,0,1
46d43c19-54fa-437e-9b87-7f0165693f85,341,12,131383.16,5774.851333333333,1,12972.77,1,0.0,101812.97,8484.414166666667,10948.596666666666,0.2250683420919393,27556.033870967745,3776.1,50965.22,0,0.0823031682505676,0.0320948303541287,0.0029094524990283,0.0,0.0064562501221602,0.0250888467353422,0.0,0.0,0.0,0.0395947588995783,0.0019557429667359,0.1273480186267034,0.4818700407227095,0.1391310949872103,0.0047192415661776,0.0,49060.62,0.0,0.3734163495534739,25.0,3164.25,0.0,0.0,0,296.22,3267.67,2,1,0,0,1,1,0
46da9833-2816-4ef4-8017-eb5723713740,453,12,142621.73,6048.156875000001,1,14079.4,1,0.0,119775.94,9981.328333333331,11885.144166666669,0.1601844964298217,29701.31086092715,3397.33,51277.93,0,0.0771849505000753,0.030951708665363,0.0024188497289188,0.0,0.0081553106575494,0.0354711472103662,0.0030020219419693,0.0215615089307585,0.1407057210321204,0.0093080463405254,0.0521493715682799,0.0857592100717389,0.3071985909691044,0.180548029929884,0.0004768069447002,0.0013319870418048,36795.0,0.0,0.2579901393707677,30.0,4776.22,0.0,0.0,0,289.72,3707.27,3,1,1,1,1,1,0
46ebfe8f-36df-4522-a69f-ee24d789541c,347,12,140651.38,5445.849375,1,13622.1,1,0.0,89598.64,7466.553333333333,11720.948333333334,0.3629736160427292,39563.39936599424,4081.15,66571.82,0,0.2398482834114446,0.03140616866506,0.0,0.0073133922568467,0.0078663024349476,0.0,0.0,0.0,0.0010437658428744,0.0756390945219704,0.0106833094788045,0.1483206664744018,0.2661722320785226,0.1555611781607399,0.0,0.0,23848.67,0.0,0.1695587345108167,22.0,6211.3,11.2,1.0,1,655.27,2813.95,2,1,0,1,1,1,0
47604d5c-c4a0-4b2b-9d46-78986ed52040,516,12,128020.16,5577.702,1,13682.62,1,0.0,125587.5,10465.625,10668.346666666666,0.019002163409263,26488.42019379845,3510.54,50458.98,0,0.1472828107892903,0.0265619587936697,0.0236775953020802,0.0139961381506917,0.008193649845725,0.0328294615308052,0.0037605653428884,0.0159883746391957,0.0353839355031352,0.0301445605653428,0.1013971135662386,0.0540848412461431,0.2072655319996018,0.2692119836767194,0.0016684781526823,0.0,26029.96,0.0,0.2033270384914375,36.0,7279.34,0.0,0.0,0,4731.35,3335.85,3,1,0,1,1,1,0
47abf637-171e-4f0c-8fb8-20ab5b611afd,370,12,52827.62,0.0,0,0.0,0,28853.28,52039.45,4336.620833333333,4402.301666666667,0.0149196575579215,13319.292324324324,640.77,21733.2,0,0.2825050994966318,0.0378161183486758,0.0062773530465829,0.00756406918213,0.0060527157762043,0.1268039919714755,0.0017271512285391,0.0,0.0133829239163749,0.1341370825402651,0.0255485021459681,0.0033420799028429,0.0069539551244296,0.1997319341384276,0.0359788583468887,0.0,361.88,1374.1,0.0068502044952999,28.0,1323.88,32.85,1.0,1,720.3,1967.93,1,1,0,1,0,0,3
47fc81bf-af7e-4659-b6e2-e9c63d9cd972,460,12,134072.27,5615.545714285714,1,14313.06,1,0.0,115683.66,9640.305,11172.689166666663,0.1371544615452545,25456.398108695656,4776.23,43419.32,0,0.1288949537039198,0.0414063662923527,0.0102357584467849,0.0108364482935619,0.0050965711147105,0.0106103143693759,0.0034735242643602,0.0333605454737514,0.0817612444142932,0.016622572280303,0.0315850138213123,0.1317167005262454,0.2030782048216662,0.1763873999145601,0.0031635409875517,0.0,23492.83,0.0,0.1752251229877737,28.0,2213.87,31.8,1.0,1,2437.71,4790.04,2,1,0,1,1,1,0
4853b78a-7e58-4d0c-adab-e294760d7f3c,424,12,108738.08,5005.6253333333325,1,0.0,0,0.0,86262.54,7188.544999999999,9061.506666666666,0.2066942877784857,20970.251273584905,1085.24,37296.76,0,0.1315666104893271,0.0391640450188459,0.0178376384465377,0.0,0.0124931401278005,0.0595147093976133,0.0075386140959911,0.0,0.0011771042216007,0.0056826520526754,0.0102830266764693,0.1815159859656347,0.313096855251422,0.1597540485128307,0.0128927342042096,0.0,27008.53,195.96,0.2483815237495457,37.0,6818.84,0.0,0.0,0,1538.72,3378.39,3,1,0,1,1,1,5
488b9edd-54ce-4d52-bf81-0a3fbfc439b8,484,12,106769.68,5037.664000000001,1,0.0,0,0.0,101939.78,8494.981666666667,8897.473333333333,0.0452366252291849,18437.31752066116,1309.74,33132.14,0,0.0944420323449785,0.025578238446267,0.0416799016046532,0.0,0.0134348926395564,0.0381930390667902,0.0034167230888667,0.0253412357766516,0.0030867243386242,0.1057778425654832,0.0131513919296274,0.0909683148227316,0.2720191273710812,0.2154285598811376,0.0058254981519481,0.0,27729.57,677.27,0.2597139000510257,16.0,3300.74,98.12,2.0,1,4248.84,2607.44,4,1,0,1,1,1,5
49158221-c355-4601-a38b-e2d35c5a227d,435,12,98318.71,5125.074285714286,1,0.0,0,0.0,120622.77,10051.8975,8193.225833333334,-0.2268546851357182,1468.9195862068966,-6899.13,-3177.46,1,0.1663039242093346,0.0295932517550376,0.0034591313066347,0.0178467962557981,0.0123272745270233,0.1027608634754449,0.003388912391914,0.0,0.0,0.0255300885562485,0.0,0.0928328871903704,0.2978218789039581,0.1860498643829851,0.0,0.0,35924.1,577.23,0.3653841674692436,17.0,2621.55,385.7,2.0,1,2569.98,3569.62,4,1,0,0,1,1,2
496570e2-8d75-4c77-b36f-2bb4385ab3a1,490,12,97786.8,4806.6433333333325,1,0.0,0,0.0,137981.86,11498.488333333333,8148.900000000001,-0.4110479123971741,1193.172285714286,-7036.73,-6762.61,1,0.1183378742684002,0.0381742208722219,0.0256260496850817,0.0,0.0070675232237049,0.0795297294876297,0.0036331587355033,0.0154567419224527,0.0174898352580549,0.0665766500031236,0.0084272671784537,0.083179774500793,0.2539827336723828,0.2665099600773609,0.0010053495437733,0.0,35045.01,953.1,0.3583818061333431,31.0,5852.85,0.0,0.0,0,3535.93,5267.35,3,1,0,1,1,1,2
498579a6-a490-4404-bfee-ff91965fbad0,452,12,143323.75,6030.677333333334,1,14005.28,1,0.0,110547.27,9212.2725,11943.645833333334,0.2286884064922945,32820.1957079646,4091.05,56423.03,0,0.0614006117021252,0.0227151697187999,0.0,0.0136217746489804,0.0095529269967498,0.0736405340448479,0.0040658625038863,0.0376973578813841,0.1679373900413823,0.0043381442164967,0.0027272496190995,0.0644816466295368,0.2905448501803798,0.1650105877784227,0.0,0.0138038686979787,32118.94,0.0,0.2241006113780863,28.0,2621.08,0.0,0.0,0,1505.85,2511.1,3,1,1,1,1,1,0
49d4df70-c204-4326-aa29-60b16fbdf944,393,12,130211.72,6029.705714285715,1,13172.86,1,0.0,100710.85,8392.570833333333,10850.976666666667,0.2265607888445064,28898.091806615776,3085.52,58858.42,0,0.0544528221140026,0.0253450348199821,0.0157736728465701,0.0,0.0094083209505232,0.0972902125242712,0.0060612138612671,0.0,0.0,0.0793195569295661,0.0,0.11570828763733,0.2692769448376217,0.2591683021243491,0.0204119019946708,0.0,27119.11,0.0,0.2082693477975715,17.0,1530.62,0.0,0.0,0,1588.58,2552.52,3,1,0,0,1,1,0
4a50a939-0bef-48e4-94a8-60c4731e395d,671,12,55985.16,3987.452857142857,1,0.0,0,0.0,86483.26,7206.938333333333,4665.43,-0.5447532881927994,7998.1362444113265,965.48,10968.47,0,0.0562152721809978,0.0084847634097049,0.0532193166631322,0.1062773304336584,0.0159082809783072,0.1154298531299583,0.0194246840371188,0.0,0.0401061430848004,0.0933874370600738,0.0347298425151873,0.0031947223081091,0.0135435458839086,0.3412678939253677,0.013519032469405,0.0,1171.29,950.33,0.0209214370379579,53.0,8810.4,0.0,0.0,0,13793.79,733.79,4,1,0,1,0,0,4
4ac8802e-42c3-4e0f-b7ef-30ebdbe084d0,442,12,104164.14,4922.004285714285,1,0.0,0,0.0,124753.21,10396.100833333332,8680.345,-0.1976598664377202,1608.511515837104,-5784.69,3771.39,1,0.049584054791055,0.0349126086615326,0.0021378207422478,0.0155311434471305,0.0051290062997176,0.0592080957275568,0.0,0.0276657410258221,0.1189461978573537,0.0182857018268307,0.0,0.0681702699273229,0.3167807866426844,0.2142614206079346,0.0039570124087388,0.0065276877444676,39519.42,294.45,0.3793956346205133,21.0,5511.49,0.0,0.0,0,2204.26,4355.46,2,1,1,1,1,1,2
4acbc193-4b5c-4bbb-a523-1fb8de312371,423,12,104626.39,4517.982666666667,1,0.0,0,0.0,104435.08,8702.923333333334,8718.865833333333,0.0018285061732512,8683.157163120568,801.88,18009.91,0,0.2045616281425743,0.0365505537028362,0.000902857545568,0.0,0.0099263580781476,0.0196345902162376,0.0057190553212579,0.0245460624916455,0.0041327109626382,0.0251667351621696,0.0034595655023197,0.1208309506728965,0.3313503470289868,0.1402910784383944,0.0183221959517817,0.0,34604.6,224.01,0.3307444708739353,31.0,3900.58,0.0,0.0,0,94.29,3817.16,3,1,0,1,1,1,5
4ad73aa4-e514-410f-9280-2066a46f8a50,421,12,136596.08000000002,5915.660000000001,1,13916.37,1,0.0,108827.29,9068.940833333332,11383.006666666668,0.2032912657522823,26846.133681710213,3172.0,53725.5,0,0.0653937996618311,0.0215512120167652,0.0040069912611073,0.0115552817680197,0.0055058800049142,0.0,0.0037429030898407,0.0286088167774829,0.0022956558047158,0.0452374583617767,0.0916065262674463,0.0831284138381099,0.3360464089476087,0.2198730667647792,0.004001937381699,0.0,36571.02,0.0,0.2677311091211402,32.0,13638.42,72.27,1.0,1,1693.6,2345.36,2,1,0,1,1,1,0
4adc598a-e25c-43c2-aaf4-7510020ce1dc,602,12,92971.06,0.0,0,0.0,0,0.0,79977.88,6664.823333333334,7747.588333333333,0.1397551022866685,27043.51727574751,1799.61,38834.99,0,0.2578996842626986,0.0256345879635719,0.0935504917109581,0.0480362820319818,0.015760857877203,0.1253671640208518,0.0104442628386748,0.0,0.0,0.0344118898875539,0.0243447313182094,0.000868490137523,0.0077840272835439,0.2487141444609435,0.0,0.0,622.55,1476.84,0.00669616975433,56.0,3326.46,0.0,0.0,0,11323.81,2050.2,4,1,0,0,0,0,1
4addee81-91a5-4b1d-bc39-6552fd01b1b8,396,12,70754.26,0.0,0,0.0,0,0.0,65782.21,5481.850833333334,5896.188333333333,0.07027209386403,8585.039999999999,-1693.59,12360.07,1,0.5782663732337361,0.0193602495264297,0.0621801851898864,0.0,0.019695446534861,0.0,0.0,0.0,0.0,0.027655805422165,0.0,0.0,0.0019161715606696,0.1231456042598751,0.0038061962345138,0.0,126.05,520.95,0.0017815181728987,0.0,0.0,0.0,0.0,0,4090.35,1273.56,4,0,0,0,0,0,1
4b14a1d2-74ea-42b9-a5be-cf3bf462018e,396,12,128416.17,6028.192857142857,1,13279.16,1,0.0,111138.59,9261.549166666666,10701.3475,0.1345436482025589,22727.669873737374,2829.9,41132.87,0,0.051583702834452,0.0344730844614818,0.0004654548883515,0.0,0.0084588980299282,0.0384158193837082,0.0,0.026171467534364,0.107226571796529,0.0276372950205684,0.0003830352715469,0.1055743104172907,0.2801384289651326,0.1567388069256592,0.0129209845113205,0.0,31134.19,0.0,0.2424475827304303,22.0,1579.34,98.99,2.0,1,51.73,3831.29,3,1,0,1,1,1,0
4b6a20a4-a9d9-43d6-bc61-f2ec3dddffb7,448,12,108271.35,4813.876,1,0.0,0,0.0,110889.24,9240.77,9022.6125,-0.0241789725536812,15505.921294642858,618.51,26932.28,0,0.1352206940907882,0.0234283326317323,0.0223128051017393,0.0,0.0136058286629072,0.071757638522908,0.0028162335678376,0.0,0.0123416843690154,0.0300952554098125,0.0567517641928107,0.1140829353686615,0.2961602045428393,0.1539767068473009,0.0,0.0,32840.98,528.02,0.3033210539999733,38.0,3937.58,11.73,1.0,1,2474.25,2597.95,4,1,0,1,1,1,5
4be3d14b-55bf-4dbc-9c24-48b734185d17,433,12,131870.16,5450.414666666667,1,12972.28,1,0.0,111599.98,9299.998333333331,10989.18,0.1537131675581496,22854.188845265588,3602.79,39002.59,0,0.0782239387498098,0.0238444487176431,0.0193430142191781,0.0,0.007163979778491,0.0293043959326874,0.0,0.0231259002017742,0.0121372781608025,0.0018897852849077,0.018214519393283,0.1311912421489681,0.4203881577756555,0.1371383758312501,0.0095030482980373,0.0,46915.31,0.0,0.3557689624400243,21.0,3467.22,0.0,0.0,0,2158.68,2661.04,2,1,0,1,1,1,0
4c6b31b9-e327-4a76-ac3b-1ed452743b42,533,12,80081.89,0.0,0,0.0,0,0.0,82766.32,6897.193333333334,6673.490833333333,-0.0335210620029073,9489.47305816135,-1743.06,14060.94,1,0.3078549342292855,0.027702814381502,0.0377521919544085,0.0305699226448632,0.0196700783603765,0.030368633038173,0.0,0.0156249546917151,0.1742400773648024,0.0279569032427683,0.0174516639135339,0.0092544890240377,0.05138624020012,0.1573812874608899,0.0112958991048532,0.0,4253.05,735.1,0.0531087615439645,21.0,5685.44,0.0,0.0,0,5654.77,2292.86,5,1,0,1,0,0,1
4ca9d930-a8f9-4244-81ec-93c5c1b09bb6,631,12,51482.37,3636.4157142857134,1,0.0,0,0.0,94618.07,7884.839166666666,4290.197499999999,-0.8378732369935572,-5594.890903328051,-15098.04,-12456.33,1,0.2893377554625665,0.0112250228735377,0.0289200572364242,0.0850706424259129,0.0156559946741674,0.1150932374756745,0.0150901408155968,0.0,0.0005668050510859,0.0122601317063431,0.0417169785855915,0.0,0.0,0.2998832041279218,0.0058960196503691,0.0007139228267919,0.0,1494.0,0.0,61.0,6402.78,0.0,0.0,0,10785.58,1062.09,4,0,1,1,0,0,4
4d240b16-9de5-4ffb-93d3-258750d47ca2,428,12,130153.85,5795.372666666666,1,13030.84,1,0.0,113701.73,9475.144166666669,10846.154166666664,0.126405173569587,21314.92691588785,4902.8,37775.57,0,0.1459713058015915,0.0474446606924978,0.027205654654507,0.0,0.0093426898605676,0.0199793793814746,0.0,0.0112080968337069,0.0091644164077362,0.0229925261471395,0.0193590721970545,0.0974283328846447,0.388042908406055,0.1602851601290499,0.0014514291031455,0.0,44121.15,0.0,0.3389922772165403,33.0,9808.46,0.0,0.0,0,3093.33,5394.54,3,1,0,1,1,1,0
4de0d8e2-25c5-40c7-b801-3fa9918cf186,436,12,97107.25,4731.392000000001,1,0.0,0,0.0,120550.08,10045.84,8092.270833333333,-0.2414117380525141,1720.038669724771,-4799.87,-688.2,1,0.0828057517672323,0.021446522474311,0.0102548252145498,0.0,0.0052929039947547,0.041940826584271,0.0047825766685513,0.0273957512097876,0.0094850206652704,0.0013609281719265,0.0705789660197653,0.0933068646657057,0.3741372880051178,0.1773910892468922,0.0017585222672602,0.0,45102.28,524.61,0.4644584209726874,21.0,3354.62,0.0,0.0,0,1236.22,2585.38,2,1,0,1,1,1,2
4e215fe6-e059-4f27-ace6-5ea63dfeeef1,510,12,141634.5,6210.657142857142,1,13484.39,1,0.0,126669.85,10555.820833333331,11802.875,0.1056568138412603,22852.288588235293,4697.82,39633.49,0,0.2204174868763166,0.0237834022855478,0.0086952025284627,0.0,0.007980194181962,0.0670521832938146,0.003000950897155,0.0270043739690226,0.0424296705174909,0.0032865752979102,0.007604572042992,0.1137039319143426,0.1700095168660893,0.1637224643433303,0.0056214639868919,0.0,21535.08,0.0,0.1520468529913262,51.0,12759.06,0.0,0.0,0,1101.42,3012.64,3,1,0,1,1,1,0
4e2861b6-91ee-4b98-8cbb-cea1f2c2169f,485,12,143329.7,6093.126666666667,1,14969.37,1,0.0,137852.67,11487.722500000002,11944.141666666668,0.0382128058594973,33546.554432989695,3425.4,51082.04,0,0.147298126325736,0.0178594292007546,0.0147149852084838,0.0,0.0069471994992915,0.0190892929386133,0.0,0.0226861764810213,0.0041011900603738,0.0814433264150777,0.0804249203152902,0.0790740578329023,0.1627350416934253,0.2444610612184733,0.0210067023003616,0.0,22433.46,0.0,0.1565164791386572,25.0,5831.84,0.0,0.0,0,2028.5,2461.97,3,1,0,1,1,1,0
4e396341-ba13-4db3-b7f0-5ba86cc98dce,540,12,148412.69999999998,6424.342,1,13497.66,1,0.0,138583.98,11548.665,12367.725,0.0662255992917046,25722.13327777778,3532.85,42318.55,0,0.1606973619894593,0.0176695026365962,0.007790222217604,0.007154217969494,0.0065780330453779,0.0736474013807367,0.0021654739602658,0.0165648294990517,0.0544958371090222,0.0031424988660305,0.0159290417261793,0.063184215087487,0.3162777544706105,0.1761645898753954,0.0191266696193889,0.0,43831.03,0.0,0.2953320706381597,48.0,7918.37,11.93,1.0,1,2071.06,2448.71,3,1,0,1,1,1,0
4e57220d-04d1-459c-9dc1-5521d4d448e3,321,12,52729.83,0.0,0,0.0,0,30084.0,71536.89,5961.4075,4394.1525,-0.3566683222760247,4615.490498442367,-3422.68,10352.14,1,0.1026991808002835,0.0437891554972546,0.0,0.0,0.0045801543790902,0.1540865139650325,0.0,0.0,0.0102945487286349,0.1771223210849674,0.0407838529184033,0.0,0.0046571775764923,0.3860100711674772,0.0,0.0,333.16,1050.02,0.0063182452892414,21.0,1561.08,0.0,0.0,0,0.0,3132.54,1,0,0,1,0,0,3
4f19812f-6978-4ed5-bcb1-050bc5ba03c5,342,12,101069.59,4710.798125,1,0.0,0,0.0,95025.91,7918.825833333333,8422.465833333334,0.0597972149684193,13017.02590643275,1877.04,19888.81,0,0.0758270033930745,0.0429339745338929,0.0005404841690019,0.0,0.0098745699988561,0.0451197994315445,0.0,0.0,0.0084594822612064,0.001061815666906,0.0303617192405734,0.1400828468782882,0.3959484313278347,0.1291012103961961,0.0015068521837886,0.0,37625.36,179.68,0.3722718178633157,19.0,3142.81,0.0,0.0,0,51.36,4079.84,3,1,0,1,1,1,5
4f61db79-95e1-4b5f-9751-c32e0749a2da,648,12,54934.05,3879.598571428571,1,0.0,0,0.0,66482.89,5540.240833333333,4577.8375,-0.2102309951660219,7813.3527006172835,-2584.88,19146.37,1,0.0563149405809524,0.0243561914952854,0.0665580271856412,0.1284131902208222,0.0341528474469145,0.1815849160588535,0.0225075955633095,0.0,0.0469251562319267,0.0086936653927047,0.0119060708702645,0.0,0.004320359719621,0.3133161028348797,0.0183226090201554,0.0,287.23,1545.03,0.0052286332429522,23.0,833.3800000000001,0.0,0.0,0,12962.25,1619.27,7,0,0,1,0,0,4
504063ac-d6f7-45f0-a652-fc36925e3430,325,12,54790.94,0.0,0,0.0,0,28663.800000000003,41035.9,3419.6583333333333,4565.911666666667,0.2510458845933287,13433.3828,2205.06,24182.35,0,0.2772596677543322,0.0708755016948574,0.0,0.0054752058563355,0.0205541976659461,0.0584147051727877,0.0,0.0,0.0,0.0129547542517649,0.0406480666928226,0.0,0.0,0.2076320977485568,0.0245036663019453,0.0,0.0,326.16,0.0,48.0,6148.05,0.0,0.0,0,224.68,2908.44,2,0,0,0,0,0,3
5086826d-ff73-4eaa-ac8c-f3b66c1bbaa3,484,12,76243.51,0.0,0,0.0,0,0.0,60918.24,5076.52,6353.625833333333,0.201004255968803,17389.061590909092,1932.09,34314.98,0,0.3185574632491023,0.016584195472489,0.0604362502921949,0.0585745747086586,0.0164975219244679,0.0747700524506289,0.0,0.0280825578677256,0.0380219454797118,0.0182992811348456,0.0141762138893047,0.016839619792036,0.0044709105187543,0.1792934267306475,0.014334951239563,0.0,272.36,1033.52,0.003572238476429,17.0,863.59,0.0,0.0,0,7249.93,1010.28,3,1,0,1,0,0,1
5182fdf7-e56e-4086-8002-104dd76e7a40,417,12,137950.76,5808.148666666666,1,13697.01,1,0.0,118350.55,9862.545833333334,11495.896666666667,0.1420812034670922,24630.832230215827,3277.33,42701.9,0,0.1670435836588845,0.0281037984191877,0.0031051820207003,0.0,0.0086722875390101,0.034674194585492,0.0,0.0221802095554266,0.0161193167247638,0.0286599428562013,0.0387660217886609,0.0918343852225443,0.3199146096067995,0.2058058876785955,0.0076281014325662,0.0,37862.07,0.0,0.2744607568671604,36.0,7386.3,0.0,0.0,0,367.5,3326.1,3,1,0,1,1,1,0
518a504b-aa6c-4de6-a2d5-9512d2c33b8e,661,12,49388.97,3519.61,1,0.0,0,0.0,91536.33,7628.0275,4115.7475,-0.8533759663341836,979.371164901664,-8856.91,-6473.31,1,0.1678129328540919,0.0161413506527954,0.0279740295465199,0.0978599426042097,0.0219277963186857,0.0557561134469778,0.0190140898154863,0.0,0.0074999729615552,0.0772579586706174,0.0753509562815114,0.0157995191635932,0.013846087121911,0.3172860436943452,0.0025724212452039,0.0,1267.42,989.16,0.0256620050995191,40.0,5871.08,0.0,0.0,0,11518.38,1477.52,6,1,0,1,0,0,4
51c24ecc-b042-47ac-9420-e8a46d0296ba,441,12,144740.57,5524.75125,1,14003.23,1,0.0,106866.29,8905.524166666666,12061.714166666668,0.2616701039660132,37183.48222222222,3378.96,62605.07,0,0.1065512801090035,0.0294748699519745,0.0119893747598049,0.0183213059983648,0.008901871675343,0.0299847594596949,0.0,0.0280569298325973,0.0153081949415479,0.0631038094426222,0.0047001725240017,0.119301418623216,0.2833163760059417,0.2077918116180509,0.0066138723445906,0.0,30276.97,0.0,0.2091809504411928,17.0,6162.19,4.05,1.0,1,3239.19,3149.87,3,1,0,1,1,1,0
5215c76e-b4a7-4b95-b5cf-8452e695f780,469,12,110967.37,5281.35625,1,0.0,0,0.0,100669.79,8389.149166666666,9247.280833333332,0.0927982703383886,17149.330234541576,888.66,29965.39,0,0.1402044247832443,0.0226352910838494,0.0157103734894053,0.0201925523039235,0.0096852293026537,0.0485348186382429,0.0,0.0260991902337334,0.1059596925751012,0.0229033953482966,0.0,0.1217873803054521,0.230735258313343,0.1658127030959337,0.0167825918778612,0.0,23228.07,417.74,0.2093234254357835,26.0,8807.550000000001,346.13,1.0,1,3614.34,2278.69,3,1,0,1,1,1,5
524be208-e89d-4f44-ab6d-8ae7e6f5646a,485,12,133708.04,5468.410666666667,1,13615.36,1,0.0,140650.11000000002,11720.8425,11142.336666666668,-0.0519196153051081,16620.053525773197,3042.23,21411.76,0,0.1247716052266152,0.0256936165922657,0.0492281875926012,0.0,0.0069338019003326,0.0195702655333863,0.0,0.014849899513054,0.0463750081674305,0.0365127336196182,0.0066538163389989,0.1066066709794966,0.2494878247873393,0.1660539049702841,0.0029791658179293,0.0,35090.49,0.0,0.2624411366736061,30.0,8287.33,0.0,0.0,0,6923.95,3613.81,3,1,0,1,1,1,0
52ebecc0-7602-413a-973f-74e3f795a6f9,516,12,104661.89,4984.074666666666,1,0.0,0,0.0,140311.27,11692.605833333331,8721.824166666667,-0.3406147165888175,-5764.132635658914,-17839.47,-13101.96,1,0.2131825191233747,0.0155048129776032,0.0063502382951846,0.0135634863828115,0.004267725607501,0.0393147321665608,0.0,0.0146683156670166,0.0774511555629138,0.0055609217990828,0.0427885087206466,0.1052931813673983,0.2089243437109507,0.1324090359954692,0.0020358307639863,0.0056231406073083,29314.44,2039.02,0.2800870498325608,44.0,10809.73,0.0,0.0,0,2794.12,2175.5,2,1,1,1,1,1,2
52fbdb4c-c676-40f8-b5ae-b0243b2a4357,496,12,99410.19,4793.456666666666,1,0.0,0,0.0,122750.8,10229.233333333334,8284.1825,-0.2347909203271817,3812.306310483871,-4039.77,1608.76,1,0.0773425509243117,0.0402762344522398,0.0137246356031895,0.0,0.0072065518106602,0.0515747351544755,0.0037347210771742,0.0233182187000003,0.1361051007406876,0.003584009228453,0.0403442584488247,0.100289122351952,0.2190988571968573,0.1740747921805805,0.0,0.0,26894.56,583.85,0.2705412795207412,24.0,5200.95,106.96,2.0,1,1684.71,4943.94,3,1,0,1,1,1,2
53b468d9-1418-467a-b317-beb643055ea8,440,12,103707.08,5091.152857142857,1,0.0,0,0.0,121189.64,10099.136666666667,8642.256666666666,-0.168576340207438,3701.2798409090906,-3741.61,3625.43,1,0.0722898425971065,0.0191792796810024,0.0268326566528294,0.0,0.0057329157838904,0.0312615005705108,0.0031291453625903,0.0190419742149576,0.0364039368381653,0.0583250350442496,0.0,0.1041062585877802,0.4012650751334849,0.1276934232992193,0.003331802949493,0.0,48629.17,894.14,0.4689088729525505,15.0,2328.96,0.0,0.0,0,3251.84,2324.33,2,1,0,1,1,1,2
53f008ba-47aa-4b06-91a0-8f32195318d6,413,12,100643.85,4618.076666666666,1,0.0,0,0.0,79818.33,6651.5275,8386.9875,0.2069229267362088,24924.73324455206,1269.32,42966.56,0,0.0675323575424341,0.0464622599846426,0.0511053037566684,0.0233393758050312,0.0076124118357274,0.0730946137309562,0.0,0.0,0.0023677518685244,0.0365006383871975,0.0039832955663191,0.0951808939124634,0.26643691994057,0.1700639439587373,0.0067092358359289,0.0,21266.55,750.8199999999999,0.2113050126758863,50.0,6625.22,34.62,1.0,1,5942.05,3708.54,2,1,0,1,1,1,5
555e8c9c-3598-4993-8c43-778d7155ebdb,344,12,57474.11,0.0,0,0.0,0,31240.56,41994.09,3499.5075,4789.509166666667,0.2693390119481624,12128.655,415.52,25924.8,0,0.2019674673269501,0.040871465484786,0.0,0.0,0.0062856463850032,0.0240824363618785,0.0,0.0024336757862832,0.0110032149762026,0.0118692892261744,0.1169736027140962,0.0543497906491127,0.1192889285135122,0.1518287454258444,0.0305469174352867,0.0,5009.43,644.14,0.0871597663713279,42.0,3379.14,33.81,1.0,1,0.0,1716.36,1,1,0,1,0,0,3
556c008e-650f-4cc3-a8a0-34ebdc3ec436,485,12,130882.91,6099.088571428571,1,13625.99,1,0.0,139060.3,11588.358333333332,10906.909166666666,-0.0624786689110135,16531.64705154639,1960.48,31196.62,0,0.1697570046950854,0.0243404479927053,0.0152147665437223,0.0079342558587893,0.0079469841500413,0.0450868436210766,0.0,0.0147643863848992,0.0065347910223119,0.1448787324635427,0.0,0.0426637940519328,0.2192413650768767,0.2703357464351795,0.0051272721258331,0.0,30487.77,0.0,0.2329392737371135,34.0,14078.21,0.0,0.0,0,3219.11,3384.79,3,1,0,1,1,1,0
55d80699-3d71-49fb-8e60-ccf57846221e,349,12,52027.41,0.0,0,0.0,0,30422.64,58531.91,4877.659166666667,4335.617499999999,-0.1250206381597701,9156.4876504298,1206.79,14286.87,0,0.1630039067578693,0.0559631489900124,0.0091322835697656,0.0042986808392208,0.0051893061408725,0.1125919178103021,0.0,0.0,0.0009866413038631,0.0065793171622111,0.1103234116228225,0.0172302595285204,0.0046060345544848,0.3266221792523087,0.0551611932704741,0.0,269.6,437.5,0.0051818839338725,36.0,10153.98,0.0,0.0,0,786.14,3275.63,1,1,0,1,0,0,3
55de81d7-6bf6-46a4-af4b-e2540ee693ed,428,12,78277.68,0.0,0,0.0,0,0.0,90013.14,7501.095,6523.139999999999,-0.1499208969913263,8817.63128504673,592.6,14353.68,0,0.3891286316642215,0.0439830229230976,0.0597573865326773,0.0,0.0143330184904115,0.0265855629522534,0.0,0.0,0.0096264834223092,0.0028230322817313,0.1479277358838942,0.0187322650892969,0.0,0.2098354751317419,0.0005758048213849,0.0,0.0,1213.48,0.0,20.0,964.41,0.0,0.0,0,5378.95,3959.05,4,1,0,1,0,0,1
55ffd84f-6e13-4bc4-a393-915939c2a2fa,458,12,133732.4,5971.460666666667,1,13294.91,1,0.0,125630.54,10469.211666666666,11144.366666666669,0.060582626199784,22824.154192139737,2831.94,36156.16,0,0.1246148428558852,0.0329755010206913,0.0294659244479885,0.0,0.0058236635773435,0.0360141729869186,0.003785862896076,0.0193125811605999,0.0282609626608307,0.0001713755270016,0.0099798186014324,0.0999112158556351,0.3436877689135142,0.1437741969428771,0.030933720415434,0.0,43177.68,0.0,0.322866261279989,5.0,2716.9,0.0,0.0,0,3701.82,4142.73,2,1,0,1,1,1,0
5632e8de-b65c-4cea-a30f-d64724110ca0,469,12,80939.91,0.0,0,0.0,0,0.0,89284.41,7440.3675,6744.9925,-0.1030949997349885,14092.146908315566,52.8,28899.28,0,0.2866514994051033,0.0259240106979482,0.0568475504290166,0.0,0.0126528248324651,0.0407745316343581,0.0098730562256053,0.0,0.0,0.1524949316459615,0.0,0.0088352490653183,0.0126429686884866,0.2636431152986283,0.0038824247144602,0.0,1128.82,368.2,0.0139463955420755,23.0,1089.89,0.0,0.0,0,5075.6,2314.61,3,1,0,0,0,0,1
5656f6a9-93e9-4209-8184-0593d763cc64,368,12,142081.09,6207.398571428572,1,13286.05,1,0.0,95276.66,7939.721666666667,11840.090833333334,0.3294205442821419,36844.7452173913,3555.08,66694.24,0,0.1741565038069134,0.0297013980129026,0.0191049938148545,0.0,0.0069253057359483,0.0568772037139001,0.0,0.0,0.0,0.0049519997867263,0.0361946986806632,0.0755065301407501,0.3535004270720656,0.1582271040987373,0.00791893838428,0.0305105153770083,33680.34,0.0,0.2370501239820161,37.0,5610.95,0.0,0.0,0,1820.26,2829.85,2,1,1,0,1,1,0
56e47600-db82-4f1d-bbdc-c15e7e787f93,496,12,132078.88,5696.364,1,14025.1,1,0.0,119623.65,9968.6375,11006.573333333334,0.094301450769419,22903.10586693548,4323.06,38068.76,0,0.1261050803917118,0.0273380723627811,0.0023528792174457,0.0,0.0057872335445373,0.0322740528315262,0.0053960901544134,0.0199802463810458,0.0382304000922894,0.0430567032522415,0.0135322739274382,0.0976792632560534,0.3270726148215674,0.1684538968673836,0.0125943323080344,0.0,39125.62,0.0,0.2962291927369463,40.0,7055.99,0.0,0.0,0,281.46,3270.28,2,1,0,1,1,1,0
57578f1e-c9e5-4e0a-b8d5-f13947d84d83,450,12,79652.95,0.0,0,0.0,0,0.0,72154.4,6012.866666666666,6637.745833333333,0.0941402672468502,22796.252333333334,763.94,33236.74,0,0.3322685796015212,0.0385409621589258,0.0450575432683246,0.0,0.0135600878116927,0.0301086281640482,0.0,0.0,0.0569546694311088,0.0803686261683279,0.1016359362699987,0.0212638453095029,0.0,0.1968299923497389,0.0,0.0,0.0,985.12,0.0,85.0,12323.97,36.92,1.0,1,3251.1,2780.9,3,1,0,1,0,0,3
575f77a7-3d08-4139-967c-069e0215794e,457,12,84140.2,0.0,0,0.0,0,0.0,120484.77,10040.3975,7011.683333333333,-0.4319525030841382,3745.487286652079,-5051.4,-4986.22,1,0.3618228262377062,0.0494781207616531,0.0236202467747583,0.0,0.0089110017805569,0.0784244348891565,0.0,0.0,0.0,0.1548733503827911,0.0,0.0045865547985857,0.0119396003328885,0.2283301034645292,0.005301499932315,0.0,1438.54,949.19,0.0170969405825039,41.0,5964.91,0.0,0.0,0,2845.88,5961.36,3,1,0,0,0,0,1
57945a5c-404b-423d-afdc-4192ed6a9ca9,532,12,74788.15000000001,0.0,0,0.0,0,0.0,75169.26,6264.105,6232.345833333334,-0.0050958607747348,15907.280996240605,670.47,24437.75,0,0.4505514621269386,0.0457546076680813,0.0585076931713841,0.0,0.0208698342913047,0.0145355960667964,0.0071837876280809,0.0017686751206543,0.0176981920535069,0.0076263887658332,0.1200188747368272,0.0168229672608191,0.0,0.1395815257460297,0.0077443891292797,0.0046440526353458,0.0,1463.04,0.0,47.0,5279.46,0.0,0.0,0,4397.9800000000005,3439.34,5,1,1,1,0,0,1
5795370d-387c-494d-850c-4ecf38a11c73,421,12,98239.7,4507.75375,1,0.0,0,0.0,100923.52,8410.293333333333,8186.641666666666,-0.027319098083565,14101.67619952494,1655.93,16917.67,0,0.1549995481727153,0.0500753441814157,0.0008329079286968,0.0195334050972459,0.0081076244665267,0.0420042820543714,0.0,0.023758287463616,0.0,0.0225883916851096,0.0115136689643801,0.0688512449823391,0.3540196576576006,0.1445912706968603,0.0172179884332215,0.0,35728.91,784.7299999999999,0.3636911554086586,25.0,6711.1,11.06,1.0,1,2055.44,5053.78,2,1,0,0,1,1,5
57afecb9-c2f8-4d8c-8889-16e3ff9f5f36,361,12,56063.6,0.0,0,0.0,0,31237.92,50260.17,4188.3475,4671.966666666666,0.1035151149765623,13607.221163434902,2544.07,20561.87,0,0.4693690849036125,0.0311733923701412,0.0,0.0,0.0135715816321353,0.1627587013732743,0.0,0.0,0.0021215606712034,0.0434475251476467,0.0206083664261382,0.0,0.0,0.1617911360029224,0.0127850741451929,0.0,0.0,425.35,0.0,52.0,7153.7,0.0,0.0,0,0.0,1566.78,2,0,0,1,0,0,3
57d76681-aa97-40bb-b05e-f49f41982dde,558,12,85787.27,0.0,0,0.0,0,0.0,94013.55,7834.462500000001,7148.939166666667,-0.095891616553365,8690.14700716846,-2578.6,10620.9,1,0.270267424217041,0.0313013390091109,0.0265017117213422,0.0381600311869937,0.0100697186735316,0.083195454272283,0.0076713409928675,0.0,0.1174942335439944,0.0604656456436332,0.0,0.0139739431177739,0.0056518448670431,0.2355203053176909,0.0046082718927218,0.0,531.35,506.43,0.0061938094078527,45.0,2024.51,0.0,0.0,0,6079.08,2942.75,3,1,0,1,0,0,1
57eaffcd-5f52-46d6-977d-1047828361d8,678,12,55721.38,3971.805714285714,1,0.0,0,0.0,77081.72,6423.4766666666665,4643.448333333333,-0.383341905746053,5849.556135693216,438.34,6871.51,0,0.2218625894699806,0.0431329243820713,0.088035399313871,0.105177466200806,0.0303711437679387,0.0720450970735992,0.0199156168284776,0.0,0.0,0.0225633262983752,0.0015386267976376,0.0109383910997315,0.01430637510424,0.2740117890467415,0.0341668556435948,0.0,1102.76,659.9100000000001,0.0197906082010172,33.0,5365.259999999999,0.0,0.0,0,14893.18,3324.76,7,1,0,0,0,0,4
57f251da-62eb-4fa9-a7b8-1145f5bd5a0b,439,12,134934.32,5760.882666666667,1,14322.48,1,0.0,93630.93,7802.577499999999,11244.526666666668,0.3060999603362585,33542.514533029615,2714.57,54567.02,0,0.1293740220245596,0.0300537439925033,0.0023309605063198,0.0,0.0067877142734777,0.1039311475385324,0.0024133050905293,0.0220839417060153,0.0728060695327922,0.0101157811847003,0.0,0.0680401230661705,0.2201099572545097,0.2045841048465501,0.0211699275015211,0.0023768855014042,20609.1,0.0,0.1527343080692888,11.0,1260.3,0.0,0.0,0,218.25,2813.96,2,1,1,1,1,1,0
5835a2cc-6824-4162-9d83-acc010ae9ea1,414,12,104785.93,4782.875625000001,1,0.0,0,0.0,102761.49,8563.4575,8732.160833333333,0.0193197693621653,11139.263164251208,674.08,21161.86,0,0.167183153922739,0.0314486487107183,0.001864803634124,0.0132908738477809,0.0098047430024613,0.0775737097622854,0.0036698572587843,0.0,0.0,0.026090318464631,0.0,0.1089809032547114,0.2168937021057207,0.1693601367594027,0.014232763654945,0.0,22288.32,178.93,0.212703365804932,28.0,6848.0,235.99,4.0,1,1557.42,3231.71,3,1,0,0,1,1,5
583af7fd-6b49-4abc-9052-16d233800d36,430,12,133516.59,5513.120625,1,13586.18,1,0.0,121743.75,10145.3125,11126.3825,0.0881751099245419,21659.86939534884,3278.08,31366.05,0,0.1508708249910159,0.0269078289439909,0.0099088454232763,0.0074773448328969,0.0053872170029262,0.0217174187586631,0.0,0.0167837774013039,0.1056434519225833,0.0219727912110477,0.0003564864726115,0.1242433389804404,0.2931990348580522,0.1476926741619179,0.0111597515272857,0.0,35695.15,0.0,0.2673461777296739,22.0,1722.52,0.0,0.0,0,2116.66,3275.86,2,1,0,1,1,1,0
585c3ef5-d712-46c2-bbb3-37c6a40e0085,474,12,113288.97,5189.7225,1,0.0,0,0.0,97761.64,8146.803333333333,9440.7475,0.1370595036745413,21361.71316455696,1112.82,35019.35,0,0.1391205180273162,0.0229606418222934,0.0358612028194289,0.0,0.0112824416611668,0.0287156598436769,0.0,0.0282806221335894,0.0395520165169078,0.0494877131766611,0.0097344929974578,0.0853893203919246,0.2546094766822651,0.174652655172315,0.0026577909290392,0.001687983139399,24891.04,551.26,0.2197128281773592,39.0,7890.48,0.0,0.0,0,3505.85,2244.67,3,1,1,1,1,1,5
586166f3-24e0-4213-ac2a-fb4e5c3747cd,402,12,100694.76,4630.944375,1,0.0,0,0.0,126003.5,10500.291666666666,8391.230000000001,-0.2513411820039095,1364.555696517413,-5714.13,494.57,1,0.0411171118262587,0.0270117099921827,0.0447453443753546,0.0,0.0046595531076517,0.014225001686461,0.0,0.0268839357636891,0.0014955140134996,0.0161786775764165,0.0512780994178733,0.1239300495621153,0.3980119599852385,0.1665656906355775,0.0039044947164166,0.0,50150.9,1090.84,0.4980487564596211,29.0,6196.78,0.0,0.0,0,5638.07,3403.57,2,1,0,1,1,1,2
5865ce27-0681-4dcc-9475-3df9d15a6858,432,12,109856.14,5047.481333333333,1,0.0,0,0.0,135639.7,11303.308333333334,9154.678333333331,-0.2347029487837458,4055.9077777777775,-1005.79,5004.13,1,0.1120689591616613,0.0137417732419048,0.0400001621944017,0.0,0.0070422597513854,0.0157546057680752,0.0,0.0242561727871707,0.0914381261533312,0.0896309856185173,0.0138588481101034,0.0573976498031181,0.3061643456893521,0.1978603609415238,0.0031459815968333,0.0035851598020343,41528.04,686.13,0.378022020435089,18.0,6094.72,0.0,0.0,0,5425.61,1863.93,3,1,1,1,1,1,2
58854f5e-1d3f-4c31-a65f-ae4d4eb1ed4d,527,12,98694.03,4565.926666666666,1,0.0,0,0.0,127644.72,10637.06,8224.5025,-0.2933378037151791,294.9389753320683,-7661.84,-1289.01,1,0.0553065571376552,0.0234015163337739,8.492321499863057e-05,0.0203141970933071,0.0067818708051535,0.0365404068417401,0.0038483377925855,0.0245467262570672,0.0331775572072233,0.0343042783124911,0.0339995261848668,0.1105972891005597,0.3136624844333553,0.1994795397725812,0.0082782899284827,0.0,40037.36,849.9499999999999,0.4056715487248823,44.0,4481.94,0.0,0.0,0,2603.84,2987.08,3,1,0,1,1,1,2
58dcd24a-425e-4ea8-9f33-ae6ada5e7ca4,679,12,55242.01,3919.035714285714,1,0.0,0,0.0,78058.01,6504.8341666666665,4603.5008333333335,-0.4130190049203494,8931.417835051547,893.69,17428.83,0,0.1703367790185786,0.0125017278816101,0.1254323547320768,0.0965521667795528,0.0190050963379671,0.1104812946166575,0.0221609543978894,0.0,0.0040198308924349,0.0805213968431939,0.0328937414622791,0.0019060183573729,0.0,0.2555822266030098,0.0111964166137466,0.0,0.0,2730.52,0.0,31.0,4705.41,0.0,0.0,0,17327.67,975.86,5,1,0,1,0,0,4
595db4d9-ce6b-45bf-98f4-61bce252e85f,446,12,83330.31999999999,0.0,0,0.0,0,0.0,75425.31,6285.4425,6944.193333333333,0.0948635502659775,15336.121771300448,-4276.48,28504.5,1,0.386997282477195,0.0354276303272734,0.0462509202812689,0.0,0.0136643787078899,0.1418183100606414,0.0,0.0,0.0,0.0365364093299716,0.0045943463805452,0.0052750197513275,0.072989027158125,0.1723865636084227,0.0038301466709251,0.0,5505.22,1289.54,0.0660650289114454,51.0,5865.07,0.0,0.0,0,3488.49,2672.1400000000003,3,1,0,0,0,0,1
5980d284-b05c-44dc-9303-849b5e8a0db8,438,12,99134.58,4980.539333333333,1,0.0,0,0.0,97308.82,8109.068333333334,8261.215,0.018416984265228,10847.756232876713,1028.54,16567.28,0,0.2111546517571582,0.0385281621953693,0.0,0.0244018990262136,0.0085997343303515,0.0302664239480038,0.0044246759954544,0.0,0.0,0.0438122669661393,0.0004501133607416,0.1601470452524241,0.3234226866588249,0.1269121339668901,0.0052183347819858,0.0,31471.88,228.05,0.3174662161276115,32.0,4754.69,0.0,0.0,0,2374.52,3749.13,3,1,0,0,1,1,5
598d2225-1ce9-4586-a04f-747f1d1d3526,480,12,129505.65,5654.814666666667,1,13797.23,1,0.0,120189.61,10015.800833333333,10792.1375,0.0719353943244946,27377.071645833334,4530.28,46899.67,0,0.1135680530122362,0.0214609232861309,0.0113587189441749,0.0144498347236504,0.0061764906300968,0.0159148532056972,0.0025483899981038,0.0229229465009496,0.0082449722567533,0.0021155738836327,0.1672160347304563,0.0796632920266568,0.1891699290812242,0.2644639582406499,0.003209012825651,0.0,22736.26,0.0,0.1755619156384296,32.0,8166.96,0.0,0.0,0,3101.92,2579.38,2,1,0,1,1,1,0
59a6f4be-31de-4d78-bebe-1c92ebe565bb,392,12,115607.29,5334.545,1,0.0,0,0.0,99142.04,8261.836666666666,9633.940833333332,0.1424239768962666,18886.507295918367,-842.47,33807.25,1,0.0591349542535134,0.0336493983783266,0.0022363873085524,0.0,0.0074277269259337,0.0037433161552858,0.0,0.029300789049731,0.1895957557459983,0.0122682567354877,0.0510898303081114,0.082015358973852,0.2758905303945732,0.1472769775566449,0.0240281519323185,0.0,27352.35,138.28,0.2365971038677578,0.0,0.0,0.0,0.0,0,221.72,3336.07,2,1,0,1,1,1,5
5a46b711-d020-4f63-a6d1-530061b916a3,347,12,59087.65,0.0,0,0.0,0,33110.64,42852.53,3571.0441666666666,4923.970833333333,0.2747633388703053,9881.589221902015,-32.96,21541.1,1,0.3058645545548886,0.0728400400163071,0.0027804659374837,0.0,0.0087733443042919,0.0405728669929173,0.0034775076290711,0.0005374245114582,0.1284745614786338,0.00307449758509,0.0,0.0725870794559854,0.0,0.1227197087313164,0.0150588541680036,0.0,0.0,151.5,0.0,42.0,5304.929999999999,0.0,0.0,0,119.15,3121.38,1,1,0,1,0,0,3
5b0cbe51-c154-45d8-91b0-a06c7befd220,384,12,103431.82,4781.616666666667,1,0.0,0,0.0,96455.23,8037.935833333333,8619.318333333335,0.0674510996712618,19056.54348958333,1033.58,32408.36,0,0.111037317520263,0.045076975089894,0.0,0.0,0.0061364220478246,0.0200022331603999,0.0046825869369654,0.0214433162411203,0.0052509335159949,0.0380638768887907,0.0670535957459227,0.1639497412426469,0.2581331255961963,0.1705686669349085,0.011337073168557,0.0,24898.29,822.17,0.2407217624131529,28.0,6721.780000000001,0.0,0.0,0,0.0,4347.91,2,1,0,1,1,1,5
5c118360-56d6-42df-80c5-878c44166006,489,12,127795.03,5560.419333333333,1,13739.84,1,0.0,108655.35,9054.6125,10649.585833333333,0.1497685786372131,27522.717116564418,4325.2,41981.39,0,0.0895534366232311,0.0284166403218985,0.0300382815940494,0.015680958185676,0.0062539948562127,0.0417337020220357,0.0052333364164765,0.0279971487828257,0.0510588756098986,0.0185325434964776,0.0159231920011301,0.1320132878868827,0.2595563863169186,0.1837281827355947,0.0,0.0131208449468894,28202.19,0.0,0.2206829952620223,39.0,6953.110000000001,0.0,0.0,0,4967.64,3087.62,2,1,1,1,1,1,0
5c32d991-6beb-4913-988e-8d3d763efa8f,436,12,50880.82,0.0,0,0.0,0,28770.96,79709.61,6642.4675,4240.068333333334,-0.5665944456083845,251.71188073394492,-7938.43,3435.81,1,0.1710689589373226,0.0464868665145896,0.019062444289967,0.0002940674280052,0.0078597800189964,0.0388823882088997,0.0023261937926932,0.0,0.0102746707705632,0.1918337073785707,0.070358517624161,0.007240155860755,0.003816854705474,0.340925015189511,0.0212400989040091,0.0,304.24,650.9,0.0059794633812898,82.0,7821.95,0.0,0.0,0,1542.9,3705.45,2,1,0,1,0,0,3
5ca72b12-801e-4084-bdfe-c944b025f87c,421,12,137917.02,5957.435333333333,1,13538.57,1,0.0,104963.57,8746.964166666667,11493.085,0.2389367896725145,28366.915154394297,2469.89,50313.45,0,0.1115167862526017,0.0373123741884922,0.007306344477422,0.0,0.0089293837852504,0.0141968303860091,0.0,0.033937393707169,0.0131369388445915,0.0076746627425115,0.0202022473130439,0.1029696303203101,0.3579752479836576,0.1280895838432324,0.0132436425323567,0.0,37574.36,0.0,0.2724417914482201,26.0,4914.24,0.0,0.0,0,766.9,3916.44,3,1,0,1,1,1,0
5cb1b439-173e-4f41-a826-03f55a49b9e1,345,12,138789.52,6005.3,1,13791.85,1,0.0,96734.83,8061.235833333333,11565.793333333331,0.3030105587223011,37306.03704347826,3844.7,61676.7,0,0.0704880548195515,0.0325055618539878,0.0069341104956715,0.0,0.0101297536781736,0.0239646877965258,0.0,0.0,0.0,0.0745971228770444,0.0068423131564918,0.1325533936432203,0.3560934567208109,0.1600072073316302,0.0013493588607123,0.0,34446.64,0.0,0.2481933794424824,32.0,5123.08,32.74,1.0,1,670.77,3144.42,3,1,0,0,1,1,0
5ce5ea58-ee1b-4a49-97bf-9b83032231be,451,12,134858.07,5319.492,1,14424.31,1,0.0,111992.47,9332.705833333332,11238.1725,0.1695530716107683,29283.67685144124,4369.54,48442.88,0,0.1498479317404107,0.0271689694851805,0.0220944318845722,0.0213034858504326,0.0093557182907029,0.0323793197881964,0.0,0.0203742269457937,0.0055600166689778,0.0203880671620154,0.0169204233106029,0.1379387382026666,0.2445113497362813,0.1924995493000556,0.0072434334201219,0.0118202589870551,27383.43,0.0,0.2030536993448,36.0,5313.47,0.0,0.0,0,4860.24,3042.72,3,1,1,1,1,1,0
5d190993-aec6-4a05-9b58-72adf07fba20,497,12,88170.14,0.0,0,0.0,0,0.0,80741.81999999999,6728.485,7347.511666666666,0.0842498378702813,22017.12064386318,1640.4,36476.74,0,0.334212927080415,0.0318959864912631,0.1148634004039046,0.0,0.0169397965019862,0.0042613604697045,0.0,0.0,0.0,0.1270589392213353,0.0190498554528495,0.007307861031619,0.0,0.2651286532802951,0.00524957203095,0.0,0.0,424.4,0.0,19.0,1975.3,0.0,0.0,0,9274.28,2575.34,4,1,0,0,0,0,1
5d1ac5fb-2925-4920-974c-563b5e5a1d11,748,12,60320.76,4283.452857142857,1,0.0,0,0.0,109036.95,9086.4125,5026.73,-0.8076189689917701,-1593.7624064171123,-9224.94,-3192.61,1,0.195788675306857,0.0105748555879451,0.0623343738063106,0.0818722460597073,0.0205586271442845,0.1297566558859176,0.0183522191330553,0.0,0.0069915748743889,0.0013640330181649,0.0385407882373819,0.010873469956744,0.0140816484687071,0.3295971686662182,0.0254449523762357,0.0,1535.4199999999998,1142.0,0.0254542548867089,57.0,3774.76,0.0,0.0,0,15723.85,1153.05,7,1,0,1,0,0,4
5d44ed7f-4a24-41f9-ad6e-6bb4d796a101,444,12,98788.29,4253.075333333333,1,0.0,0,0.0,116991.3,9749.275,8232.3575,-0.1842628311513438,6678.704256756757,968.22,5872.11,0,0.0545790157045865,0.0357159891376538,0.0,0.0195806867690161,0.008392333447017,0.0850021326372131,0.0,0.017234956787385,0.0088451021571689,0.0048877993491823,0.0289629228840093,0.1301722435770864,0.2947667048746359,0.1933615576542871,0.0091415344559809,0.0,34485.14,570.93,0.349081252443989,20.0,1980.13,0.0,0.0,0,2290.77,4178.46,3,1,0,1,1,1,5
5d5442d1-c2a0-4035-a445-1af3edec8404,456,12,132058.88,5342.9425,1,14335.88,1,0.0,92214.79,7684.565833333334,11004.906666666668,0.3017145836766145,35051.69925438597,4192.11,60052.03,0,0.0978655376214596,0.0345454346314728,0.0159362722617488,0.0,0.0106598952293878,0.0240683734138525,0.0,0.0295282351128273,0.0771531334615629,0.0315366981804111,0.0,0.0792342529869666,0.3425664147801019,0.1747945204885246,0.0150096313183601,0.0,31589.69,0.0,0.239209131563133,21.0,4289.8,0.0,0.0,0,1469.56,3185.6,3,1,0,1,1,1,0
5d8309af-0f7a-48de-be52-999c24605a38,523,12,136380.54,5918.852857142857,1,13631.08,1,0.0,154613.72,12884.476666666667,11365.045,-0.1336934140310633,8981.040057361377,1677.76,12074.37,0,0.1369564744965712,0.0190538718038735,0.0150675502794965,0.0,0.0042460656143581,0.0867125504774091,0.0023219155453992,0.0165745316780425,0.0541491401927332,0.0122104299670171,0.0,0.0930290662432803,0.2995296277717139,0.1700354276451016,0.0139753444907735,0.0,46311.39,0.0,0.3395747663119679,54.0,10244.34,0.0,0.0,0,2329.65,2945.99,2,1,0,1,1,1,0
5ea591f0-fab2-4907-91cc-912d77dec8b1,425,12,97717.14,4685.107142857143,1,0.0,0,0.0,103909.07,8659.089166666667,8143.095,-0.0633658537284247,8565.031105882354,882.35,13647.51,0,0.0923552679280066,0.0511438510613173,0.0015469294451389,0.0230061726084161,0.0091670534631866,0.0628650607689973,0.0,0.0,0.011796756529531,0.0084478669667623,0.0460782682397215,0.1302443569170621,0.3091266238837475,0.1769317153930835,0.0015721437984191,0.0,32121.06,139.85,0.3287146963163269,38.0,8482.11,0.0,0.0,0,2551.29,5314.31,3,1,0,1,1,1,5
5eb50b16-ab61-4044-8a26-3b95301ef803,773,12,53456.9,3780.557142857143,1,0.0,0,0.0,101699.85,8474.987500000001,4454.741666666667,-0.9024644152578994,-3318.9664812419146,-15132.82,-9309.18,1,0.2356342708470072,0.0167794741093521,0.079032564944786,0.0927401564505749,0.0179756410653506,0.0634346068357033,0.0179647265949753,0.0,0.0,0.0478773567512636,0.0104580291908001,0.0077796574921201,0.0,0.31159141336,0.0201974732509438,0.0,0.0,1607.76,0.0,45.0,4970.44,0.0,0.0,0,17469.26,1706.47,6,1,0,0,0,0,4
5ec09ac2-085c-4124-a0e8-5f9157dd8f33,429,12,95437.05,4387.63,1,0.0,0,0.0,104038.17,8669.8475,7953.087500000001,-0.090123489776769,10585.466596736596,1601.29,16004.52,0,0.1620785909632974,0.0262280661030466,0.0833495052825323,0.0,0.0057632693846883,0.0749267312179751,0.0,0.0339265867517662,0.0036909530415615,0.0012778963720719,0.0,0.0531868255660398,0.2689610937985549,0.1831838257055079,0.0052726802095807,0.0,27982.22,277.05,0.2932008061858576,18.0,1415.64,67.33,1.0,1,8671.53,2728.7200000000003,2,1,0,1,1,1,5
6070ee47-5c83-4fa7-8b19-f61a363fdf55,391,12,97746.0,4506.804375000001,1,0.0,0,0.0,108597.95,9049.829166666666,8145.5,-0.1110219344014077,6835.402480818415,355.76,5606.16,0,0.1048946135723556,0.0454948735220139,0.0292597604282585,0.0185548622234581,0.0055307673855721,0.0450286584599433,0.0,0.0,0.0,0.0170458097965937,0.0,0.0564539201706846,0.464357108030124,0.1202260263660593,0.0034091803758726,0.0,50428.23,336.64,0.5159109324166719,13.0,1556.87,0.0,0.0,0,5192.570000000001,4940.65,2,1,0,0,1,1,5
60cc2c95-5326-43f4-a789-827cd2d29a01,472,12,97188.77,4389.654285714286,1,0.0,0,0.0,115186.06,9598.838333333331,8099.064166666666,-0.1851786991439444,2816.983940677966,-2768.57,8165.78,1,0.1398691820867907,0.018704346689174,0.0146219082413271,0.0164520776211982,0.0049160462646261,0.0586610046389293,0.0,0.0294060757004797,0.0700737571890209,0.0404197348186056,0.0028124062929142,0.1351265074957855,0.2602584896123714,0.163734309516273,0.0047283499409563,0.001590643867843,29978.15,854.66,0.3084528181599582,19.0,3227.71,0.0,0.0,0,3579.29,2154.48,2,1,1,1,1,1,2
60d9fb9c-696a-4a9d-9c04-780cf7d3b557,455,12,119001.0,5223.056875,1,0.0,0,0.0,118671.28,9889.273333333333,9916.75,0.0027707330190502,18415.204263736265,993.9,27843.58,0,0.0665396041906685,0.0229309062816209,0.0147671787141758,0.0198192014108215,0.0109475519266329,0.0324615189117366,0.0,0.018522425982091,0.0092306242925836,0.0778874214553007,0.0169079662745695,0.1293992952633526,0.3249697820736407,0.1878724995635,0.0151010421392606,0.0,38564.58,858.05,0.3240693775682557,20.0,10721.76,0.0,0.0,0,4104.41,2721.24,4,1,0,1,1,1,5
610ca8a7-ae20-4909-a171-d99d9e3244d9,541,12,87020.27,0.0,0,0.0,0,0.0,113160.67,9430.055833333334,7251.689166666667,-0.3003943793785056,14185.45743068392,2076.25,18408.09,0,0.3046869552822548,0.0269860544303952,0.0509091188661219,0.0390081642323255,0.0093044694768951,0.0,0.0,0.0,0.0,0.1025498523471096,0.1040483411771952,0.014642543208696,0.0085530599986726,0.2605786975280368,0.0301805388745047,0.0,967.87,1773.95,0.011122351148761,43.0,8825.28,0.0,0.0,0,10175.1,3053.76,3,1,0,0,0,0,1
61132773-2e44-40b8-abd1-ff9d604c1738,458,12,108373.53,5038.091333333333,1,0.0,0,0.0,113219.76,9434.98,9031.1275,-0.0447178383872888,3659.448253275109,-1744.48,8630.57,1,0.0914794378649098,0.0345815076802847,0.0199090688763162,0.0,0.0129856307768184,0.0208865484258224,0.0,0.0190464102732597,0.1581596710680185,0.0050301290163483,0.0,0.1168924046473866,0.3242811148866593,0.0835500799507082,0.004595399248329,0.0,36715.03,254.04,0.3387822653742108,42.0,5554.8,0.0,0.0,0,2254.1,3915.31,4,1,0,1,1,1,2
616780af-c41d-4330-8b93-0d1b914fef8c,453,12,102437.15,4438.938,1,0.0,0,0.0,81034.39,6752.865833333333,8536.429166666667,0.2089355277845977,21225.335849889627,3403.24,36007.87,0,0.108834903304634,0.036860152831409,0.0476728460595557,0.0,0.0133596365691159,0.0218789824912608,0.0,0.0328275439600396,0.1031686670313678,0.0137368838094542,0.0004802899114807,0.1225140338564898,0.268696290550222,0.15220254018078,0.0070150463278615,0.0,21773.64,251.79,0.2125560892703477,26.0,3013.07,4.14,1.0,1,3863.14,2986.94,3,1,0,1,1,1,5
6210da1c-8b24-47b3-a69c-ae9e0773c91c,496,12,100414.69,4821.654285714286,1,0.0,0,0.0,107763.85,8980.320833333333,8367.890833333333,-0.0731880962835219,2069.532258064516,-4617.12,9577.94,1,0.0824957534460767,0.0509734943582657,0.011811103630763,0.018751557224431,0.0090248260432417,0.0285850960224602,0.0040710312409959,0.0182534309975005,0.123812298836762,0.0023429934992114,0.0106875357552648,0.0915451702959758,0.3097149925508415,0.1506167420707408,0.0104408853247169,0.0,33376.08,308.7,0.3323824432461027,9.0,879.69,115.93,3.0,1,3293.55,5493.1,3,1,0,1,1,1,2
6226c618-d30c-4d41-a420-67322576fa14,440,12,99253.63,4998.778,1,0.0,0,0.0,100594.6,8382.883333333333,8271.135833333334,-0.013510538607001,9712.820954545454,1049.93,17036.33,0,0.0693150526966656,0.0226918741165032,0.0306355410727812,0.0222415517333932,0.0134368047589035,0.0488776733542357,0.0056665069496772,0.0,0.0,0.0193956733264012,0.0,0.1065426971229071,0.3137648541770632,0.1642120948838207,0.008065045240997,0.0032678692494428,31563.05,169.24,0.3180039863529424,37.0,3531.64,0.0,0.0,0,5319.15,2282.68,4,1,1,0,1,1,5
626c563b-b51e-4adf-8f29-f6b2f82b5ff3,549,12,68821.42,0.0,0,0.0,0,0.0,64349.61,5362.4675,5735.118333333333,0.064977008611563,8898.286684881603,-1497.11,19439.03,1,0.386664348082296,0.0676302467101199,0.068598706348026,0.0,0.015008482568892,0.0136700129184932,0.0128581975865898,0.0195203980257223,0.1189511482664774,0.0038197589697901,0.0349709967162194,0.0,0.0097941541526048,0.1565202959272014,0.0249095526763876,0.0,630.25,699.98,0.009157759313888,34.0,2279.73,32.91,1.0,1,4414.3,4351.98,3,0,0,1,0,0,3
632ea597-7728-489b-b1b8-4f5b364f082e,375,12,54383.99,0.0,0,0.0,0,34646.399999999994,51595.49,4299.6241666666665,4531.9991666666665,0.0512742812728525,9950.70768,383.27,16433.89,0,0.1938779920493051,0.0673554994826098,0.0,0.0,0.0138066330991332,0.0483143003390412,0.0006859126640719,0.0,0.0803192294520315,0.0630262451233625,0.0446368471352825,0.0169613661969292,0.0756300599141514,0.1740739355319622,0.0101871306968884,0.0,3902.17,360.65,0.0717521829494305,63.0,4827.27,0.0,0.0,0,0.0,3475.24,2,1,0,1,0,0,3
6334092c-357d-48f1-a04f-e41aae513ca3,778,12,56649.6,3986.495714285714,1,0.0,0,0.0,123239.6,10269.966666666667,4720.8,-1.1754716714681128,-5033.174781491002,-19252.59,-17139.07,1,0.0585263989821453,0.006914741690171,0.1049897922421039,0.0692530647616512,0.0094503714715075,0.1047374382909389,0.0163285989243717,0.0006000506330757,0.1307629203600141,0.0231936812518054,0.0476890544922249,0.0014010107140886,0.0351890139208501,0.3331851937202003,0.003853874890863,0.0,4336.68,1725.64,0.0765527029317065,35.0,2553.52,0.0,0.0,0,21473.62,852.17,4,1,0,1,0,0,4
633cf347-b75a-40d6-9772-593e3e4bfeb8,386,12,111469.85,5126.831999999999,1,0.0,0,0.0,104770.28,8730.856666666667,9289.154166666664,0.0601020814148399,16052.76329015544,1047.4,25470.34,0,0.1774145301511077,0.022018935140767,0.0,0.0,0.0102140607050014,0.0382610412036695,0.0,0.0245840709789073,0.031782295513575,0.057289719947298,0.0,0.1467078259216258,0.2471132080586212,0.1486527477066969,0.0,0.0,25890.12,85.99000000000001,0.2322611899091996,20.0,4940.49,0.0,0.0,0,0.0,2306.93,3,1,0,1,1,1,5
63a3da0a-4fea-4296-ba19-dbac6b9d075a,487,12,100332.1,5007.502666666666,1,0.0,0,0.0,119860.23,9988.3525,8361.008333333333,-0.1946349174391845,5255.02205338809,-1094.51,1339.58,1,0.1650023531575069,0.0268416805140454,0.0176710823932175,0.0122440112120592,0.011783808524312,0.0282829425573436,0.0,0.0169738536293481,0.0533531430733947,0.0449785554391143,0.0003860329652295,0.1177418064357126,0.3119684485838213,0.1475894047591932,0.0116727625168081,0.0,37392.61,626.1299999999999,0.3726884018175639,14.0,5037.07,0.0,0.0,0,3585.63,3217.25,4,1,0,1,1,1,2
63d0bfb7-5a55-4f6b-a9bf-e400a5797ad4,402,12,90351.83,4678.2357142857145,1,0.0,0,0.0,102109.28,8509.106666666667,7529.319166666667,-0.1301296277009552,4550.864278606965,925.17,4872.09,0,0.0856055394769212,0.0278844391028905,0.033344863463928,0.0202435077399429,0.0060446024102804,0.048031579499924,0.0040333258642113,0.0,0.0067259312767654,0.0015979938356239,0.0,0.1573816797062912,0.39837476084446,0.1411359476827179,0.0113195392230755,0.0,40677.76,267.46000000000004,0.4502151201586066,18.0,2211.24,0.0,0.0,0,5471.87,2847.26,2,1,0,1,1,1,5
63e15ffd-1598-4501-87ea-f38ace990f9d,738,12,55260.600000000006,3915.915714285715,1,0.0,0,0.0,96282.94,8023.578333333334,4605.05,-0.7423433694169081,-952.8020189701896,-7849.41,-3525.95,1,0.1651712130934099,0.0176139199737772,0.0426776540059952,0.0810262960395683,0.0229000070002017,0.1335072443778721,0.018492684166063,0.0,0.0019838405432987,0.0367831518231578,0.0134613670916156,0.0290487598322195,0.0420785862999198,0.2936511909586475,0.0323897463039662,0.0,4051.45,1826.89,0.0733153458341024,24.0,1317.23,100.45,2.0,1,11910.58,1695.9199999999998,7,1,0,1,0,0,4
63ffb3d8-06b4-423c-8c7f-fcd084f814cd,413,12,101594.55,5006.910666666667,1,0.0,0,0.0,107583.65,8965.304166666667,8466.2125,-0.0589509968792616,14185.03196125908,1097.53,21617.84,0,0.0615340713946775,0.030291777607471,0.0032613691764501,0.0,0.0057813617589661,0.0378645825829482,0.0042903359385928,0.0212856693373017,0.0038115457134982,0.0647274934434739,0.0788190398819894,0.0815525407438769,0.3396214015791433,0.2095720864648113,0.0,0.0,36537.71,780.4,0.3596424217637659,23.0,4691.06,272.28,4.0,1,350.87,3258.9,2,1,0,1,1,1,5
64419260-a78a-4558-b897-e7063cfdf38e,476,12,93226.24,4905.818571428571,1,0.0,0,0.0,117134.82,9761.235,7768.853333333333,-0.2564576239479358,-2772.157521008404,-10352.03,-2309.96,1,0.1129627381507906,0.022395048713952,0.02096456032459,0.0,0.0095898042955971,0.0366487949526878,0.0,0.0252005338805318,0.1228163410333494,0.0401217161557938,0.0,0.0780689294609408,0.300737389616512,0.1557140737485232,0.0034211859462455,0.0,35226.82,1234.26,0.3778637859898672,20.0,2936.27,12.62,1.0,1,2455.68,2623.24,3,1,0,1,1,1,2
64462dbc-de67-40c8-bd6d-bb982d1c15a5,377,12,135349.75,5737.083333333333,1,13140.39,1,0.0,83554.87,6962.905833333333,11279.145833333334,0.3826743677029326,37811.69474801061,3274.71,67082.05,0,0.1273444623874108,0.0374579004192095,0.0424337923091736,0.0,0.0137494080237333,0.0270267908980051,0.0045516197918804,0.0,0.0083576217639977,0.0034238578792594,0.0323115815990139,0.1190919212728115,0.3334132409038515,0.1579988096444887,0.0058766173653313,0.0,27858.3,0.0,0.2058245397571846,41.0,6475.4800000000005,0.0,0.0,0,3545.55,3129.79,3,1,0,1,1,1,0
64521780-ca38-466d-bbcf-e3a840c77707,424,12,99560.01,5252.7528571428575,1,0.0,0,0.0,105072.73,8756.060833333333,8296.667500000001,-0.0553708260977473,4545.831485849057,-1075.07,10968.02,1,0.0983605356023394,0.0332285075299747,0.0109057792635634,0.0,0.0067317181156328,0.0265048790490168,0.0037720538906717,0.0260472912429323,0.0039519292969736,0.0098020675773818,0.0196064192869072,0.1404056028619414,0.4075665493796535,0.1483323027773238,0.0,0.0,42824.13,267.47,0.4301338459086132,38.0,6930.99,0.0,0.0,0,1145.9,3491.41,2,1,0,1,1,1,2
64573257-64d1-49da-a48d-df5433c89b8b,352,12,51056.28,0.0,0,0.0,0,31482.96,44316.73,3693.060833333333,4254.69,0.1320023707171772,13764.055880681815,305.66,21361.29,0,0.152377894307635,0.0394417638666029,0.0004598714751742,0.0,0.0123368759382743,0.0994328778319158,0.0013313256641453,0.0,0.0171183659083149,0.1375629474467091,0.0,0.0129632759456755,0.0259127873378744,0.2871299394156563,0.0239085780922915,0.0,1148.37,129.48,0.0224922379773849,27.0,1231.23,0.0,0.0,0,20.38,1747.9299999999998,2,1,0,1,0,0,3
6491f4a4-67dc-49de-a38a-cf655ff77c33,426,12,133331.99,6272.49,1,13305.28,1,0.0,97272.86,8106.071666666667,11110.999166666666,0.2704461997454623,26705.330070422533,4532.4,52588.14,0,0.1205389663673916,0.0452616485214889,0.0110112933864594,0.0,0.0070867660311416,0.0045878161698956,0.0048959185532326,0.02912672661213,0.0186408624152718,0.0047599093930208,0.0142873356453177,0.1528374923899636,0.4004253601672655,0.1397331177473346,0.0,0.0,38950.52,0.0,0.2921318432283206,25.0,5484.23,0.0,0.0,0,1071.1,4402.73,2,1,0,1,1,1,0
64a1d831-0e81-4f42-87f1-ce531f2c9289,361,12,104212.5,5162.4293333333335,1,0.0,0,0.0,102809.33,8567.444166666666,8684.375,0.0134645076166486,9238.583324099724,861.41,19140.8,0,0.1767346407179192,0.0365684709743755,0.0006072406074429,0.0,0.0073213199619139,0.0501012894452283,0.0,0.0191813330560562,0.0152419046014598,0.0053095375682343,0.0212418464355326,0.0612282951362488,0.3901789847283315,0.0984128580548088,0.0083063472935773,0.0,40114.04,871.79,0.3849254168166007,9.0,1508.62,0.0,0.0,0,62.43,3759.58,2,1,0,1,1,1,5
64bc0566-4956-4961-b10f-af744b2a5012,447,12,92989.75,4309.73,1,0.0,0,0.0,123976.34,10331.361666666666,7749.145833333333,-0.3332258662917149,-5229.88158836689,-17556.32,-14831.86,1,0.0641845048821412,0.0299160307523193,0.0,0.0,0.0083515935379282,0.0010918212297604,0.0039704350039693,0.0209664198830196,0.131486136790294,0.0015838505960088,0.0360525242155075,0.109699318434469,0.3724147688179857,0.0937048149671138,0.0082733528026396,0.0073859254112518,46170.62,1457.82,0.4965130027771878,22.0,2645.05,108.14,3.0,1,0.0,3708.88,3,1,1,1,1,1,2
64bd6663-9d3d-4d4f-a576-2636c5ac834f,467,12,133344.2,5897.034666666667,1,13807.22,1,0.0,137998.61000000002,11499.884166666669,11112.016666666668,-0.0349052302237367,15011.853104925054,5105.0,24954.87,0,0.0891848113542592,0.0197039665834315,0.0081147918808747,0.0093857467115067,0.0076816715762571,0.0321948170347512,0.0,0.0245985811016502,0.0050087461025875,0.0694011338230145,0.0,0.0960270541855457,0.348979239718429,0.2033823384163072,0.0370465325701468,0.0129436810993965,48158.65,0.0,0.3611604404241054,39.0,6343.62,0.0,0.0,0,2415.05,2719.12,3,1,1,1,1,1,0
64e5540a-9569-441c-bcd5-aa9f606cd1a4,416,12,141123.4,5916.559333333334,1,14799.39,1,0.0,99100.18,8258.348333333333,11760.283333333333,0.2977764141170068,34713.38423076923,3166.75,63891.17,0,0.1935135738401282,0.0397837824310712,0.0,0.0,0.010295440432096,0.0399278790411884,0.0,0.0,0.0,0.0386789408455161,0.0,0.1598348257288735,0.2894391311902763,0.1507472539404065,0.0128414499348033,0.0136416502977088,28683.47,0.0,0.2032509845992939,38.0,4919.59,0.0,0.0,0,0.0,3942.58,3,1,1,0,1,1,0
6502fb8b-151c-4a70-a038-e2bab489af12,440,12,103754.65,4787.484375,1,0.0,0,0.0,118061.39,9838.449166666667,8646.220833333333,-0.1378901090216198,7507.342045454546,1611.85,11792.42,0,0.1892357865683268,0.0234889662064795,0.0158890218046729,0.0171791980426454,0.0118212228400834,0.0092809342664862,0.0,0.0189175309557171,0.002973707153541,0.0524223033457424,0.0297975485465654,0.08500467426311,0.3449720522517988,0.1529637250586326,0.001450601250756,0.0,40727.88,584.97,0.3925402861462113,27.0,5139.15,68.42,1.0,1,3904.08,2773.14,4,1,0,1,1,1,5
65781792-b779-43e5-b610-da578c30810a,444,12,104623.4,5323.593333333334,1,0.0,0,0.0,116500.25,9708.354166666666,8718.616666666667,-0.1135200155988047,8434.943513513514,-1685.79,11905.16,1,0.1218737298846998,0.0398269531610447,0.0338711719502747,0.0,0.009837747129298,0.061961154589797,0.0,0.0,0.0,0.0320354677350477,0.0212447612773363,0.0730849933798425,0.2441405919729785,0.1726777410348904,0.008707878309274,0.0115095031984909,28442.44,340.64,0.2718554357820525,16.0,2997.37,0.0,0.0,0,3946.0,4639.85,4,1,1,0,1,1,2
65d99881-2e58-4bbb-b040-73160a51e064,346,12,145994.12,6016.9400000000005,1,13252.61,1,0.0,104694.61,8724.550833333333,12166.176666666666,0.2828847490570167,34153.36234104046,3430.77,59722.23,0,0.0818089871102246,0.0291500202350436,0.0096034552304077,0.0,0.0094577934814409,0.0183947387549368,0.0,0.0,0.0076435644585714,0.0650059253289161,0.0067049296998193,0.1457876389242961,0.4126430195403565,0.1414998346142174,0.0,0.0,43201.5,0.0,0.2959126025075531,20.0,4916.55,0.0,0.0,0,1005.43,3051.85,3,1,0,1,1,1,0
662ad035-c7f4-4328-8b70-acd32ebe593c,510,12,73946.88,0.0,0,0.0,0,0.0,70141.19,5845.099166666667,6162.240000000001,0.0514651869017327,12723.540137254902,795.17,22063.25,0,0.4749029778365609,0.0207565625846952,0.1169298667444906,0.0,0.0135106062500507,0.0546839881102673,0.0,0.0,0.0093501407660748,0.0262978144511092,0.0,0.0014141476641613,0.0099865713712584,0.1851910410986754,0.0063152621163114,0.0,700.47,676.84,0.0094726106091291,71.0,7609.530000000001,65.56,1.0,1,8201.6,1455.89,3,1,0,1,0,0,1
66355ae4-0a94-4dc6-be79-62460bbed1b8,401,12,122141.78,5306.311428571428,1,13271.14,1,0.0,112423.37,9368.614166666666,10178.481666666668,0.0795666314998848,13637.308902743142,3433.96,27842.19,0,0.1670102933224649,0.0288291482456005,0.0116073730933345,0.0,0.0062978898426546,0.0,0.0,0.0216408741349774,0.0048222180139236,0.0095820824442462,0.0540469477120282,0.1482901642247514,0.3477007494082413,0.1360361284313039,0.0,0.0076124741679599,39089.69,0.0,0.320035372007842,12.0,5931.27,0.0,0.0,0,1304.94,3241.07,2,1,1,1,1,1,0
6638cc36-5c98-4210-8b8c-9dfd15b8334d,438,12,97621.45,4473.894285714286,1,0.0,0,0.0,98290.21,8190.850833333333,8135.120833333333,-0.0068505436049146,11765.060502283104,696.86,15304.32,0,0.1781023766253017,0.032685249120945,0.0138595695339342,0.0,0.0126833588004339,0.0938964318012953,0.0,0.0194208558512592,0.0148230429052903,0.0064488619975478,0.0113234064715092,0.1421758077432126,0.2542492278732541,0.1306807666806287,0.0,0.0,24990.21,229.51,0.2559909732953157,31.0,4128.85,0.0,0.0,0,1362.26,3212.64,4,1,0,1,1,1,5
6671a562-b28d-43cb-88fe-a82796b28529,430,12,139908.53,6371.758666666667,1,13284.59,1,0.0,94950.77,7912.564166666667,11659.044166666668,0.3213368048395619,38436.70986046512,4393.22,67320.21,0,0.1021573600719615,0.0403712365892346,0.0,0.0137742958798543,0.009024782000188,0.0490202449121792,0.0068765108487271,0.0266691886753525,0.0043781635472782,0.0220229914933812,0.0,0.0966253354238201,0.353701081097078,0.1845979764039828,0.0108266631223738,0.0251243881434558,33584.19,0.0,0.2400439058290441,10.0,4729.98,0.0,0.0,0,1307.88,3833.28,3,1,1,1,1,1,0
67a90d9d-a8de-461c-a5eb-77ff670f5d72,712,12,54759.37,3869.765714285714,1,0.0,0,0.0,87331.35,7277.6125,4563.280833333333,-0.5948202106780998,3233.6741853932585,-3010.4,8283.88,1,0.0845060794319565,0.011585644788498,0.0413554811645531,0.1130743999720604,0.0255242819445708,0.1125625562870607,0.0205919180225657,0.0,0.0091680708016078,0.0901727730076312,0.0223790196762102,0.0025032247869751,0.041264677575693,0.3517830653024372,0.0105343613719471,0.0,3603.7,809.74,0.0658097417848306,23.0,2237.57,0.0,0.0,0,13486.57,1011.79,7,1,0,1,0,0,4
67e4940a-2276-48f6-ab39-985ac56a678b,457,12,64706.91,0.0,0,0.0,0,0.0,60309.9,5025.825,5392.2425,0.0679527116964788,10055.279606126916,-1546.96,19148.48,1,0.3695366763997286,0.0359778411172958,0.0663801465431048,0.046578256637799,0.0166765323769397,0.0439788492436565,0.0,0.0,0.002799208753455,0.0472391763209688,0.0006836356883364,0.0010414542222752,0.0,0.2391846114816969,0.0242593670359261,0.0,0.0,409.78,0.0,27.0,771.16,0.0,0.0,0,6812.51,2169.82,3,1,0,1,0,0,1
67e5c0c1-fefe-4585-bd07-56a7c678a7c3,700,12,60365.990000000005,4275.1900000000005,1,0.0,0,0.0,74715.43,6226.285833333332,5030.499166666667,-0.2377073580670173,11252.130214285717,286.1,19867.26,0,0.0628049654535883,0.0290301481233528,0.0627602625053486,0.1267616341095808,0.0288344723439321,0.1411333642863328,0.0267180420429889,0.0,0.0,0.0304801832767341,0.0120738112596019,0.0390239338781828,0.0171256459341798,0.3591636961736016,0.0080149441688283,0.0,1279.55,282.68,0.0211965379843849,54.0,2112.61,0.0,0.0,0,14160.21,2169.0,7,1,0,0,0,0,4
67f2bfb3-0a47-43d6-b1e3-a2d10e09ba7b,486,12,102210.77,5145.4457142857145,1,0.0,0,0.0,122340.16,10195.013333333334,8517.564166666667,-0.1969400093551785,-891.0538683127572,-9645.88,-61.48,1,0.187110185240889,0.0230663422379045,0.0157365332855539,0.0177879446945303,0.0100392217894761,0.056945323596111,0.0,0.0158283265282634,0.0461468253760662,0.0008964349891319,0.0015373529019416,0.1211946265232937,0.2610816431824186,0.1420642248628741,0.0015388242094828,0.0,31940.77,847.36,0.3124990644332295,23.0,5010.74,0.0,0.0,0,4101.39,2821.94,4,1,0,1,1,1,2
684a9829-093a-4783-a074-96a742ae7866,492,12,98167.33,4491.3328571428565,1,0.0,0,0.0,164448.8,13704.066666666666,8180.610833333333,-0.6751886803888828,-18642.32451219512,-38281.29,-34466.93,1,0.1166620857069191,0.0233040922159359,0.0045512645881271,0.0108047611171379,0.0065592451875598,0.0074281478490569,0.0,0.0213668935255228,0.1102818628047149,0.0899849679657133,0.0015990387281634,0.0417179693618925,0.2734862157705012,0.2007472234519194,0.0131498679224171,0.0,44974.48,3647.76,0.4581410129011352,3.0,6190.89,50.29,2.0,1,2525.28,3832.33,3,1,0,1,1,1,2
68710e00-0934-4dcd-898d-8ba246998275,512,12,114569.09,5229.9331250000005,1,0.0,0,0.0,112368.76,9364.063333333334,9547.424166666668,0.0192052673194839,18893.16578125,807.3,31218.05,0,0.1837509820345085,0.0295101592293089,0.0376935724840249,0.0183396168116476,0.0095083366586941,0.0648086710220883,0.0,0.0310046137378395,0.0209113280239098,0.0056049385968128,0.0088850317472578,0.1396713819748478,0.2278027273772532,0.1691839440072133,0.009057855581925,0.0092996487635887,25597.91,754.9,0.2234277151018656,37.0,4715.38,0.0,0.0,0,6296.38,3316.02,3,1,1,1,1,1,5
688396c6-9019-4f34-8679-a84600d90cbe,433,12,97872.99,4506.5112500000005,1,0.0,0,0.0,116895.51,9741.2925,8156.0825,-0.1943592404809538,407.3568129330254,-9689.31,-3645.81,1,0.2187805160352181,0.0228822304637705,0.0,0.0,0.0113681868533701,0.0442944301282401,0.0,0.0256429010831981,0.0760327749115428,0.003418095357127,0.0019583301360334,0.1222692813436547,0.2938259134161782,0.0932573030392698,0.0029874543513262,0.0,34346.93,846.07,0.3509336947813692,26.0,2314.93,104.67,2.0,1,0.0,2674.83,4,1,0,1,1,1,2
68aab6b8-5c44-430a-bba4-6f72d01d3f82,601,12,51436.41,3634.447142857143,1,0.0,0,0.0,65951.5,5495.958333333333,4286.367499999999,-0.282194849912737,8527.147487520799,991.65,13635.73,0,0.1316478017937423,0.017284671311494,0.0440873975572958,0.1123948659242018,0.030770945315876,0.1679967855166296,0.0201284277082401,0.0,0.0,0.0129260138131808,0.0,0.0157797775638158,0.0108984632646717,0.2984534089444516,0.0166752841102931,0.0,718.77,811.39,0.0139739534699252,18.0,1617.44,62.28,1.0,1,10320.24,1139.95,6,1,0,0,0,0,4
68b4f580-66c2-437e-9695-89d55370923d,529,12,86450.31,0.0,0,0.0,0,0.0,92679.79,7723.315833333334,7204.1925,-0.0720585038966316,19614.64209829868,848.65,32698.46,0,0.2340266416227313,0.0243595718117186,0.0397034779642897,0.0376479057624105,0.0111334952312688,0.0478764572082004,0.0076611092882277,0.0,0.007674920281973,0.1971197819934637,0.0709263583786713,0.0,0.0254649908032808,0.225094489316387,0.0,0.0,2360.09,3090.69,0.0272999599423067,17.0,2357.31,0.0,0.0,0,7168.91,2257.64,3,0,0,1,0,0,1
68c12bc8-de85-4088-8568-5321f80e0d19,727,12,55913.32,3924.745714285714,1,0.0,0,0.0,82072.53,6839.3775,4659.443333333334,-0.4678529194832286,1341.8907427785418,-2600.45,4273.84,1,0.2587897558415709,0.015835627340841,0.0910218071747026,0.1018222540477307,0.0266074410037073,0.0424178467509165,0.0260295375322291,0.0,0.0006393125690166,0.0130122709754408,0.0334231197697938,0.0,0.0,0.3141472548732201,0.0060323472421283,0.0,0.0,507.59,0.0,48.0,4653.04,0.0,0.0,0,15827.2,1299.67,6,0,0,1,0,0,4
68fb1326-a1e7-4fec-a86a-ffd019ea6150,432,12,113629.24,5201.85,1,0.0,0,0.0,115709.19,9642.4325,9469.103333333334,-0.0183047074855028,13553.926574074074,977.95,21061.78,0,0.0564265465863169,0.0282618865450531,0.0429816335245281,0.0,0.0088317963335496,0.0022791620959406,0.0042683731516917,0.0234596750698885,0.00728256761628,0.0532548019738103,0.0260677652310935,0.0596027852238875,0.4054775597340194,0.2011746862976052,0.0085090907645278,0.0,46917.48,130.02,0.412899707856886,18.0,2938.5,0.0,0.0,0,4973.37,3270.16,3,1,0,1,1,1,5
69821502-2959-4e29-82f3-1cdf776d5496,650,12,56314.600000000006,3982.43,1,0.0,0,0.0,63536.49,5294.7075,4692.883333333334,-0.1282418768845022,10602.079584615383,115.71,18684.82,0,0.1259153598192157,0.0294142783147133,0.0328420723272563,0.1405733933366479,0.0324473385294025,0.1124917350643701,0.0282340116679407,0.0,0.002819954328607,0.0211487918202595,0.018793295002604,0.0070243099673903,0.0376951890165792,0.3280102504875544,0.0,0.0,2395.02,309.12,0.0425292908055814,24.0,3470.19,177.02,3.0,1,11018.21,1868.88,6,1,0,1,0,0,4
69adeb68-9eeb-444f-beb5-211ea92df1da,345,12,56968.44,0.0,0,0.0,0,32404.32,46478.17,3873.180833333333,4747.37,0.1841417809580182,15617.005855072464,-0.22,27368.89,1,0.1747973295850503,0.041526376791513,0.105150439442861,0.0,0.0071734752035202,0.09581831642683,0.0,0.0,0.0117949996740405,0.0646578813236407,0.0400329875294143,0.0043661357579267,0.0,0.3185200708203443,0.0069841390054728,0.0,0.0,354.21,0.0,24.0,2379.52,0.0,0.0,0,4887.2,1930.07,1,1,0,1,0,0,3
69f1e969-a612-483f-9dba-7e25707361a2,434,12,96848.23,4721.390666666667,1,0.0,0,0.0,145047.28,12087.273333333333,8070.685833333333,-0.4976761062127827,2368.6077188940094,-15398.88,-10968.03,1,0.0584384622724397,0.0160107793817298,0.0129935563079845,0.0,0.0068681742946162,0.0356887767905747,0.0,0.0251906137088541,0.0069299472558189,0.0199530111836637,0.1211289863553456,0.0928053252704911,0.300065606194063,0.2334426402204853,0.0062598898786657,0.0,43523.7,921.49,0.4494010886931026,27.0,6698.78,0.0,0.0,0,1884.68,2322.32,3,1,0,1,1,1,2
69f68406-8de9-4e7d-8bda-0f3129f87ae7,457,12,94019.82,4281.115625,1,0.0,0,0.0,115880.29,9656.690833333332,7834.985000000001,-0.232509166684216,8168.5156236323855,802.22,13620.67,0,0.0709011860429413,0.0208161370669679,0.0164477496561322,0.0218591962446762,0.0122234764859494,0.0734940342313606,0.0,0.0,0.0071864680352456,0.0806799844908914,0.0582010107154547,0.072075846548192,0.238312831284768,0.2654246895654127,0.0239919144144357,0.001447528307014,27615.76,509.42,0.2937227490969457,40.0,7721.53,0.0,0.0,0,4439.02,2412.18,4,1,1,1,1,1,5
6a06983f-9120-4c0e-9bc7-c7b0dd8d5ca8,462,12,99923.2,4624.39,1,0.0,0,0.0,116199.29,9683.274166666668,8326.933333333332,-0.16288599644527,5932.205606060606,-240.95,6216.89,1,0.051278798691455,0.0347233619069445,0.0058190544881986,0.0,0.0081316331623024,0.0333691367649492,0.0055209459541448,0.031456646593968,0.1558002634955859,0.0534024777604062,0.0,0.0830005932050015,0.3304247383955616,0.1230039357383336,0.0039569949179551,0.0,38395.12,949.11,0.3842463011592903,37.0,3025.16,0.0,0.0,0,676.17,4034.83,3,1,0,1,1,1,2
6a1015c5-e10d-4c6d-8e54-4f40aa0600eb,350,12,130491.22,5214.510666666667,1,13472.18,1,0.0,104685.67,8723.805833333334,10874.268333333332,0.1977569831901334,24173.85357142857,4465.18,41606.69,0,0.1528374418389833,0.043261412951744,0.0101931811679669,0.0,0.0093631726290713,0.0146296049879606,0.0,0.0,0.0044348954350676,0.0218858034724332,0.0246950704905456,0.0517565584668847,0.4658914634639106,0.1820483166416186,0.0,0.0,48772.16,0.0,0.3737581731552514,23.0,3246.73,0.0,0.0,0,1067.08,4528.85,3,1,0,1,1,1,0
6a2ec37f-466c-46d8-a70a-2c51eaa2c5e9,380,12,108596.53,4893.06125,1,0.0,0,0.0,102470.99,8539.249166666666,9049.710833333333,0.0564064063557094,25343.63886842105,1913.55,34205.75,0,0.0533774485832526,0.0288033715688703,0.0318655065204308,0.0,0.0102178187211814,0.0643337202070556,0.0,0.0,0.0050586024395782,0.1215132204734237,0.0,0.0993106439198059,0.2960781387981125,0.211490100759249,0.0018513532464163,0.0,30339.42,847.0899999999999,0.279377434988024,40.0,14813.24,0.0,0.0,0,3265.29,2951.51,3,1,0,1,1,1,5
6a44ed54-2b1e-405b-9c27-4c5d524ae9fd,483,12,122001.3,5330.185714285713,1,14413.57,1,0.0,107705.59,8975.465833333334,10166.775,0.1171767022154682,21588.3115942029,3206.93,41110.4,0,0.049852472838225,0.0282809833732863,0.0330645790993763,0.0124756755893542,0.007068713889409,0.0192520183957025,0.0039773237396499,0.0207967850136654,0.0126088163112053,0.0187007006785813,0.0331063596606267,0.1008198367419927,0.3763617097311291,0.2224752679967678,0.0137497970161065,0.0,40536.26,0.0,0.3322608857446601,19.0,3011.52,0.0,0.0,0,4904.94,3046.02,2,1,0,1,1,1,0
6a59b2a3-ead6-4a7d-a621-e0a553f7bdd2,406,12,149237.12,6367.374,1,13094.4,1,0.0,100138.38,8344.865,12436.426666666666,0.3289981741807936,38710.25219211823,3292.77,71958.08,0,0.1902238682111693,0.0260258853798114,0.0,0.0,0.0103022437550917,0.0196989406059894,0.0060453344661657,0.0330838186118049,0.0146185708216969,0.0458863025345526,0.0,0.0730961495482551,0.3301204792807712,0.170102711867318,0.0131926440192062,0.0,33057.73,0.0,0.221511444337709,9.0,2131.98,4.24,1.0,1,0.0,2606.19,3,1,0,1,1,1,0
6a9c0eb2-520d-4994-a159-3ffef44abbde,384,12,139974.23,5673.946666666667,1,13433.15,1,0.0,107553.91,8962.825833333334,11664.519166666669,0.2316163482378149,29864.80747395833,2854.9,54855.13,0,0.0653754010430676,0.0142047834430194,0.0174370229775932,0.0114774070045431,0.0056414499482166,0.0758799006005453,0.003867920747837,0.0,0.0,0.0276466006675164,0.0243345871851613,0.0866664912507597,0.4208949725770082,0.2091132716606955,0.0,0.0,45268.9,0.0,0.3234088160370662,18.0,3215.04,0.0,0.0,0,3109.86,1527.78,2,1,0,0,1,1,0
6aa4059e-e62b-4ec8-a8b0-f97ed2a28518,485,12,110954.95,4849.705625,1,0.0,0,0.0,139693.16,11641.096666666666,9246.245833333332,-0.2590079126708633,6584.53206185567,-4514.22,3846.54,1,0.1669824062967721,0.0177582782149104,0.0078035316832978,0.0140975406383533,0.0061130408962042,0.0813739198111059,0.0036467784106251,0.0247679270767444,0.0132840433991184,0.0473431913201763,0.0017336568232832,0.113492027812958,0.2278903992149651,0.1455804994317545,0.0027266188265767,0.0,31834.73,1345.69,0.286915815833363,34.0,5900.71,345.18,1.0,1,3059.43,2480.71,3,1,0,1,1,1,2
6ab4dd92-d380-4b02-a80d-10395853b365,520,12,108821.26,4664.916875,1,0.0,0,0.0,100225.36,8352.113333333333,9068.438333333334,0.0789909986339066,20492.51276923077,1298.16,34065.72,0,0.0527193915791372,0.0384507473956691,0.0352784963805567,0.020579521989245,0.0124879571397897,0.0611589721403844,0.0,0.0228826317011981,0.0262525372819813,0.0075392096371616,0.0307340377724759,0.1397190291958043,0.2246707819258518,0.2469795069830629,0.0146740306046294,0.0,22517.71,41.15,0.2069238124976682,19.0,1330.04,69.77,1.0,1,5598.39,3853.74,4,1,0,1,1,1,5
6aeeb4b2-1566-4fe7-8cea-8ac98a128358,672,12,57618.9,4102.614285714286,1,0.0,0,0.0,83370.48,6947.54,4801.575,-0.4469293929596019,4875.421949404762,-505.14,7460.17,1,0.1979758302938882,0.0256251373387798,0.0596796372049195,0.1052479246850923,0.0275994572659291,0.1082760948479605,0.0174806478264248,0.0,0.0,0.0327944615408235,0.0,0.0,0.0182063243488582,0.2742433532828406,0.0166147538073428,0.0,1517.87,1228.62,0.026343265838119,16.0,584.5,0.0,0.0,0,13750.09,2136.38,7,0,0,0,0,0,4
6afe4318-259d-4882-9a37-54132053136d,486,12,97560.14,4898.470666666666,1,0.0,0,0.0,150750.66,12562.555,8130.011666666666,-0.545207499702235,-6643.699938271605,-25642.95,-12964.81,1,0.1132245125825651,0.0199252858992458,0.0267230670830893,0.0176290438794762,0.0043949392991048,0.0443687609725887,0.0,0.0165805575909253,0.0928340214231897,0.0292333711839138,0.0028969027399283,0.0676729375513181,0.2916399171983724,0.1741213603973607,0.0187458549103532,0.0031895051073076,43964.91,2129.35,0.4506441872674639,11.0,2211.3,0.0,0.0,0,6686.11,3003.75,2,1,1,1,1,1,2
6b137082-38fa-4934-924a-20f711eb5891,442,12,140037.45,6313.578666666666,1,13850.12,1,0.0,109423.18,9118.598333333332,11669.7875,0.2186148776630822,29927.838371040725,4154.79,48884.56,0,0.1099790739037194,0.033655483234905,0.0021514637026633,0.0136185952555939,0.0100385494188708,0.0143491534426252,0.0,0.0296005837154431,0.0095039277783738,0.0211446971290726,0.0094455306453349,0.1227520530841819,0.4215986959984164,0.1529310334428226,0.0049030744674026,0.0,46132.67,0.0,0.3294309486498075,20.0,7522.4,0.0,0.0,0,1725.61,3682.69,3,1,0,1,1,1,0
6c4d3c98-aced-42f7-aaad-be62883154b4,435,12,130671.74,5769.4,1,14120.49,1,0.0,102329.53,8527.460833333333,10889.311666666666,0.2168962470385715,27458.626436781607,4344.21,48221.14,0,0.1805479806269021,0.0247410498220797,0.0118456519833522,0.0,0.0069010382437992,0.0662633748049072,0.0,0.0274011812621439,0.0087310085368319,0.0,0.0186834631215446,0.1602081041513628,0.2627962817771175,0.1838299267083509,0.0024125000867296,0.0,26891.82,0.0,0.2057967545239697,30.0,4456.08,0.0,0.0,0,1212.16,2531.74,2,1,0,1,1,1,0
6c97ccfc-e1c4-488e-a9f2-72e9b98f70af,464,12,143544.97,6093.871875,1,13548.06,1,0.0,127953.99,10662.8325,11962.080833333332,0.1086139068474499,25072.688426724137,3742.4,32524.51,0,0.1231314474835837,0.0172970768633318,0.0097059888480226,0.0096039209093831,0.0048233744020018,0.056065465406745,0.0,0.0189568922391556,0.0908431225943012,0.0165059331092371,0.0,0.0795428106618637,0.3847976135796938,0.1327360717707982,0.007055895638737,0.0216155041355099,49236.39,0.0,0.3430032414232278,27.0,2279.21,0.0,0.0,0,2470.78,2213.23,2,1,1,1,1,1,0
6c9b3b9e-befe-4c37-8bae-e354f8de5f7c,384,12,103683.71,4723.643333333334,1,0.0,0,0.0,95517.71,7959.809166666667,8640.309166666668,0.0787587558354152,14839.359192708333,1420.26,25532.34,0,0.069291757518056,0.0330101088060004,0.0027702716072234,0.0,0.0090610421878832,0.0101842893846596,0.0,0.0194441428715156,0.1035772319080932,0.0730438365827656,0.0177274978640086,0.1378855292908508,0.3202108802650315,0.1434092169923252,0.0024833091161837,0.0,30585.81,412.61,0.2949914697303945,22.0,4305.56,0.0,0.0,0,264.61,3153.05,3,1,0,1,1,1,5
6c9edd81-667a-44c8-9a33-50d59aa34e21,433,12,104107.81,4875.931333333333,1,0.0,0,0.0,99253.19,8271.099166666667,8675.650833333333,0.046630699464334,14303.439792147805,1867.91,24812.91,0,0.1923232895587537,0.0328743086242366,0.0132026990769767,0.0,0.0147172095929611,0.0818620540055186,0.0057870180293449,0.0,0.0315563660976538,0.007223243907828,0.0,0.1319519302100013,0.206275485956673,0.1820882532843528,0.0266894192519152,0.0,20473.5,67.47999999999999,0.1966567157641679,22.0,1047.26,86.54,3.0,1,1310.41,3262.88,4,1,0,1,1,1,5
6e18f35b-b18e-4088-8dca-3c72e4c26791,379,12,92091.27,4512.6900000000005,1,0.0,0,0.0,105913.49,8826.124166666666,7674.2725,-0.1500926200713705,1150.801530343008,-6203.62,-2530.39,1,0.2421100466050169,0.0348808258513622,0.01647722117362,0.0,0.0087565804884722,0.0,0.0,0.0226017478982139,0.0479745309119735,0.0060342643793533,0.0031896786707717,0.1231720340817774,0.3225099087944321,0.108815411521233,0.0116226931998936,0.0,34158.15,415.02,0.3709162660043671,10.0,5760.91,323.76,1.0,1,1745.16,3694.35,3,1,0,1,1,1,2
6e362c91-12b4-43d6-9b89-2ee99cf1d2d2,358,12,57314.75,0.0,0,0.0,0,33554.520000000004,38091.34,3174.2783333333336,4776.229166666667,0.3354007476260473,15204.96189944134,2552.61,28468.59,0,0.2661373950089443,0.0942390055062384,0.0230094294398674,0.0,0.0076355938121368,0.1299786250628095,0.0,0.0,0.020749598202636,0.009363283097943,0.0,0.0120743980127766,0.0478565469211637,0.1732858439739846,0.0,0.0,1822.92,278.75,0.0318054253050043,41.0,4947.43,72.87,1.0,1,876.46,3589.69,1,1,0,1,0,0,3
6f3edef9-f379-4c9e-88c7-1fa938641a26,497,12,102666.49,5024.709333333333,1,0.0,0,0.0,133937.06,11161.421666666669,8555.540833333334,-0.3045839981477889,589.1118913480885,-7336.06,-1452.92,1,0.1072503009995889,0.0369254036186847,0.0110573578365838,0.0,0.0109452156109742,0.0430082607457562,0.0,0.0280743806083245,0.0724655297047732,0.049604120024734,0.0455496036720531,0.0746172119949474,0.2936211232350478,0.1550307286123795,0.0,0.0,39326.75,886.15,0.3830534188906234,39.0,11686.87,0.0,0.0,0,1480.99,4945.68,4,1,0,1,1,1,2
6f8ac624-1d2b-4e1c-a369-1f3f58c6f121,453,12,131456.22,5359.4,1,14115.5,1,0.0,85235.04000000001,7102.920000000001,10954.685,0.351608923487987,42232.5480794702,3449.64,66715.9,0,0.086428656571288,0.0440099517757016,0.0517371728810123,0.0133956645060529,0.0130702114998714,0.0197366012851052,0.0,0.0,0.0021742231833292,0.0049371713792825,0.0480981765245842,0.0977473583634148,0.2641073436464627,0.2257045928528923,0.0124228251667389,0.0275477080787432,22511.2,0.0,0.1712448448616581,10.0,806.51,0.0,0.0,0,5551.6,3751.19,3,1,1,1,1,1,0
6fac564a-79c6-4067-b3b8-473180dd360a,450,12,131534.14,5237.42,1,14780.99,1,0.0,116610.57,9717.5475,10961.178333333335,0.1134577684546386,27205.886777777778,3303.72,43581.6,0,0.1548242153348534,0.0198011209446965,0.0,0.0134714203009212,0.0090633293362685,0.0455764001496605,0.0,0.025637898862856,0.0039598468646538,0.0209825747357207,0.0832364510352706,0.0781093000402965,0.2153148723996461,0.2102660161939007,0.0031134398879964,0.0,25107.99,0.0,0.190885727462087,55.0,14999.24,0.0,0.0,0,1570.91,2309.02,3,1,0,1,1,1,0
6fb015bf-f662-4173-bf3e-01721e283649,461,12,77777.24,0.0,0,0.0,0,0.0,79319.38,6609.948333333334,6481.436666666667,-0.0198276513797609,12837.673210412147,1040.13,19237.05,0,0.5036229481370128,0.0242933063773317,0.0394363899465679,0.0,0.012453702991627,0.0162650035842438,0.0,0.0,0.0154377152216772,0.0947664996877182,0.0456274368256534,0.0,0.0774742566066452,0.1028577127052682,0.025905396638249,0.0,6145.21,1748.6999999999998,0.0790103891575478,58.0,3256.48,141.23000000000002,2.0,1,3128.07,1926.93,3,0,0,1,0,0,1
6fff6535-2214-41b9-b6a4-732bc8b055af,684,12,54155.52,3806.121428571428,1,0.0,0,0.0,79169.49,6597.4575,4512.96,-0.4618914193788557,7867.3525584795325,1453.71,12602.14,0,0.0559723196398006,0.0210381549761151,0.0598720542471601,0.0952903700655391,0.0230914712220578,0.2203276792612912,0.0225776369154329,0.0,0.0100743354542261,0.0107893836375603,0.0199243420666218,0.0091945773554938,0.0242484825909577,0.3443927704978269,0.0,0.018167099472284,1919.74,993.85,0.0354486486326786,45.0,4008.62,0.0,0.0,0,12284.13,1665.58,5,1,1,1,0,0,4
70035f9d-b373-44b3-a068-8afe30fc8ebc,441,12,91485.38,0.0,0,0.0,0,0.0,74144.8,6178.733333333334,7623.781666666667,0.1895448212599652,19133.42746031746,3009.35,41373.42,0,0.3764269375600176,0.0404221199598623,0.0520090417669209,0.0,0.0185358919303848,0.1064993094593282,0.0067240049201022,0.0,0.0024994335408551,0.0833347719597328,0.0181144193524023,0.0,0.0,0.1864376193610341,0.0,0.0,0.0,1542.47,0.0,23.0,975.22,0.0,0.0,0,3856.2,2997.09,4,0,0,1,0,0,1
704b64f3-75e3-46cb-a2ec-3cf28f6213fe,577,12,73447.81,0.0,0,0.0,0,0.0,109247.78,9103.981666666668,6120.650833333333,-0.48742052349825,-9778.29409012132,-21999.38,-16266.98,1,0.3491487881950553,0.0178570219001246,0.0438155356566513,0.0328822242429091,0.007512006193627,0.0595030855546904,0.0041992615319048,0.0146274825904929,0.1129856368706073,0.0029493505497319,0.0,0.0386807860077339,0.040377937199273,0.1376159771850741,0.0111908910185634,0.0,4411.2,2610.54,0.0600589724867222,46.0,5032.02,0.0,0.0,0,8379.06,1950.84,3,1,0,1,0,0,1
705a5490-2690-4cb3-8f23-ff67f1536f8d,457,12,104943.52,5058.263125,1,0.0,0,0.0,125194.86,10432.905,8745.293333333333,-0.1929737062374124,11542.933129102845,1663.6,8377.63,0,0.0554180099726138,0.0163426038417232,0.0057732402112994,0.0,0.0108359081195505,0.0088421361707661,0.0035931986345126,0.0241723981319999,0.003971488925344,0.0493892480889391,0.1106983146113187,0.0734095632999629,0.2959742915963163,0.1886313863045176,0.0165926141057228,0.0,37054.46,983.21,0.3530895475966501,40.0,14870.4,0.0,0.0,0,722.78,2046.01,4,1,0,1,1,1,5
70760757-de78-4314-b960-2f2400573953,482,12,74688.64,0.0,0,0.0,0,0.0,64968.48,5414.04,6224.053333333333,0.1301424152320888,14666.790124481327,596.78,22617.67,0,0.4770065422494108,0.0228666270166702,0.0729730786375177,0.0469727781841286,0.0223038925953016,0.0028301416317574,0.0,0.0,0.0113581232006659,0.0005885931146919,0.0495692680512149,0.0,0.0,0.1798182749542547,0.0100610326730746,0.0,0.0,708.27,0.0,20.0,3220.17,4.03,1.0,1,7792.7,1485.61,4,0,0,1,0,0,1
707f9f4d-ed47-4c8d-97c4-b1d75cd1085f,488,12,102149.59,0.0,0,0.0,0,0.0,87787.28,7315.606666666667,8512.465833333334,0.1406007601205252,18165.6268647541,721.51,32963.33,0,0.4469616782750303,0.0260623179121166,0.024069774117617,0.0,0.0201859540471011,0.0275970505066337,0.0,0.0,0.0073400155466714,0.0688530274545469,0.0359448430342072,0.0140482766979453,0.0091444910925591,0.1072894615256333,0.0027228318271166,0.0,802.77,1500.83,0.00785876869403,22.0,2072.28,0.0,0.0,0,2113.02,2287.94,5,1,0,1,0,0,1
70ab6f6e-57e0-4a15-9cfc-514926c2d830,384,12,91944.87,4707.002857142857,1,0.0,0,0.0,103741.11,8645.0925,7662.072499999999,-0.128296880511115,5466.868385416667,1312.19,8734.71,0,0.074500166809474,0.0405538363720997,0.0052974177739181,0.0,0.0136722076715778,0.0,0.0,0.0268430711797859,0.0117047137822219,0.0198461342856269,0.079671790671991,0.1062298253797361,0.3791982753992124,0.1767831479728721,0.001563218284439,0.0,39338.45,40.88,0.4278482312281261,16.0,6142.05,145.20999999999998,2.0,1,549.56,4207.1,4,1,0,1,1,1,5
70e90f06-4977-433c-8910-997e99a628e6,448,12,67131.66,0.0,0,0.0,0,0.0,68847.84,5737.32,5594.305,-0.0255643909297043,7344.368504464285,520.48,13638.61,0,0.485092342766309,0.0413494453856504,0.0404531209693724,0.049668951124683,0.0157002746927136,0.0433015763457502,0.0,0.0,0.0108215450186963,0.0476736815563131,0.0,0.0248901054847908,0.0,0.152785330665421,0.0,0.0,0.0,1178.67,0.0,34.0,5027.77,0.0,0.0,0,6204.71,2846.82,3,1,0,1,0,0,1
711dd83b-24f3-4a53-9061-93ef9c3a0cf6,369,12,95581.74,4399.150666666666,1,0.0,0,0.0,111109.34,9259.111666666666,7965.144999999999,-0.1624536234640634,3427.427154471545,-748.63,4169.06,1,0.1090294479294,0.035651458284245,0.0107413112165007,0.0,0.0046059134182598,0.0255601374285906,0.0,0.0,0.0,0.084000138962215,0.0020417725458543,0.1422118068562013,0.3853889330995936,0.131859841845879,0.0046468640710132,0.0,42820.31,1062.24,0.4479967617245721,22.0,631.94,11.07,1.0,1,1193.46,3961.21,2,1,0,0,1,1,2
713ddc5a-623f-4c59-8508-9d399875f016,461,12,114796.88,5426.74,1,0.0,0,0.0,117390.31,9782.525833333331,9566.406666666666,-0.0225914676426746,14027.877809110629,1264.38,20758.74,0,0.131975799365382,0.0295113796019449,0.0478490941884385,0.0191154619150422,0.0082655885311147,0.0497631363270102,0.0070390818458525,0.0,0.0,0.0692836572286077,0.0,0.0667067835496814,0.3249422375662863,0.2098678332138316,0.0072023832290757,0.0,38145.07,511.06,0.3322831596120034,27.0,7862.139999999999,0.0,0.0,0,7860.99,3464.35,3,1,0,0,1,1,5
714a06ef-063b-4c47-83c2-8bf27fffa665,455,12,95697.33,4465.776,1,0.0,0,0.0,91470.76,7622.563333333333,7974.7775,0.044166018006981,12286.686483516483,126.04,22804.62,0,0.0998749764405587,0.0356747883148669,0.0074155937919396,0.0182879206426184,0.0157114688890744,0.0481072858692767,0.0,0.0369761878003418,0.0086302989064483,0.001509444110883,0.0296552690717776,0.0865828599215749,0.3573625057887351,0.1598456162384569,0.0,0.0,32688.22,643.95,0.34157922692305,12.0,1845.27,0.0,0.0,0,2351.12,3263.2,4,1,0,1,1,1,5
71616ad4-5d91-46ee-b31f-6beaeefe8eca,430,12,87375.54,0.0,0,0.0,0,0.0,65801.29,5483.440833333333,7281.294999999999,0.2469140677127718,14927.936162790696,-2094.32,25571.68,1,0.4709313449629938,0.023981444740673,0.0399373629301188,0.0,0.0209386472514444,0.0628785545085818,0.0,0.0,0.0027174239289229,0.0056953290733357,0.0072728057459055,0.0033452231711566,0.0102842968580099,0.1523032451187506,0.0,0.0,676.72,455.54,0.007744959287233,36.0,2984.85,138.13,3.0,1,2627.93,1578.01,4,1,0,1,0,0,1
7168131b-2342-425d-9e8a-8f59fe9ba59e,423,12,109470.48,4519.536875000001,1,0.0,0,0.0,112188.94,9349.078333333331,9122.54,-0.0248328133758068,21126.91387706856,737.67,26397.54,0,0.158761906476699,0.0243796759288393,0.0021725849268207,0.0,0.0055558061249174,0.1481984766056261,0.0046636504454004,0.0,0.0,0.0220066256085492,0.0123397190489543,0.1165554287258619,0.2208467251762963,0.1888324285798581,0.0221765175782924,0.0,24776.56,566.8,0.2263309706872574,42.0,6443.91,0.0,0.0,0,243.74,2735.13,2,1,0,0,1,1,5
7192f5b5-870a-4595-9828-64417bf1f68c,284,12,53885.7,0.0,0,0.0,0,33624.48,41740.26,3478.355,4490.474999999999,0.2253926366364359,17809.592746478873,477.11,27576.93,0,0.1365223886961892,0.1085862905501786,0.0464244832207561,0.0,0.008382075243422,0.0196826756709229,0.0,0.0,0.0,0.2078216570764054,0.0330201584752945,0.0358049997771935,0.0,0.2944500106132545,0.0,0.0,0.0,610.1700000000001,0.0,3.0,279.45000000000005,0.0,0.0,0,1937.77,4532.42,1,1,0,0,0,0,3
71b6e0d2-9121-4ec9-b7ce-8a89a9702d3b,511,12,137620.19,6194.769333333333,1,13754.57,1,0.0,126457.01,10538.084166666666,11468.349166666669,0.081115859526135,25919.098864970645,3610.8,43713.73,0,0.1043552271242218,0.0198108432264846,0.0149608155372327,0.0076561196567908,0.0085528670968892,0.0692197292977273,0.0,0.0176531138922231,0.0097753378796477,0.0627398987213124,0.0009646756632945,0.1424984664748913,0.1906862260937531,0.2324933192711103,0.0204804779110307,0.0,24113.61,0.0,0.1752185489643634,26.0,1648.54,299.56,1.0,1,2860.07,2505.22,3,1,0,1,1,1,0
71ebfdf3-a44b-4f3c-b8da-33ed873fd88b,463,12,124548.57,5435.43,1,12887.27,1,0.0,132351.94,11029.328333333331,10379.0475,-0.062653228375083,11573.589179265658,4297.63,22627.02,0,0.126389684956639,0.0264708624595906,0.0358368755304984,0.0,0.0049127349398883,0.0631584244250594,0.0,0.019083059908302,0.0134072836408744,0.0061637932923385,0.0,0.1149141448172199,0.3636984089541868,0.1549228519053064,0.0073757891270804,0.0,48136.19,0.0,0.3864852884300478,25.0,2767.42,0.0,0.0,0,4743.08,3503.4700000000003,2,1,0,1,1,1,0
72055dab-9f5c-4691-80bf-413c5ecb311f,369,12,147401.34,6363.8460000000005,1,14383.81,1,0.0,88858.74,7404.895,12283.445,0.3971646390731589,40766.15804878049,4959.71,74754.48,0,0.0692838993665676,0.0508771562594743,0.0,0.0,0.0104264363865614,0.0082556876228494,0.0,0.0352232093320251,0.1269394546895443,0.0241174925505358,0.0,0.0796788250654915,0.3340760852562168,0.1430102429991692,0.0,0.0,29685.58,0.0,0.2013928774324575,20.0,733.59,0.0,0.0,0,0.0,4520.88,3,1,0,1,1,1,0
720b1229-a817-4f14-9f4f-2205a68aea89,451,12,132135.38999999998,6222.811428571428,1,14015.15,1,0.0,111624.65,9302.054166666669,11011.2825,0.1552251822921928,19988.84383592018,3650.33,38143.26,0,0.1303460302003186,0.0257986027279816,0.0,0.017829484795697,0.0110703146661602,0.0215225758826567,0.0034776368839678,0.0214077266983591,0.005297485815185,0.01973363410322,0.007198768372398,0.1255336522891673,0.3806797154571145,0.1476348638047241,0.007681188698016,0.0,42493.24,0.0,0.3215886372303438,18.0,3726.67,0.0,0.0,0,1990.21,2879.76,3,1,0,1,1,1,0
727c861d-cb2a-4a3d-8a7c-c2f0eca3492c,490,12,132433.07,5555.504285714285,1,14325.16,1,0.0,118673.66,9889.471666666666,11036.089166666668,0.1038970855240311,20631.762122448978,4884.0,32364.02,0,0.1360972603356128,0.0310087343729012,0.001352953974791,0.0087037848162768,0.0086478330574788,0.0015632786584655,0.003581670945347,0.0185700853921586,0.1120107865553316,0.0211576014424767,0.0189248397664654,0.0846328494461197,0.3222906414110764,0.1301093267031622,0.0137759297218944,0.0026910773629127,38247.41,0.0,0.2888055830767949,12.0,1590.51,341.72,2.0,1,1193.47,3679.92,3,1,1,1,1,1,0
729449da-29c9-4169-8132-5617076bf1ca,411,12,99054.52,4455.0813333333335,1,0.0,0,0.0,108112.88,9009.406666666668,8254.543333333333,-0.0914482246746539,10762.274087591242,1395.84,12800.38,0,0.2009936281412538,0.02484791821289,0.0077147144725031,0.0,0.0080229108687142,0.0050646139479403,0.0,0.028896279518222,0.0039196994844647,0.0547807994755111,0.0385499859036222,0.0920400973501029,0.3008486130422203,0.1286864247812101,0.0101067513879937,0.0,32525.61,288.12,0.3283606846007633,26.0,7710.15,0.0,0.0,0,834.06,2686.38,3,1,0,1,1,1,5
72e5eec4-ae20-48a0-8ca4-1eb8c85fe35c,405,12,106132.09,5000.296666666666,1,0.0,0,0.0,105883.0,8823.583333333334,8844.340833333334,0.0023469810120578,17338.497827160492,1308.0,28542.23,0,0.0600433497350849,0.0359182304997025,0.0111777150250748,0.0,0.0139064816826119,0.0032242191853272,0.0,0.0133546461660512,0.0343806843402623,0.1125984341206803,0.0147560042688627,0.1039555924936014,0.3468522803471756,0.1715052463568278,0.0105758242588517,0.0,36725.76,986.41,0.3460382246312119,41.0,13202.22,0.0,0.0,0,1183.53,3803.13,4,1,0,1,1,1,5
7333da45-b06f-4402-9941-681a46934ced,380,12,100484.93,4896.004666666666,1,0.0,0,0.0,106834.12,8902.843333333332,8373.744166666665,-0.0631854945811277,7613.065578947368,962.61,15391.96,0,0.0534824454958771,0.0273886282771833,0.0291459320299544,0.0,0.0058968052528536,0.065467942264138,0.002854425159303,0.0,0.0,0.0530740553673302,0.0023148035477804,0.1306526416841361,0.3456385469361286,0.1822072386612067,0.0177092299725967,0.0039414374359053,36925.99,439.52,0.3674778894705903,11.0,583.57,0.0,0.0,0,3113.78,2926.04,2,1,1,0,1,1,5
73745523-9df7-42c4-9c1f-008d54bde64a,440,12,91434.52,0.0,0,0.0,0,0.0,63685.65,5307.1375,7619.543333333334,0.3034835202284651,22710.995363636364,535.7,48362.87,0,0.4316187398574089,0.0320284082834987,0.0523405194105736,0.0,0.0169612777760767,0.1113319876612706,0.0,0.004601193518477,0.0176648899712886,0.0325385703058695,0.0,0.0137175329136155,0.0112557538472167,0.1859282271594935,0.006678113515368,0.0,716.8299999999999,1119.86,0.0078398180468383,31.0,1956.62,0.0,0.0,0,3333.34,2039.75,3,1,0,1,0,0,1
73770d32-378f-4f7d-a87b-d345348d688c,549,12,88148.27,0.0,0,0.0,0,0.0,88866.55,7405.545833333334,7345.689166666667,-0.0081485433576858,6488.837431693989,-2591.33,15853.36,1,0.5501075489033838,0.0214175074873504,0.0497207329416974,0.0290749443969637,0.0115299851293878,0.00309970399436,0.0072501970651499,0.0,0.0,0.0500088053378914,0.0,0.009156088539501,0.0,0.1471057445124177,0.03150611788125,0.0,0.0,846.01,0.0,27.0,4372.37,73.29,1.0,1,7002.3,1903.3,3,1,0,0,0,0,1
73832170-d1fa-41e0-af02-24affff9b745,536,12,131632.77000000002,5702.423333333334,1,13554.65,1,0.0,108750.04,9062.503333333332,10969.3975,0.1738376393659422,26570.258619402983,3947.21,47941.3,0,0.1960485715683414,0.0250097379274527,0.0216812793815983,0.0,0.0091951230546673,0.0633254939492435,0.0023384818984894,0.0162494652875529,0.0702622270299854,0.0074824800064441,0.0249914390836086,0.1053111336786634,0.2099761066754549,0.1741889014477603,0.0,0.0,22834.91,0.0,0.1734743559677426,32.0,4900.16,0.0,0.0,0,2357.84,2719.81,3,1,0,1,1,1,0
738ed844-05f2-4cc8-9628-547466af7716,436,12,151028.93,6017.684375,1,13017.05,1,0.0,118708.37,9892.364166666666,12585.744166666664,0.2140024431080853,35038.21869266055,4392.6,54338.6,0,0.0570977429813921,0.0179131429401313,0.0255677000703488,0.0,0.0061944242010904,0.0541351886139115,0.0,0.0174050069089483,0.1393222735684097,0.0199612714756339,0.0,0.0451154371001808,0.381906010502882,0.1476515093249111,0.0010487044847806,0.0,45335.44,0.0,0.3001771912176031,18.0,1041.57,0.0,0.0,0,3035.1,2126.44,2,1,0,1,1,1,0
73aa19c6-eac5-4b7c-9de4-7c57202d2103,464,12,98574.44,4739.896,1,0.0,0,0.0,85029.92,7085.826666666667,8214.536666666667,0.1374039761220049,18668.23465517241,1626.64,33040.15,0,0.0964714538129637,0.0350856498512523,0.0087660908066243,0.0243615423841396,0.0128510058577027,0.0557309709335255,0.0,0.0344917412600176,0.0076743574497071,0.023097046310287,0.0032332148495494,0.1452337012665659,0.2463784512557462,0.2065574094389363,0.0,0.0,20949.54,206.14,0.2125250724224251,28.0,2567.23,0.0,0.0,0,2816.84,2983.33,3,1,0,1,1,1,5
73b29468-13d8-4f10-bd40-0742d306a8cb,596,12,88431.9,0.0,0,0.0,0,0.0,89303.95,7441.995833333333,7369.325,-0.0098612604727479,12099.673741610735,-595.12,22617.41,1,0.4147177140540815,0.0293835826970699,0.0681224066796597,0.0416763200283974,0.0115515607092407,0.0274236469943378,0.0071704555061674,0.0146920712913594,0.0827273597640417,0.0020441425043349,0.0316478722385739,0.0152634905846829,0.0107390546554771,0.1571770341625426,0.0083177731780061,0.0,959.04,1205.27,0.0108449552706659,27.0,3418.69,108.23,2.0,1,9805.46,2624.07,3,1,0,1,0,0,1
74037d6e-327e-4e4c-ab20-eecac54912dc,502,12,139054.19,6050.0142857142855,1,14159.84,1,0.0,139175.91,11597.9925,11587.849166666669,-0.0008753421957296,18644.52705179283,3379.95,29178.83,0,0.1389797990183789,0.0236866423219363,0.0242160442852502,0.0,0.0043120249761614,0.0036296511371831,0.0049144999303399,0.0187954941340063,0.0109817855690686,0.0043125279367672,0.0936376130035722,0.0559657199295481,0.3107331577713413,0.1997526727146961,0.0155108739723706,0.0,43246.57,0.0,0.3110051556159509,37.0,11970.03,0.0,0.0,0,3370.29,3296.61,2,1,0,1,1,1,0
7409c19c-a383-4476-9f45-db72f28808a4,493,12,111406.22,5101.277333333333,1,0.0,0,0.0,136400.88,11366.74,9283.851666666667,-0.2243560548055575,1526.5946855983773,-2742.93,3192.16,1,0.1443463561232156,0.0247744735957715,0.0,0.0183644709623574,0.0050667561675555,0.0390655837411019,0.0040966011362976,0.0171429979044123,0.0097805820607608,0.0466038049021384,0.032140994984783,0.0479522566130071,0.3399743462065641,0.1910334449455164,0.0160125066641798,0.0,46372.8,225.96,0.4162496492565675,45.0,14242.93,11.71,1.0,1,2504.93,3379.26,2,1,0,1,1,1,2
74103784-94b7-491f-a670-358441fc98a4,359,12,101939.76,4807.3462500000005,1,0.0,0,0.0,110096.59,9174.715833333334,8494.98,-0.080016178182095,10421.891030640669,-130.24,16395.62,1,0.0813704584310922,0.0181879384275207,0.0008588821869959,0.0,0.0062357971305014,0.0453572631086939,0.0,0.0210650484270221,0.1518168728023275,0.0744271916141998,0.0,0.0798166410058658,0.2847314344613216,0.1747258475489568,0.0038428983131993,0.0,31347.96,157.05,0.3075145556552223,41.0,3061.05,0.0,0.0,0,94.56,2002.43,2,1,0,1,1,1,2
748380cb-867b-43fb-83d8-a2846ca3effc,408,12,100506.58,4583.364,1,0.0,0,0.0,109718.76,9143.23,8375.548333333334,-0.0916574815300649,5771.205882352941,765.27,7446.35,0,0.06049011126265,0.0424904546861448,0.0127434907211856,0.0,0.0057776810456115,0.0,0.0059567753044237,0.0256709973754716,0.0697269090536568,0.0014991055312692,0.0644903387533727,0.1036290421072931,0.4080677725486507,0.1323339782549492,0.0062477009401127,0.0,44772.69,399.29,0.4454702368740434,13.0,6196.52,0.0,0.0,0,1398.2,4662.0,2,1,0,1,1,1,5
74c211c4-f367-45c1-9224-35647a7a28ac,531,12,85015.06,0.0,0,0.0,0,0.0,70697.94,5891.495,7084.588333333333,0.1684068681478316,21713.195555555558,848.05,38050.08,0,0.4531223964941552,0.0203485419801482,0.0514362936176075,0.0498068260546205,0.0139864046958086,0.0194888281044681,0.0099178278744755,0.0,0.0340366352965871,0.0022985111023036,0.0888965081585121,0.0053355161409229,0.0,0.1466109196392426,0.0124720748581924,0.0,0.0,1466.03,0.0,23.0,5229.55,0.0,0.0,0,7157.68,1438.6,3,1,0,1,0,0,1
7552800c-24b2-4314-b654-130a17605d20,477,12,93100.45,4460.077142857143,1,0.0,0,0.0,153849.03,12820.7525,7758.370833333333,-0.6525057612503484,-16939.231236897274,-34713.42,-29927.17,1,0.1111334923593603,0.0253572609460066,0.0014977669992459,0.0144138055339055,0.0090198813733177,0.0575296444832963,0.0,0.0,0.0,0.0499596910035766,0.0302868337876423,0.1235166058570534,0.2949033217823992,0.1703974994187483,0.0028373919549574,0.0,45370.59,3432.2,0.4873294382572801,32.0,4427.03,0.0,0.0,0,2447.98,3901.19,4,1,0,0,1,1,2
755627ab-804b-4211-b0ea-f4ebacc58716,443,12,99921.09,4989.87,1,0.0,0,0.0,93947.97,7828.9975,8326.7575,0.0597783711126449,12714.632799097066,797.67,22434.5,0,0.2369722304803392,0.0193566715704447,0.0353800087431372,0.0159114667405799,0.0139980672280625,0.0507955626928394,0.0049677497023086,0.0,0.0,0.0273348109597259,0.0,0.1428001052071694,0.2212123369988728,0.1436336516903984,0.0,0.0,20782.45,351.64,0.2079886238230588,28.0,2520.05,0.0,0.0,0,4818.7300000000005,1818.52,4,1,0,0,1,1,5
755e0eee-115e-473d-ba3d-fe9e83e1fb86,479,12,126228.26,5184.740000000001,1,14323.97,1,0.0,117952.35,9829.3625,10519.021666666666,0.0655630522039992,27256.909081419624,3959.37,40269.27,0,0.0531468851616775,0.0228900060066628,0.0090493322091505,0.0,0.0079601635745281,0.1169980080939463,0.0032452087643866,0.0234960982125409,0.0109210202255402,0.051551156038858,0.0,0.0834892225547011,0.2754179971827606,0.2483384180137148,0.0118048517049469,0.0,32486.2,0.0,0.2573607526555464,29.0,6113.34,0.0,0.0,0,1067.39,2699.93,3,1,0,1,1,1,0
7583e368-9692-45ab-8b2a-965590ca5dba,552,12,123825.87,5444.631428571428,1,14113.79,1,0.0,120442.99,10036.915833333334,10318.8225,0.0273196546085239,17928.599945652175,4658.12,31577.4,0,0.0865204359340464,0.0383465239446479,0.0169810629908805,0.0098346944060422,0.0051258275803348,0.0410090284208321,0.0056542933714946,0.0272885121832329,0.1257565923927992,0.0014104598366413,0.0316255018245561,0.0883305869440803,0.2911061905719875,0.1867365630826667,0.0023017528874034,0.0,35061.7,0.0,0.2831532699911577,61.0,8202.6,0.0,0.0,0,3229.77,4618.57,2,1,0,1,1,1,0
7604a424-af42-497c-a687-0fdab37cda43,780,12,59751.41,4207.115714285714,1,0.0,0,0.0,90906.14,7575.511666666666,4979.284166666666,-0.5214057710102574,3064.86717948718,-3665.2,8170.75,1,0.1634748763944877,0.0284080921266704,0.0874673591904793,0.1224624651316181,0.018115498029066,0.1151061963471334,0.0185472620441259,0.0,0.0,0.0340052938118371,0.0,0.0,0.0387408375275861,0.2783222343397267,0.0150324279526113,0.0,3521.78,2040.89,0.0589405337882403,45.0,4239.71,23.36,2.0,1,19083.91,2582.47,5,0,0,0,0,0,4
77c4e67b-f7cf-4fcb-8f73-145e228860b1,375,12,140629.48,5336.671249999999,1,13530.75,1,0.0,168612.07,14051.005833333336,11719.123333333337,-0.1989809675752196,13815.117653333333,3987.4,22077.23,0,0.0424670665629097,0.0166628047446425,0.0,0.0,0.0034237762456744,0.0398444785121255,0.0027923267889422,0.0,0.0,0.1748489891619265,0.0327296853659408,0.0848344368229391,0.2617899774316275,0.2748758140505599,0.0101089441580309,0.0,44140.95,0.0,0.3138812004424676,21.0,4813.61,0.0,0.0,0,0.0,2809.55,2,1,0,0,1,1,0
7821d66f-0eeb-406b-8835-8845183d097c,536,12,146873.52,6129.986875,1,13997.32,1,0.0,140691.88,11724.323333333334,12239.46,0.0420881858077615,23987.85585820896,3101.64,41471.5,0,0.1428149940138691,0.0257783178389541,0.0183903292784203,0.0126791965534897,0.0072019792471321,0.0219826474704865,0.0025609864620474,0.0167502204107301,0.001329287802537,0.1062361239326676,0.0208835790665388,0.0563520083746126,0.2794081648493147,0.2627850306641719,0.0016925639205332,0.0,39310.46,0.0,0.267648382090931,50.0,8393.78,0.0,0.0,0,4371.2300000000005,3626.8,3,1,0,1,1,1,0
78c64ce8-56c6-4f5f-b39d-d82bd38e93be,306,12,59223.75,0.0,0,0.0,0,33739.8,38536.58,3211.3816666666667,4935.3125,0.3493053040376538,19864.101535947717,2813.07,32591.82,0,0.1708278212545067,0.0342523908452696,0.0,0.0,0.0176082049834209,0.0596243880489654,0.0021916838494749,0.0,0.0,0.1295880433603604,0.0444001517519198,0.0051574374269849,0.0265973264882353,0.2682381259572073,0.0350487770321081,0.0,1024.97,249.38,0.0173067392726735,42.0,4777.08,0.0,0.0,0,0.0,1319.97,2,1,0,0,0,0,3
78dfe4d0-0bee-46ae-8ff5-0a9c64844934,342,12,136507.05,5949.158666666667,1,13462.8,1,0.0,113509.97,9459.164166666667,11375.5875,0.1684680754583737,34957.70102339181,4869.15,53717.42,0,0.0571150710373723,0.0301661607346033,0.0,0.0,0.0055947508399482,0.0,0.0039727787788156,0.0,0.0072763652391063,0.1429043633788292,0.0595295726005389,0.0724426233219866,0.3229667843274031,0.2594125432329865,0.0053388261841669,0.0,36659.95,0.0,0.2685571917347858,34.0,6874.13,0.0,0.0,0,0.0,3424.16,2,1,0,1,1,1,0
7977caac-8283-4666-acc3-835490d1b1be,698,12,57698.51,4039.871428571429,1,0.0,0,0.0,102105.28,8508.773333333333,4808.2091666666665,-0.769634605815644,1766.05053008596,-4333.42,-329.73,1,0.0532110582332275,0.0158116211032377,0.0266008770555254,0.0920458765697523,0.0201384296678878,0.1098003942597287,0.0181638990657486,0.0,0.0024495305237887,0.0059536588117676,0.1410704715760047,0.0088064006092535,0.0009496080907862,0.3889546162549087,0.0264467224417777,0.0,96.96,699.37,0.0016804593394179,49.0,12135.58,435.95,3.0,1,12114.46,1614.45,6,1,0,1,0,0,4
797b9417-c784-4c1b-a90f-70a21c98c118,663,12,55588.89,3950.7828571428568,1,0.0,0,0.0,77951.28,6495.94,4632.4075,-0.402281642968586,4867.860180995475,-3.88,8370.69,1,0.1413554722898713,0.0231100759346094,0.0441248687641819,0.10649574965286,0.0262034183402761,0.0856714604301558,0.0150454232438518,0.0,0.0023396665199083,0.0747932554795764,0.035728983539462,0.007396158215747,0.0024084274177409,0.3200830056927866,0.0006514325358095,0.0008657972005078,187.74,765.89,0.0033772935563203,51.0,8880.0,0.0,0.0,0,11741.07,1801.46,6,1,1,1,0,0,4
798983fd-fa5f-47af-90a3-e0f43121c112,706,12,49539.25,3510.4171428571426,1,0.0,0,0.0,87498.89,7291.574166666666,4128.270833333333,-0.7662538290345534,3164.606813031162,-5077.77,229.32,1,0.1916849459461714,0.0365989785698995,0.0337065990208561,0.1149685441723889,0.0209150081789608,0.1101097396778404,0.0190241270489259,0.0,0.0,0.0320466922494673,0.0549560114419737,0.0059142464550121,0.0040346797542231,0.3348280189611548,0.0079452436482337,0.0,353.03,1217.32,0.0071262685648248,34.0,4320.349999999999,0.0,0.0,0,13008.91,3202.37,6,1,0,0,0,0,4
798acdab-b817-4c26-99f2-eadbbe5e4de0,721,12,56315.990000000005,4010.51,1,0.0,0,0.0,85842.93000000001,7153.5775,4692.999166666667,-0.524308282603218,4426.17309292649,-474.24,5875.34,1,0.1576612075100418,0.0191239977479799,0.0414377747823845,0.0817827397084419,0.0249057202497631,0.1371069230745036,0.0203673150485427,0.0008976860412383,0.0106802039492361,0.0261800243770803,0.050594848055629,0.006445143473085,0.0,0.2731325689838405,0.0,0.0081523312403246,0.0,1367.9199999999998,0.0,29.0,3143.49,0.0,0.0,0,10577.61,1641.66,6,1,1,1,0,0,4
79928038-1a0e-48e5-8e86-1c199a24efb3,465,12,126152.15,5053.103125000001,1,12258.49,1,0.0,85721.73,7143.4775,10512.679166666669,0.3204893456037015,36826.664494623656,3748.25,63811.81,0,0.079307545473009,0.0448586373606785,0.0091925349616719,0.0172259705911208,0.0122933823197455,0.0809601019484791,0.0,0.0288874244605189,0.0059177527098438,0.0139557379441595,0.0,0.0651166279541955,0.2894354791952985,0.2365567050501663,0.0134605309528867,0.0,24810.91,0.0,0.1966744918735035,26.0,4155.59,0.0,0.0,0,2264.64,3845.36,3,1,0,1,1,1,0
79b8d639-dde3-4a7e-b6ac-dbad3b6eec2b,388,12,60920.8,0.0,0,0.0,0,34389.96,49974.86,4164.571666666667,5076.733333333333,0.1796749221940617,15111.71425257732,771.45,27914.61,0,0.1689427444118903,0.0444983737823377,0.0557108113959699,0.0061554949828773,0.0117465061432888,0.1270742929544975,0.0,0.0,0.0,0.0432101260513786,0.039878450885105,0.0040362294161504,0.0289867745502438,0.2696817960070323,0.0057370846061399,0.0,1448.61,332.25,0.0237785780882719,55.0,5235.79,0.0,0.0,0,3091.76,2223.8,2,1,0,0,0,0,3
79e94fa1-2201-48a4-9cbc-7d808f877fff,447,12,129151.6,5672.349333333333,1,13523.79,1,0.0,120911.65,10075.970833333333,10762.633333333331,0.0638006033219874,26291.046375838927,3349.01,40906.04,0,0.0399136063398357,0.022130952641867,0.0258564001070202,0.0,0.0081088133360184,0.1135499350145333,0.0,0.0221072990071676,0.0055525666881561,0.0200323955549361,0.0071299167615362,0.120814330132787,0.3143216555228549,0.2155964292936205,0.0016137402806098,0.0,38005.15,0.0,0.2942677442633308,24.0,6372.39,0.0,0.0,0,3126.34,2675.89,3,1,0,1,1,1,0
7a1d5306-3ea5-499e-b975-da66b8c8d73a,549,12,103630.29,4909.074375,1,0.0,0,0.0,147266.78,12272.231666666668,8635.8575,-0.4210785282951537,-4102.012823315118,-13890.59,-11908.82,1,0.1498339272441483,0.0219415403799825,0.0091056516615627,0.0152075030091647,0.0066922764251381,0.004778946073242,0.0,0.0242611402245638,0.0021405370579841,0.0274046869226039,0.0694942878495747,0.0984457594577677,0.3460115037485031,0.1619021615058059,0.0301014254538599,0.0038488653041779,50956.0,1764.74,0.491709518520116,41.0,10133.31,0.0,0.0,0,3580.52,3231.26,3,1,1,1,1,1,2
7a2e7ba2-afe5-4a9f-ae98-4a37d840a285,715,12,55155.89,3925.9357142857143,1,0.0,0,0.0,94423.44,7868.62,4596.324166666666,-0.7119375646009882,-5214.368881118881,-12268.88,-7464.52,1,0.2173564106539647,0.0181000607476279,0.0360391445175053,0.0961479480095196,0.0215662551586766,0.1042624585590187,0.0158846150913374,0.0,0.1589249449077474,0.0030327215360931,0.0242773404569882,0.0,0.0067671756080905,0.2262884088950794,0.0162792204986388,0.0,638.98,2674.67,0.0115849821297417,25.0,998.23,0.0,0.0,0,12481.56,1709.07,6,0,0,1,0,0,4
7b52ba6c-4c0e-44ee-b2d4-ff455259341e,681,12,55889.240000000005,3960.404285714286,1,0.0,0,0.0,84355.92,7029.66,4657.436666666667,-0.509340975114351,-460.7560792951542,-6329.31,197.69,1,0.0779538650043766,0.0164645231775078,0.0301405046616763,0.1059629247123379,0.0229899691687317,0.1266487283880016,0.0176262673680756,0.011901476505739,0.1400850112238714,0.0078753216134682,0.0037310955769316,0.0065282910790374,0.0,0.2998989282554206,0.0095836783002307,0.0,0.0,1126.3,0.0,47.0,1583.57,0.0,0.0,0,11481.13,1388.88,6,1,0,1,0,0,4
7bc17dc5-4a55-456a-88f1-65ce893f6e05,421,12,146509.5,6081.607999999999,1,12908.64,1,0.0,107867.94,8988.995,12209.125,0.2637478115753586,31567.64021377672,3078.83,50335.66,0,0.13118633766437,0.0241773412934371,0.0083706984670329,0.0,0.00927198572625,0.0248476053218407,0.0,0.0268964995530646,0.1709739705792101,0.0227931487335347,0.0,0.0597564021339426,0.3310505419868035,0.1320566611358296,0.0102177718421247,0.0,35709.74,0.0,0.2437366860169477,18.0,1227.24,0.0,0.0,0,902.93,2607.96,3,1,0,1,1,1,0
7c319910-b758-4803-9e99-a374ea39f129,404,12,108556.23,5035.212,1,0.0,0,0.0,112951.22,9412.601666666667,9046.3525,-0.0404858385373183,11834.315346534657,1808.24,19610.94,0,0.1039802845865675,0.0376831697789541,0.0084045130278362,0.0,0.0056569552768,0.0227102460690552,0.0,0.0225431828005044,0.0,0.0173061433068186,0.0589450029844741,0.1386052315326917,0.3692978260881112,0.1625291873784098,0.0,0.0005865363826968,41712.64,513.29,0.3842491582472972,38.0,9652.66,0.0,0.0,0,949.3,4256.36,2,1,1,0,1,1,5
7c48d8eb-4dd7-45c1-8bbb-053b9adde042,437,12,106580.79,4709.326875000001,1,0.0,0,0.0,113565.71,9463.809166666668,8881.7325,-0.065536387936325,11166.560732265449,1284.92,15665.01,0,0.0973998225344604,0.0297522024914034,0.0125441033213282,0.0,0.0057745423332447,0.0473709009524089,0.0,0.0229378216364781,0.0453430001009987,0.0605665213557859,0.0,0.071444628840871,0.360142775490947,0.1673608169226432,0.0109978619426585,0.0,40899.87,340.39,0.3837452321379866,27.0,536.43,0.0,0.0,0,1424.58,3378.83,2,1,0,1,1,1,5
7c4ca7e3-a6a7-42fa-a848-a6d885933534,407,12,101923.04,5161.377333333334,1,0.0,0,0.0,106001.94,8833.495,8493.586666666668,-0.0400194107240128,9176.000884520883,893.74,16952.14,0,0.0631446933895738,0.0486793920941446,0.0261508421449645,0.0,0.0089692698077035,0.0476725237292826,0.0,0.0303132187958069,0.0174816611846915,0.0373904477597296,0.0098900076734444,0.0586523227782434,0.4591682001291674,0.1728461762114919,0.0,0.0,48672.72,216.07,0.4775438409215423,22.0,4526.76,0.0,0.0,0,2772.04,5160.11,3,1,0,1,1,1,5
7c8e910d-171b-4a59-b574-734ce5225d0c,325,12,96809.1,4821.064666666667,1,0.0,0,0.0,96445.26,8037.105,8067.425,0.0037583243723989,18594.91221538461,1691.25,25805.04,0,0.0600530290446622,0.0286649649759874,0.0471990017964594,0.0,0.0069908049395066,0.011239225235123,0.0,0.0,0.0,0.0617453880055899,0.0976201422444192,0.0902273476166687,0.3437089598804544,0.2127710579037269,0.0,0.0,33149.1,585.06,0.3424171901195239,27.0,11152.8,0.0,0.0,0,4552.12,2764.6,2,1,0,0,1,1,5
7ce0cb9a-a7d2-4b1c-a1fc-8e874bdc7994,485,12,141438.97,6116.948,1,13963.2,1,0.0,128716.88,10726.406666666668,11786.580833333332,0.0899475583002336,23348.780226804123,1164.41,46500.81,0,0.1128593235013154,0.0110107547665853,0.0014156651404229,0.0129157885119651,0.0054035647849761,0.0388241231453093,0.003194530507576,0.0300623352585923,0.1142458549337119,0.0667576777808784,0.0287341489321369,0.1115496273682208,0.1759930787632516,0.2241723074704732,0.0034269009627952,0.0,22653.28,0.0,0.1601629310507563,51.0,9550.11,0.0,0.0,0,1844.7,1417.27,2,1,0,1,1,1,0
7d0a3f05-98ec-435d-8b1f-8ecd10b0d5cc,465,12,147505.94,6222.9186666666665,1,13727.85,1,0.0,140249.5,11687.458333333334,12292.161666666669,0.0491942222801332,17133.839720430107,1361.11,33298.61,0,0.1337956285049145,0.0186945408005019,0.0001932983718302,0.0110150838327409,0.0076629150193048,0.0347060060820181,0.0033007604305184,0.0166464764580265,0.0438433648604807,0.0307564732851097,0.0271620219679927,0.1004819981532911,0.3554640836509222,0.160484351102856,0.001602287352183,0.0,49853.66,0.0,0.3379773045071947,46.0,6924.29,0.0,0.0,0,1571.97,2621.9,3,1,0,1,1,1,0
7dca3b43-c724-4f35-a3dd-0a1bcef4ed30,337,12,53171.97,0.0,0,0.0,0,31606.56,41382.1,3448.508333333333,4430.9975,0.2217309232665256,14023.150296735908,3269.06,21829.17,0,0.2782198100144748,0.051891759963849,0.0157485966154448,0.0,0.0146826768095384,0.0711682104098148,0.0014781753463454,0.0,0.0190171595931574,0.0583621904156628,0.0,0.0422320278574552,0.0145898830653833,0.3046435536137605,0.0291198368376665,0.0,603.76,148.19,0.0113548548229452,26.0,1152.87,11.46,1.0,1,651.71,2147.39,2,1,0,1,0,0,3
7e419935-053a-4ba8-a512-0006d372f932,378,12,144901.92,6010.856,1,13258.91,1,0.0,101272.36,8439.363333333333,12075.160000000002,0.3010971835293832,42649.24187830688,3500.99,68132.75,0,0.0608028686208162,0.0287202747126659,0.0016111009953752,0.0,0.0106196794465933,0.0003216079885962,0.0,0.0222397305641934,0.0107988003834412,0.1694425803842233,0.0018108593499746,0.0906508942815196,0.3005040072138144,0.2458317353323257,0.0213536052680119,0.0,30432.75,0.0,0.2100230970024413,26.0,7339.95,0.0,0.0,0,163.16,2908.57,3,1,0,1,1,1,0
7f614661-4d1a-40c5-9c5f-e78a75cba82d,720,12,53119.2,3769.8328571428574,1,0.0,0,0.0,79254.62,6604.551666666666,4426.6,-0.4920145634723412,4065.624736111112,-2111.47,7532.3,1,0.1435575616916717,0.0183188058942179,0.0770945592824746,0.0954334270986347,0.0206522976199999,0.1221106100817845,0.0238281377161356,0.0,0.0,0.0024355677940289,0.0414663523716346,0.0,0.0053111099390798,0.3168584998578001,0.0173660538653771,0.0,420.93,1094.09,0.0079242533773098,60.0,7832.519999999999,0.0,0.0,0,13673.64,1451.85,5,0,0,0,0,0,4
7f7aaaf7-6625-4ff7-bce9-dea247507555,646,12,53130.09,3779.62,1,0.0,0,0.0,92538.78,7711.565,4427.507500000001,-0.7417395679171632,4586.959613003096,-511.24,6719.04,1,0.0742550312420371,0.0102776371160285,0.0366434482927049,0.1050249419756776,0.0136566529189168,0.1189732564012622,0.0191844975695594,0.0,0.0075199824333106,0.1493318801047518,0.0,0.0047078640976248,0.0,0.2868237510803579,0.0417960988895682,0.0,0.0,633.12,0.0,27.0,1003.65,0.0,0.0,0,13109.82,951.08,4,1,0,1,0,0,4
7fa5c6e1-084b-472e-846e-d980830d28fe,447,12,139999.79,6008.9113333333335,1,14346.97,1,0.0,110952.17,9246.014166666666,11666.649166666668,0.2074833112249669,30372.270514541386,3082.36,48879.33,0,0.1808407172207627,0.0253780525428209,0.0313483729069922,0.0,0.0095872843226049,0.0044730986334021,0.0,0.0297168590754015,0.0155894201979105,0.0062803638721081,0.1051485518489633,0.1200425372482575,0.1875707343083059,0.220940428654978,0.0083661274943969,0.0,20811.38,0.0,0.1486529372651202,20.0,3005.84,0.0,0.0,0,3478.17,2815.75,3,1,0,1,1,1,0
7ffa1338-5190-40c0-b7c1-3516bd63b783,458,12,136082.23,5857.380666666667,1,13461.01,1,0.0,123147.33,10262.2775,11340.185833333337,0.0950520872563596,29313.491069869,3561.65,40910.18,0,0.0778892242324701,0.0211022845562303,0.0132607016327515,0.0142689248723459,0.0054818078475595,0.078648233786311,0.0039816535202184,0.0,0.0,0.05001415783842,0.0108297922496573,0.0552653476124898,0.3530791126368716,0.2187314170757904,0.0037086471951929,0.0124427383037862,43480.75,0.0,0.3195182060141136,19.0,1130.66,0.0,0.0,0,3390.2,2598.69,2,1,1,0,1,1,0
800b6f70-aabd-48f1-a626-b50090d3eb81,326,12,53430.420000000006,0.0,0,0.0,0,33241.08,48923.53,4076.960833333333,4452.535000000001,0.0843506377078826,12067.640490797545,634.55,21229.59,0,0.118979354106296,0.0651300100381145,0.0034592761397225,0.0,0.0070460982680522,0.0742100989033293,0.0,0.0,0.0,0.1724630254603459,0.000877696274165,0.0232041718984709,0.0061935432704876,0.3210630958150403,0.0102482384243328,0.0,303.01,263.99,0.0056711139459506,58.0,1809.42,0.0,0.0,0,169.24,3186.39,1,1,0,0,0,0,3
8026f6d7-6b68-4a58-a70d-82acc1e9f249,352,12,61670.34,0.0,0,0.0,0,34500.600000000006,28415.03,2367.9191666666666,5139.195000000001,0.539243175892982,21027.070369318182,3087.52,40131.55,0,0.2070992006695048,0.0812545332522964,0.0283835702443389,0.0,0.0086637247963489,0.0279869491603563,0.0050656289998638,0.0313837430402149,0.0360193179454675,0.0242843312148535,0.0469635259931099,0.0167513460306042,0.0398429985820884,0.1773452289158237,0.0,0.0,1132.14,456.17,0.0183579334895834,22.0,1592.17,0.0,0.0,0,806.52,2308.85,1,1,0,1,0,0,3
8077a09d-c131-417c-8700-5b71160c62c6,454,12,124233.17,5514.767142857142,1,14637.49,1,0.0,116442.56,9703.546666666669,10352.764166666666,0.0627095807021587,18721.897995594714,3037.07,32683.98,0,0.1597688164877172,0.0303627814434859,0.0522576968421168,0.0118808792936191,0.0093439202985575,0.0249367585185348,0.0047074712201449,0.0,0.0017314116075771,0.0568603094950849,0.0059148476295952,0.1094783556802598,0.2789463749337012,0.1799514713520555,0.0159207252056292,0.0,32481.23,0.0,0.2614537647232217,15.0,1193.87,0.0,0.0,0,7468.46,3535.52,3,1,0,1,1,1,0
80d2e471-342a-4a69-b7e2-542f98495bdb,461,12,149343.77,6313.918000000001,1,14605.46,1,0.0,121855.46,10154.621666666668,12445.314166666663,0.1840606407619145,35613.78364425163,3056.42,61422.3,0,0.0823090733890791,0.0323763087841939,0.0528819964242882,0.0094788530608312,0.0057523889368601,0.0974617797183647,0.0026643040861689,0.0,0.0,0.0099891297443709,0.0377743434721759,0.0827621511584298,0.2227208366371109,0.2588153210369072,0.0,0.0,27139.75,0.0,0.1817266967346545,24.0,4649.0,0.0,0.0,0,7599.01,3945.23,2,1,0,0,1,1,0
80fd8433-ae81-4daf-bffe-84ff601ba619,689,12,57035.66,4044.467142857143,1,0.0,0,0.0,94744.75,7895.395833333333,4752.971666666666,-0.6611493581383998,1060.1669521044994,-4332.54,3717.8,1,0.1857385237704463,0.0265438454373461,0.1029774209125043,0.0827604695774699,0.0176372833323218,0.0934713532939819,0.0249888252383377,0.0,0.0048441734238572,0.0049054960828964,0.0419244338076779,0.0094947741167716,0.0120796139100055,0.2691117977513265,0.0068914636431042,0.0,1144.48,1474.74,0.0200660428931654,16.0,2585.74,0.0,0.0,0,17597.69,2514.89,5,1,0,1,0,0,4
815f43b9-dbeb-44b7-ad0d-83937f4379ad,367,12,56756.14,0.0,0,0.0,0,32027.88,38298.75,3191.5625,4729.678333333333,0.3252051672294839,15671.883405994551,2516.36,30388.88,0,0.1469403048402362,0.0666188844283429,0.1088526387936942,0.0127664741016351,0.0182063383269688,0.0662864976010966,0.0042152811775841,0.0,0.0,0.0103384575214595,0.0222542511178563,0.0050675283135872,0.0147485231241228,0.3162789908286823,0.0306795913704755,0.0266011292796762,564.85,190.93,0.0099522271951545,36.0,502.47,0.0,0.0,0,4657.86,2551.42,2,1,1,0,0,0,3
8186163f-8bf4-4009-be2a-c27d5376e3e2,491,12,144773.57,5959.536666666666,1,13845.93,1,0.0,125628.78,10469.065,12064.464166666668,0.1322395379211827,21956.661507128312,2899.8,40762.36,0,0.1291626011173554,0.0274663178294018,0.0148800298785039,0.0081319742180095,0.0044781936113683,0.0595232238982182,0.0030610024231708,0.0256198460257275,0.0103500169308338,0.0030076706945653,0.0078747879267791,0.0774029645117942,0.3553594964465944,0.1641641350015498,0.0099251142930783,0.0050579970608645,44643.38,0.0,0.3083669208405926,21.0,2053.47,0.0,0.0,0,2890.97,3450.56,2,1,1,1,1,1,0
823ce857-ab15-440f-bd98-17995526f11f,451,12,95241.95,4890.4514285714295,1,0.0,0,0.0,108443.72,9036.976666666667,7936.829166666667,-0.1386129746398513,1911.6021507760531,-4434.1,1752.86,1,0.1597144583383896,0.0322234427221788,0.0021568791627583,0.0,0.0118132244080155,0.0177362045492353,0.0037902609759237,0.0199079301226479,0.0130722184742463,0.0407937868601335,0.0,0.1395951743448122,0.3069457595147049,0.1190633261197605,0.0044201729708276,0.0,33286.340000000004,754.2,0.3494924242941267,32.0,6918.44,0.0,0.0,0,233.9,3494.43,4,1,0,1,1,1,2
82ac38b3-a469-4a2f-b651-9179b15b95ff,435,12,97423.31,4844.934,1,0.0,0,0.0,90492.11,7541.009166666667,8118.609166666666,0.0711451910225591,14883.959471264368,1526.37,25532.13,0,0.056330988414349,0.0359233528757369,0.0262200759823149,0.0,0.0137887159444066,0.0549494315029233,0.0,0.0351635076251399,0.0,0.0248443759350953,0.0389211832943225,0.1378664946590371,0.2682072503337584,0.1994714235307365,0.008047662939896,0.0,24270.64,476.56,0.2491255942751278,29.0,3424.82,0.0,0.0,0,2372.71,3250.78,4,1,0,0,1,1,5
82d30d54-5133-4e95-88b3-f1ea3091a56e,531,12,100429.62,4358.015333333334,1,0.0,0,0.0,133277.66,11106.471666666666,8369.135,-0.3270752194422321,549.4724105461394,-8350.43,-6883.23,1,0.1556975865272544,0.0369070105222435,0.0282287369090963,0.0201973083861166,0.0113271046325393,0.0248689090129583,0.0039139342632516,0.0,0.0,0.025078846672428,0.0537806561129599,0.095299692386556,0.3229028780967493,0.1728478726292163,0.0045938681696542,0.0031601695287867,43035.74,976.41,0.4285164078087718,35.0,7161.49,0.0,0.0,0,6454.11,4918.88,4,1,1,0,1,1,2
82f3f09e-dbc8-40a4-a35d-6f0e3cc907dc,490,12,94269.62,4358.621428571429,1,0.0,0,0.0,125378.72,10448.226666666667,7855.801666666666,-0.3300013302270658,-2113.734408163265,-11195.46,-7209.92,1,0.1135827515227464,0.0295283761072054,0.014577194598892,0.0147053662694913,0.0071221017410291,0.0062972408714971,0.0018467248668673,0.023292309891184,0.036944148097859,0.0726391208970708,0.0065861256200414,0.1212597321140302,0.294942156053276,0.1729455365312391,0.0044478042206843,0.0054975038826365,36979.47,1300.17,0.3922734598908959,7.0,657.98,0.0,0.0,0,3671.41,3702.23,3,1,1,1,1,1,2
83002fa9-ff82-4bc2-af14-83d104c59f0b,432,12,99991.71,5022.212,1,0.0,0,0.0,117951.74,9829.311666666666,8332.6425,-0.1796151900992592,1626.2459259259258,-3792.46,5054.35,1,0.1365566120516747,0.0345374303083617,0.0015028180169279,0.0,0.0053975464880806,0.0330122302562047,0.0,0.0170906338473684,0.0927154614251557,0.0256362475025802,0.0325634026255144,0.0639677719040007,0.2535758268593579,0.1727637930563805,0.012092487995514,0.0,29909.71,280.6,0.2991218972052782,9.0,2448.24,0.0,0.0,0,177.26,4073.75,2,1,0,1,1,1,2
830915f8-09b2-4bf8-9e88-815a01885400,342,12,97682.9,4432.387333333333,1,0.0,0,0.0,98427.68,8202.306666666665,8140.241666666666,-0.0076244665135862,10471.01076023392,647.25,14554.7,0,0.1879732408607009,0.0523615917798733,0.0,0.0,0.0128462847036524,0.0836486240455936,0.0,0.0,0.0077085023237365,0.0065267209386627,0.0085340830953244,0.0548480874485713,0.372783956708113,0.119243997217043,0.0054278430620329,0.0047944846409058,36692.26,317.87,0.3756262355028362,9.0,2146.95,0.0,0.0,0,0.0,5153.83,4,1,1,1,1,1,5
8359fbeb-c762-465e-b81a-13d82bbe3901,426,12,130391.06,5432.972666666668,1,13003.04,1,0.0,119546.18,9962.181666666664,10865.921666666669,0.0831719597954032,22139.82016431925,4262.3,31838.5,0,0.1385193571220761,0.0356002174222547,0.005753927059819,0.0,0.0042732440300476,0.0,0.0025206158824982,0.0192126590745099,0.0454294733633479,0.082395857400044,0.0,0.077795041213362,0.3147481584104151,0.1665924415150697,0.0080119665889784,0.0,37626.94,0.0,0.2885699372334269,28.0,9861.39,0.0,0.0,0,687.86,4255.87,2,1,0,1,1,1,0
837c6a0f-f317-493e-a8a4-6e0a29b5af5d,402,12,122490.94,5445.671428571428,1,13203.7,1,0.0,96654.15,8054.5125,10207.578333333331,0.2109281715039496,26544.777164179104,3582.66,46326.74,0,0.0690239374098267,0.0414672313604744,0.0112255914515827,0.015789596204612,0.010474977018576,0.0487219638266955,0.0057745063196976,0.0,0.0081042562580085,0.0649953468112854,0.0012843732007368,0.1149499530025353,0.2997807129854228,0.194100615441758,0.0,0.0,28975.05,0.0,0.2365485153432572,3.0,124.14,0.0,0.0,0,2611.13,4007.98,3,1,0,1,1,1,0
847f2186-5b71-4adb-a2a1-3c0b7d37977c,424,12,138342.73,5813.475625,1,13540.45,1,0.0,102468.13,8539.010833333334,11528.560833333337,0.259316843031795,33973.49462264151,3471.38,60026.29,0,0.1351265998510951,0.0380220659828573,0.0276444002637698,0.0121997932430307,0.0087171494200196,0.0830042472718102,0.0,0.0,0.0018258359940793,0.0098992730715394,0.0053413680917178,0.1317294460238515,0.3104375965483121,0.1915999638131388,0.0117783939259943,0.0,31809.96,0.0,0.2299358990530257,26.0,3758.23,0.0,0.0,0,4082.76,3896.05,3,1,0,1,1,1,0
852e4462-5aa3-49e3-a34b-277e2218bacf,378,12,99068.12,4917.300666666667,1,0.0,0,0.0,108423.76,9035.313333333334,8255.676666666668,-0.0944364342434274,12858.878253968254,884.44,14562.93,0,0.0914211977153347,0.0304793893884513,0.0,0.0,0.0067035122190929,0.0375067236185131,0.0,0.0,0.0068797650994579,0.0779233260311208,0.059214327191752,0.0916601674762063,0.309262379389905,0.2211796565623623,0.0075445640328282,0.0053527935205346,33531.39,201.26,0.3384680157451256,61.0,11963.51,0.0,0.0,0,0.0,3304.69,2,1,1,1,1,1,5
853e3fbb-de46-49d1-ab84-2fbc260f1558,692,12,52086.94,3682.035714285714,1,0.0,0,0.0,91266.95,7605.579166666666,4340.578333333334,-0.7522041033702497,-316.03349710982656,-7848.76,-2556.3,1,0.1690309580850461,0.0294777024980017,0.0373127402635893,0.0987435210664977,0.0172983758085484,0.10218879890256,0.0204564741124799,0.0,0.0020345809737259,0.0131808940695399,0.0481383458086415,0.0022344342612522,0.0448207154944917,0.3430844352747626,0.0206095415700864,0.0,4090.65,528.5,0.0785350416054389,63.0,5607.7,0.0,0.0,0,12417.44,2690.34,5,1,0,1,0,0,4
8646d533-d74c-4a7f-81cc-584ae1e84542,369,12,100170.07,4461.453125,1,0.0,0,0.0,107112.51,8926.0425,8347.505833333335,-0.0693065303837761,4575.898102981029,-40.82,4937.42,1,0.1712096000737915,0.0350378307818573,0.0044196518221821,0.0,0.0062129064102783,0.0264342605732981,0.0,0.023442919972653,0.0070340990048688,0.0011068735108532,0.0,0.0952553534596472,0.4533766410664823,0.1030165384043376,0.0053616519676366,0.0,48562.31,213.89,0.4847986030158508,18.0,1126.95,0.0,0.0,0,473.4,3752.99,2,1,0,1,1,1,2
86cf5cd5-0a5d-46db-b15f-8dec2d7fc9de,410,12,105356.5,4953.012000000001,1,0.0,0,0.0,77354.15,6446.179166666666,8779.708333333334,0.2657866386981344,23233.5786097561,1656.99,39863.66,0,0.180821197052776,0.0387941694143106,0.0,0.027853579930747,0.0093020219341819,0.0269487803821772,0.0072100850439181,0.0,0.0,0.0053730795309624,0.0142672371165606,0.1044516680746928,0.2800784444014962,0.1835988114406272,0.0035007817938662,0.0,21665.23,243.84,0.2056373360922202,26.0,2077.94,4.17,1.0,1,2154.59,3000.89,2,1,0,0,1,1,5
872da043-3c1d-4c6f-866c-1913d7e55270,489,12,113276.99,4818.035625,1,0.0,0,0.0,136828.1,11402.341666666667,9439.749166666666,-0.2079072722536147,2089.5353578732106,-7790.8,-448.15,1,0.1588585970279496,0.0305250164257195,0.0,0.0137256163024992,0.008153003659336,0.0446868735296331,0.003026644380796,0.0218701421710891,0.0622934908838169,0.0262057282093371,0.0,0.091620507775815,0.3666165794891546,0.1152775635998745,0.0070850943629269,0.0,50163.45,788.5500000000001,0.4428388324936952,25.0,3439.69,75.7,2.0,1,1878.05,4176.68,3,1,0,1,1,1,2
87d1bf2b-548d-476f-97f8-9054d1a96a40,437,12,83687.65,0.0,0,0.0,0,0.0,59583.22,4965.268333333333,6973.970833333333,0.2880285203372301,22881.48377574371,743.64,36910.05,0,0.3971901820680386,0.0433623761857784,0.1054155851261479,0.0,0.0168388012598177,0.0445229378338397,0.0,0.0,0.0,0.0662993708631389,0.0,0.0,0.0559647498070765,0.1858795144001952,0.0051796462158305,0.0,3334.56,706.61,0.039845305729101,51.0,2600.73,3.83,1.0,1,6281.0,2583.67,3,0,0,0,0,0,1
87d9089c-8f63-4633-b6d7-bbeef94ec616,771,12,56736.71,4009.598571428571,1,0.0,0,0.0,95775.67,7981.305833333333,4728.059166666667,-0.6880723256600533,555.1816212710764,-6988.88,-593.64,1,0.1936102352507688,0.0253022505611289,0.0821551026476765,0.0910519341707554,0.0242299531812202,0.0635190544738554,0.0165060709050638,0.0,0.0093023624893461,0.0651657148417755,0.0212435997576419,0.0023430794062834,0.0,0.3458579825126777,0.0011534244552922,0.0049684852113276,0.0,503.07,0.0,67.0,7669.3,0.0,0.0,0,16589.02,2423.34,7,1,1,1,0,0,4
881247b0-799a-493f-8fe8-7fa0d7bfbe61,500,12,72226.45999999999,0.0,0,0.0,0,0.0,63571.48,5297.623333333334,6018.871666666666,0.1198311532920205,12593.29946,1136.72,30532.25,0,0.3404298594275294,0.0248103394792759,0.0538249227483771,0.0535409903938055,0.013194596067293,0.0889611190426902,0.0,0.0,0.0027208742033377,0.0060892085570447,0.0216545218075778,0.0,0.0580933462615625,0.1945591010308396,0.0505278467639891,0.0,3693.08,1145.74,0.0511319535804468,29.0,2640.7200000000003,0.0,0.0,0,6825.41,1577.23,3,0,0,1,0,0,1
88838457-0b81-4c93-a763-466ba2401bd1,400,12,103844.7,4771.65375,1,0.0,0,0.0,85185.4,7098.783333333333,8653.725,0.1796846637334404,21653.127525,1337.55,33040.98,0,0.1667680142371814,0.0267672629347282,0.0245639510996015,0.0256933699906321,0.0155493781798289,0.0356305188447785,0.0043501585952522,0.0,0.0098081361360045,0.022220943964576,0.0100787224101782,0.0907552233129151,0.3370348674772906,0.1492840322402665,0.0,0.0,28710.45,73.51,0.2764748706481891,17.0,4659.17,74.34,2.0,1,4281.19,2280.18,4,1,0,1,1,1,5
897edff8-6224-4810-8846-642a8de97673,456,12,103943.36,4924.102857142857,1,0.0,0,0.0,109565.51,9130.459166666666,8661.946666666667,-0.0540885920947715,15219.758070175438,-529.17,23371.2,1,0.1675034415483485,0.0267718372323553,0.0275992874034903,0.0218449218189191,0.0065305222418989,0.0722420769090565,0.0,0.0,0.0,0.0919165164293033,0.0,0.0598524115846309,0.2096989280659579,0.2170026863380638,0.0111829899755862,0.0,22975.77,1334.64,0.2210412478488284,20.0,6986.79,0.0,0.0,0,5417.38,2933.27,2,1,0,0,1,1,2
898abd5f-b0a3-47b3-9587-a52d401c30c5,364,12,55229.44,0.0,0,0.0,0,31599.72,54371.7,4530.974999999999,4602.453333333334,0.0155304851905071,9866.515494505496,-132.5,20416.83,1,0.2828835589102419,0.0366332117627368,0.0215242488279748,0.0101315574094611,0.0063720648793398,0.1082796749044079,0.0022296525582242,0.0,0.0,0.1132999336051659,0.0320418526549657,0.0050178677510543,0.0,0.2450090764129133,0.0089851889861821,0.0,0.0,674.52,0.0,65.0,13681.1,0.0,0.0,0,1721.18,1991.81,1,1,0,0,0,0,3
89ba9314-0d69-465d-b57d-6c4193162fa5,385,12,56112.130000000005,0.0,0,0.0,0,30982.32,64344.03,5362.0025,4676.010833333334,-0.1467044647921936,5432.80374025974,-600.99,7801.82,1,0.2621386941414767,0.0837480959772025,0.046727412006988,0.0,0.0062641398121939,0.0276530705335056,0.0008892821913703,0.0,0.0137900905491931,0.0115651755104552,0.0597158741844426,0.0016623142815269,0.0033386158746973,0.244558663795227,0.064577086638807,0.0198047899704137,214.82,267.34,0.0038284057297415,30.0,7090.85,0.0,0.0,0,3006.63,5388.6900000000005,1,1,1,1,0,0,3
89d0c42a-6e5d-4a4a-8931-9da50544d77d,673,12,54308.37,3850.162857142857,1,0.0,0,0.0,100903.4,8408.616666666667,4525.697499999999,-0.8579714323961481,1229.1818127786032,-7011.36,-1305.35,1,0.1794362727123169,0.0142683992808963,0.045081434322332,0.0955923189902421,0.0163509851997058,0.0952643815768348,0.0150737239775864,0.0,0.0,0.0826447869942935,0.0566671687970871,0.0045664467203285,0.0,0.3328809534663846,0.0020399709028635,0.0,0.0,235.19,0.0,56.0,8256.74,0.0,0.0,0,14194.46,1439.73,5,1,0,0,0,0,4
89e94911-ca56-4f8f-8f1a-c2903fd7d429,386,12,144603.29,6005.914,1,13421.56,1,0.0,98124.07,8177.005833333333,12050.274166666668,0.3214257434944946,36695.9703626943,3019.08,72492.07,0,0.1066011632008333,0.0233979287650828,0.0201912741695284,0.0,0.0072116861846435,0.0041810332571814,0.0,0.0318593592785134,0.0074483253701156,0.0827125291480469,0.0663120679767971,0.0596336862097138,0.2510886472605549,0.2678113535241659,0.0046855985488575,0.0,24637.84,0.0,0.1703822921318042,28.0,5508.27,74.59,2.0,1,1981.25,2295.9,2,1,0,1,1,1,0
8a0df84f-058b-438c-9cd5-25f422073c04,475,12,133118.95,5886.604285714287,1,14146.54,1,0.0,130278.86,10856.571666666669,11093.245833333334,0.0213349789793264,23049.346,4032.31,31491.38,0,0.1167968463954935,0.0283865701618819,0.0050639835196592,0.0088861692526323,0.0043627185561801,0.0228332516879561,0.003792787256505,0.0140648298580445,0.0473715382526374,0.0959356721420497,0.0,0.1189764018506149,0.2331879477606728,0.1896686845432943,0.0020710958017286,0.0,30379.46,0.0,0.2282128877969665,30.0,10600.92,0.0,0.0,0,1817.41,3698.17,2,1,0,1,1,1,0
8a7c6287-0989-4f61-90a8-36a95d29aa14,483,12,134055.31,5979.488571428571,1,13243.86,1,0.0,123476.82,10289.735,11171.275833333331,0.0789113836669357,19392.893623188404,3920.09,35834.08,0,0.155100690153828,0.0434225630365278,0.0099736938479627,0.0,0.0055750544920091,0.0879312408596204,0.0051497924873672,0.0209824807603564,0.0494473375650587,0.004996889294687,0.0028068426122409,0.1330493448081996,0.2705766151088115,0.167358618403033,0.0061986533180883,0.0,33409.94,0.0,0.2492250400226593,36.0,4209.13,0.0,0.0,0,1231.52,5361.68,2,1,0,1,1,1,0
8ae4dd7c-5399-4c28-93c7-d118e2e42b21,295,12,59363.36,0.0,0,0.0,0,33507.24,39366.06,3280.505,4946.946666666667,0.3368626708461246,20715.824644067798,921.95,33364.26,0,0.2006891215427706,0.0554985690719365,0.0535357107112065,0.0,0.008363295691771,0.0028080026296764,0.0,0.0,0.0209688244137208,0.1815624931730531,0.0255750766015191,0.0,0.0,0.3062465484226768,0.0132032517351241,0.0,0.0,135.51999999999998,0.0,11.0,1006.79,0.0,0.0,0,2107.49,2184.76,1,0,0,1,0,0,3
8b45ecf6-3f2f-4881-8eb6-c22ceba28db1,433,12,78532.49,0.0,0,0.0,0,0.0,63521.91,5293.4925,6544.374166666667,0.1911384702051342,18242.46143187067,-517.9,32970.17,1,0.4479758244045244,0.0379582414949424,0.0734130947888689,0.0,0.020543305451615,0.0778189761611387,0.0,0.0,0.0027044211989217,0.037455265435186,0.0191198595886049,0.0068283526109337,0.0,0.1696290303613351,0.014367326171395,0.0,0.0,1136.87,0.0,40.0,4034.82,0.0,0.0,0,4663.34,2411.18,4,1,0,1,0,0,1
8b47ef0d-dd5f-4cdb-bee6-ba62af1bc8fc,464,12,107845.5,5273.802857142857,1,0.0,0,0.0,126106.08,10508.84,8987.125,-0.1693216684979901,2507.7558405172413,-2369.07,8103.55,1,0.053349291326794,0.0398389990395387,0.0120984650383232,0.0,0.0103309848343553,0.0225757552688974,0.0,0.0285739593205973,0.0437779050780105,0.0530567598326742,0.0152903809237429,0.1007972811461588,0.3865151466130737,0.1633500938257695,0.0078545776698474,0.0,48741.91,439.04,0.4519605361373446,36.0,4155.92,0.0,0.0,0,1525.69,5023.9400000000005,4,1,0,1,1,1,2
8b66f7a0-fde6-47e7-92bc-2de2d64b2b6a,504,12,108963.86,4836.722,1,0.0,0,0.0,125182.75,10431.895833333334,9080.321666666669,-0.1488465074566925,6133.007023809524,958.24,8721.74,0,0.1109938070540869,0.0296186175810964,0.0110524812723797,0.0156059840513169,0.0054203154987408,0.0593575392775761,0.0,0.013641815665497,0.053695896599172,0.0038796878962956,0.0186005659725481,0.0927392152672792,0.3218711843285117,0.167724546712706,0.0238456975901232,0.0,40292.72,39.07,0.36978058596676,38.0,6071.2300000000005,0.0,0.0,0,3337.18,3707.74,2,1,0,1,1,1,5
8c0ce646-a0af-4c8e-acda-cc4811ca575e,435,12,88729.5,4379.291428571429,1,0.0,0,0.0,88795.2,7399.599999999999,7394.125,-0.0007404527242912,6790.610827586207,-1585.0,17914.08,1,0.0795622961601527,0.0423909175270735,0.0163601185649674,0.0,0.0125825495071805,0.0166057399499072,0.0,0.0270546155648053,0.0741040056219255,0.0047924887831774,0.0466277456439086,0.1127544056435482,0.2904809043732093,0.1649898868407301,0.0113954357893219,0.0,25793.31,374.37,0.2906959917502071,25.0,4187.04,0.0,0.0,0,1452.7,3764.11,4,1,0,1,1,1,2
8c5b7a19-2ed1-4681-ad38-020244d0263d,422,12,137686.63,5589.5575,1,13979.22,1,0.0,107769.07,8980.755833333333,11473.885833333334,0.2172873284791705,32176.14056872038,3047.9,54765.54,0,0.0757133749043208,0.0350775041484537,0.0056010504683765,0.0115136931217834,0.0082981137352303,0.0243304502859679,0.0035868361859297,0.0219674346266512,0.0031673280654644,0.085498650030106,0.002319775052341,0.0889055644629762,0.3711339440898952,0.1981902599697668,0.0059760189078369,0.0021482044894699,39996.76,0.0,0.2904912408706641,13.0,2014.68,0.0,0.0,0,1844.44,3780.27,3,1,1,1,1,1,0
8c7280a5-7386-4463-8fef-8f14dbf522fb,314,12,98988.72,4534.658666666667,1,0.0,0,0.0,79402.63,6616.885833333334,8249.06,0.1978618371871057,19893.24920382165,1650.93,32837.24,0,0.0851392453877157,0.0286168102996084,0.0012634342212594,0.0,0.0090008353627581,0.0322586292166896,0.0,0.0,0.0098841814181721,0.0048556326156954,0.0376445969107068,0.1358664064401897,0.3803789622585549,0.1537213565847882,0.0545226272731772,0.0,30203.09,92.02,0.3051164819587524,12.0,2895.78,35.79,1.0,1,100.32,2272.25,2,1,0,1,1,1,5
8cd2de63-2764-4f4a-b0ce-b4e76bab4387,498,12,96107.96,5026.831428571429,1,0.0,0,0.0,118164.76,9847.063333333334,8008.996666666667,-0.2295002411870982,2296.2832730923697,-3441.47,1009.72,1,0.1250015656105932,0.0245529208538992,0.0094900543952359,0.0,0.0123524983252198,0.0696849889933344,0.0,0.0326665919687053,0.0204306258481801,0.0190528038985565,0.0216286987761833,0.0658225853460879,0.389793200612433,0.1681787361985079,0.0046696663201448,0.0,46059.82,748.5600000000001,0.4792508341660774,52.0,5253.83,0.0,0.0,0,1121.39,2901.29,4,1,0,1,1,1,2
8ce15467-114e-42bc-9fe4-7092c80bcc8a,520,12,95946.0,5097.308571428571,1,0.0,0,0.0,117487.98,9790.665,7995.5,-0.2245219185792007,-2159.640096153846,-10649.93,-4994.2,1,0.1637424526321756,0.0421502693296795,0.0065197307843747,0.008747533151902,0.0076156726841333,0.0184431632921086,0.0020416556655412,0.0274195709212125,0.1189119091161495,0.0027168736750772,0.0,0.1014834028127813,0.3133484804147624,0.126914344769567,0.0095430187837087,0.0,36814.68,919.11,0.383702082421362,61.0,4221.75,0.0,0.0,0,1793.72,4952.150000000001,3,1,0,1,1,1,2
8d223b5d-09d7-40e9-9acb-5be6555c4f39,443,12,129724.98,5561.344,1,14136.41,1,0.0,98078.17,8173.180833333333,10810.415,0.2439530921492529,26491.38401805869,3406.55,48450.5,0,0.2038611650278548,0.048554331713163,0.0,0.0,0.0070885294862251,0.0083620034917046,0.0037883047777094,0.0287871398905587,0.0111958655019766,0.0083181609118522,0.0253322426387033,0.0537514107369662,0.2696557246123169,0.1562556683102876,0.0156999258856481,0.0,26447.34,0.0,0.2038723767773947,33.0,4626.860000000001,0.0,0.0,0,0.0,4762.12,2,1,0,1,1,1,0
8d490725-0f4a-4bf5-80a9-bd1e05ebc705,491,12,98097.61,4395.246666666667,1,0.0,0,0.0,133913.03,11159.419166666668,8174.800833333334,-0.3650998225135148,-4346.211262729124,-12433.18,-6297.15,1,0.1600487271477615,0.0214738625509407,0.0097511795528784,0.0139456182867343,0.0051673836369769,0.0491619822208488,0.0047806400915579,0.0179531446641152,0.1027440720294358,0.0612241392790529,0.0086044651517481,0.071705718256095,0.2605938346701587,0.171592786751222,0.0031856496712829,0.0112956894485921,34896.91,2171.97,0.3557365974563499,16.0,1015.1,0.0,0.0,0,3173.31,2875.63,2,1,1,1,1,1,2
8d5ab6f3-49f8-4500-9bc5-9f29434e569d,432,12,96981.48,4557.54,1,0.0,0,0.0,111999.49,9333.290833333334,8081.79,-0.1548544113783375,4582.030300925926,373.46,7485.59,0,0.0729469393119558,0.0260351185527719,0.0,0.0131609527864814,0.0055252037308384,0.028721291498738,0.0047203786374384,0.0303753168876036,0.0139835458179318,0.0080636974329079,0.031405053719441,0.1022267154966509,0.3600454787785195,0.1800117125533339,0.0414084028418343,0.0,40324.91,364.1,0.4158001094641987,19.0,2585.92,0.0,0.0,0,1474.02,2915.92,2,1,0,1,1,1,5
8d613040-1ae2-44cb-a58a-b83a6e01a122,374,12,99571.35,4692.492,1,0.0,0,0.0,118312.15,9859.345833333333,8297.612500000001,-0.1882147826658972,8834.212219251338,-1908.89,22134.03,1,0.0470097111750568,0.0350467809096529,0.0,0.0232204384756764,0.0081994959942829,0.0824922038860759,0.0,0.0,0.0,0.1864561670124327,0.0,0.054918704461038,0.1799778805473487,0.3364929130271066,0.0024405777428607,0.0,21293.57,228.93,0.2138523782192367,12.0,4328.820000000001,0.0,0.0,0,2747.26,4146.46,3,1,0,0,1,1,2
8da4a4af-4ec9-4b15-977f-4a6629f3472c,410,12,55159.7,0.0,0,0.0,0,30269.16,68169.36,5680.78,4596.641666666666,-0.2358544372068739,2874.600073170732,-3082.03,5540.13,1,0.3122018455212136,0.0439888243046436,0.0031094614941375,0.0038049352377666,0.0111768689041528,0.0460528014345447,0.0028770990368693,0.0,0.0,0.079995763492572,0.0426046247170282,0.0292836840480825,0.0181698933362437,0.2236248073914732,0.0143796274455268,0.0,1238.63,381.76,0.0224553433031724,50.0,4810.98,0.0,0.0,0,471.35,2998.69,2,1,0,0,0,0,3
8dc79559-e45a-46bd-bd8d-a9b818642251,484,12,100182.3,4723.3618750000005,1,0.0,0,0.0,128588.78,10715.731666666668,8348.525,-0.2835478921925329,-3388.3889669421487,-10855.74,-1982.54,1,0.1565068118695892,0.0488450080947964,0.0002117603106585,0.0184547205440474,0.0106968897286372,0.0094292052541442,0.0,0.0197569336920375,0.0845440014284294,0.0686749652652431,0.0145346273601787,0.0536885877601451,0.2587165069922896,0.1937408535954692,0.0051939990409738,0.0126742784246028,33268.04,1236.76,0.3320750272253681,25.0,3844.48,74.50999999999999,2.0,1,2400.3,6280.92,4,1,1,1,1,1,2
8de0c17d-8748-4a14-9c3f-545fe12bda8c,585,12,103622.23,4980.448571428571,1,0.0,0,0.0,123710.53,10309.210833333333,8635.185833333335,-0.1938609118912031,-497.6644957264957,-5078.35,2215.0,1,0.1132169589767338,0.0299626070634407,0.0211550302144853,0.0214325328652298,0.0075062324929009,0.0198487549928045,0.0038619994595447,0.0244473126095248,0.0324773485329017,0.0267961021588057,0.0023411103323217,0.0846619119649717,0.4132979625905734,0.1246658631241819,0.0078090361426792,0.0,51129.31,802.55,0.4934202825011582,25.0,1021.56,0.0,0.0,0,5268.53,3706.69,3,1,0,1,1,1,2
8e958767-4bf7-4d2f-b5bd-c30c7f0bba79,383,12,97764.21,4287.160666666667,1,0.0,0,0.0,99910.77,8325.897500000001,8147.017499999999,-0.0219565012595101,10971.981018276763,1033.44,16820.18,0,0.0624524262999874,0.032727302572085,0.0610169454203986,0.0,0.009817360030355,0.0192351635364235,0.003314357401109,0.0,0.0,0.0233151040673593,0.0381672566431026,0.129450208420974,0.3830585031023181,0.1854300592418614,0.0094608419092356,0.0126616980331549,38271.67,95.15,0.3914691276081503,23.0,5158.21,0.0,0.0,0,6096.25,3269.81,3,1,1,0,1,1,5
8ea0339e-7e27-4f5f-af73-11a9155a8606,457,12,137729.05,6415.852857142857,1,14067.98,1,0.0,127595.84,10632.986666666666,11477.420833333332,0.0735735126322296,22960.342428884025,4106.09,43222.4,0,0.1048618826444498,0.02577537010611,0.0385248453241108,0.0098543181345097,0.0050627826110945,0.0540302881347855,0.0,0.0266395832340615,0.133919491419156,0.0035231556138507,0.0,0.0609724423617572,0.2225141509315664,0.2195271413237297,0.0092797696225833,0.0,28391.88,0.0,0.2061430032371529,9.0,1343.33,0.0,0.0,0,6172.98,3288.83,2,1,0,1,1,1,0
8eba7bca-0c00-46c2-9f09-38d11f9be05e,779,12,54701.3,3877.1014285714286,1,0.0,0,0.0,104291.49,8690.9575,4558.441666666667,-0.9065632809457912,-2271.693709884468,-13770.31,-9516.55,1,0.1898312124987378,0.0174955789777286,0.0594392696853789,0.082801866192534,0.0238844991091794,0.1034745979753477,0.0156983086539467,0.012588275419212,0.0320521837400155,0.0101199052770269,0.0331936958614744,0.0,0.0366005893673587,0.2875785934211889,0.0055144480148859,0.0,3817.13,1579.83,0.0697813397487811,58.0,5807.41,0.0,0.0,0,14834.54,1824.64,7,0,0,1,0,0,4
8f0a4b7f-2ee7-4552-b3b8-e12604253568,402,12,143889.52,5925.364,1,13990.22,1,0.0,116267.18,9688.931666666667,11990.793333333331,0.1919690885062371,33032.657960199,4597.36,52774.94,0,0.1764468700453558,0.0343778872077227,0.012194240885519,0.0148160469704348,0.0066624992538737,0.0279696299506017,0.0,0.0,0.0,0.0806883765478787,0.0,0.132112948813242,0.2502974614160247,0.1835298662958884,0.0088038602123144,0.0,29101.38,0.0,0.2022480858925653,26.0,7045.65,86.26,3.0,1,3140.41,3997.02,2,1,0,0,1,1,0
8fb49363-fa24-466d-88e8-f0aa4a5974f8,357,12,55147.74,0.0,0,0.0,0,30151.800000000003,56276.68,4689.723333333333,4595.645,-0.0204711924731639,12482.796442577031,776.06,16532.83,0,0.1460910629411685,0.0321907760017115,0.0384807703652738,0.0,0.0057243959664998,0.0,0.0,0.0027729070016212,0.0737241429309618,0.0067674567867187,0.2021709525153225,0.0,0.0892714353440892,0.2153113865281321,0.0129680713219045,0.0,5023.9,547.0899999999999,0.0910989280793737,42.0,13819.25,0.0,0.0,0,2165.57,1811.59,1,0,0,1,0,0,3
8fbc8ba3-7d20-4382-ba8d-ffd070e836a1,534,12,110214.51,4990.509999999999,1,0.0,0,0.0,186221.05,15518.420833333332,9184.5425,-0.6896237165142775,-19727.64436329588,-42649.81,-38007.43,1,0.1278785078271226,0.0137973660872387,0.0061619242292963,0.0091434883435572,0.0067927336893439,0.0233149796975153,0.0,0.014755528443213,0.0285435507962177,0.1141695313177538,0.0116903003178212,0.0717532201649598,0.2967503942223502,0.1919013452023817,0.0044324205024082,0.0029637895393673,55261.17,4996.78,0.5013965039630445,23.0,8588.9,0.0,0.0,0,2850.19,2569.36,4,1,1,1,1,1,2
9014dd26-f637-4831-b055-b1605f9543e8,741,12,59041.4,4178.33,1,0.0,0,0.0,88336.64,7361.386666666666,4920.116666666666,-0.4961813236136,76.98325236167341,-4628.69,2599.34,1,0.1669079783881297,0.0192610903018271,0.0783058988886151,0.1095112967846637,0.027392936837987,0.0739891170866358,0.0240963432614145,0.0122553902887861,0.092880032566328,0.0055098314810253,0.0,0.0,0.0,0.3322073377479604,0.014061775498819,0.0,0.0,768.37,0.0,38.0,1393.74,0.0,0.0,0,16591.14,1701.46,7,0,0,1,0,0,4
9082c343-65ef-4148-aa14-ee252544b5f6,347,12,106494.2,5049.393333333334,1,0.0,0,0.0,113721.1,9476.758333333331,8874.516666666666,-0.0678619117285261,9474.985792507205,1624.15,11687.52,0,0.1247576746971318,0.0188072398174129,0.0022789086633878,0.0,0.0054483292898151,0.0213087984551679,0.0,0.0182288950775185,0.0065934114249686,0.0600284379943563,0.0033101157129151,0.0711587383519857,0.3918196359338768,0.1661054984519143,0.0291101651320643,0.0,44558.16,51.03,0.4184092654811248,19.0,1946.74,0.0,0.0,0,259.16,2138.78,2,1,0,1,1,1,5
90938da5-7b3d-4ede-9182-46dc2ed26639,761,12,51779.37,3660.3914285714286,1,0.0,0,0.0,113880.06,9490.005,4314.9475,-1.1993326685898262,-6065.03517739816,-16198.47,-7932.19,1,0.0817127247737663,0.017758157134796,0.0639242726075135,0.0744333116789717,0.0209726795015738,0.0736387915496356,0.0150601431014349,0.0048280620856715,0.0,0.2047927442258108,0.0060201057147317,0.0008659110295516,0.0249081358053376,0.3679962936443833,0.0,0.0,2836.54,3225.99,0.054781276790351,44.0,6631.45,32.11,1.0,1,15756.17,2022.3,7,1,0,0,0,0,4
9116aa1b-df22-4988-b260-3076b13dc837,480,12,102938.3,5031.928571428572,1,0.0,0,0.0,108954.07,9079.505833333336,8578.191666666668,-0.0584405415671329,15547.106979166663,1044.62,28953.4,0,0.054218809815916,0.030837856722562,0.0463323673911401,0.0,0.0127406897236606,0.020181439757138,0.0,0.0307914151348361,0.0224335814164629,0.0837540993190984,0.0600510839108626,0.0616499227610313,0.2005604747027807,0.2607603369015954,0.0288011269335785,0.0,21851.88,235.77,0.2122813374613724,41.0,9828.63,70.71,1.0,1,5048.099999999999,3359.91,4,1,0,1,1,1,5
911db61f-c551-4783-8783-e98a87588711,487,12,94064.31,0.0,0,0.0,0,0.0,80293.81,6691.150833333333,7838.6925,0.1463945251923923,26478.49386036961,1195.57,41777.12,0,0.2423879250467751,0.0148723793278709,0.048194375133027,0.0,0.0177004927278952,0.04165501674413,0.009156994792002,0.0,0.0,0.1244260298521144,0.055998961812872,0.0024528665410197,0.0,0.2427600583407363,0.0063206615802637,0.0,0.0,499.65,0.0,47.0,6024.18,0.0,0.0,0,3869.71,1194.16,4,1,0,0,0,0,1
9152dd81-b0c0-4d14-ae65-0966eac477e0,405,12,105442.64,5291.482666666667,1,0.0,0,0.0,106517.1,8876.425000000001,8786.886666666667,-0.0101899952429112,7479.47175308642,1871.96,11310.63,0,0.2031745137635177,0.0185128021697924,0.0138126178801337,0.0114151624480951,0.0120999351277869,0.0089738642903346,0.0,0.025994887205904,0.0077752773967747,0.0048228875926963,0.001770607724018,0.0475355600180628,0.4436724244276271,0.0911736237655737,0.0058283599534722,0.0,47258.7,397.26,0.4481934443219555,26.0,4339.03,0.0,0.0,0,2687.19,1971.93,4,1,0,1,1,1,5
91bbc93d-701d-43ad-9075-c8916c830b37,364,12,128128.62,5562.357999999999,1,13341.35,1,0.0,102895.22,8574.601666666667,10677.385,0.1969380455358061,21494.396923076925,2979.98,43404.03,0,0.1285024707658917,0.0216568855190746,0.002305257717511,0.0080650976789786,0.0060540227233101,0.0722441722754468,0.0,0.0,0.0008984868296117,0.0404786539160905,0.0,0.1085039713215055,0.4014713219914394,0.1422844520863068,0.0,0.0,41309.48,0.0,0.322406344499769,29.0,5524.87,0.0,0.0,0,1067.06,2228.39,2,1,0,1,1,1,0
91bc1cde-4be7-4a80-b53b-fb6275cdfe7d,386,12,96960.2,4657.97,1,0.0,0,0.0,109117.57,9093.130833333333,8080.016666666666,-0.1253851580339149,6632.965103626942,1122.3,8687.24,0,0.1495528172044154,0.0209395242214429,0.0133825377526277,0.0,0.0064403926883635,0.042979329543354,0.0,0.0326525783152978,0.010536066739756,0.0017621360153089,0.0420344771240781,0.07020986629376,0.4190076813477426,0.1607897793178495,0.0,0.0,45721.1,99.3,0.4715450256909536,12.0,5020.08,0.0,0.0,0,1460.27,2284.87,2,1,0,1,1,1,5
91ccd53a-de24-486f-8e7c-7c0c81ab5815,721,12,59821.69,4211.562857142857,1,0.0,0,0.0,81643.57,6803.630833333334,4985.140833333333,-0.3647820715195444,9240.886726768378,994.43,15268.73,0,0.0899661785980206,0.0236728991640125,0.1041941208597321,0.1036975722644171,0.0235068113753477,0.1099006327136356,0.0215930048134837,0.0,0.0097361004669443,0.0041465604701019,0.0516523224057938,0.0290869201334532,0.003403084896949,0.3493327153626428,0.0026863107529472,0.0,277.84,671.4300000000001,0.0046444692552149,55.0,7125.65,0.0,0.0,0,16973.02,1932.74,6,1,0,1,0,0,4
9242baec-1517-4311-84e5-881bcd9b5add,414,12,113603.48,5401.255,1,0.0,0,0.0,130900.55,10908.379166666668,9466.956666666669,-0.1522582758908442,11413.949082125604,1966.31,7321.12,0,0.1242858032300093,0.0220050259529085,0.0,0.0,0.0048722484359309,0.0032811932417396,0.0037685097579803,0.0245007373918596,0.0030204609529906,0.038258891960347,0.0693570806234198,0.118793771301954,0.3721175350294555,0.1574627455728795,0.0,0.0,48710.39,262.38,0.4287755093417913,26.0,9422.37,0.0,0.0,0,0.0,2880.4700000000003,2,1,0,1,1,1,5
92481d4a-5841-4640-b1f1-835b70f8dd09,480,12,142903.61000000002,5668.366875,1,13503.97,1,0.0,139199.74,11599.978333333333,11908.634166666669,0.0259186594376448,17685.29454166667,3083.52,26635.89,0,0.1339237415242298,0.0293446668794065,0.0252918575853661,0.011483785817416,0.0048458423844757,0.0015561810675795,0.0039700505187725,0.0,0.0014210515048375,0.0542436357998944,0.014869855360362,0.122718404502767,0.3651952223473981,0.1685171969430402,0.0018803196040452,0.0123214310601442,50835.08,0.0,0.3557298517511209,33.0,4205.9,10.82,1.0,1,5119.16,4084.77,2,1,1,1,1,1,0
927c7d2c-bb95-4a5a-814d-3d536629b4fb,495,12,99804.78,4664.213333333333,1,0.0,0,0.0,115961.0,9663.416666666666,8317.065,-0.161878218658465,8062.24909090909,1540.24,11888.26,0,0.1505621717646449,0.0330440406688455,0.0609388501306473,0.0,0.0116479678512603,0.0462534817740447,0.0,0.0219068479919973,0.1556995024189167,0.0030568898164037,0.0363265235725804,0.078447753986254,0.1749347625494778,0.1830728434559895,0.015933719095213,0.0052960046912323,20285.61,761.52,0.2032528902924288,35.0,5498.97,0.0,0.0,0,7066.53,3831.82,4,1,1,1,1,1,5
9290c1c0-e8d4-4de4-8f96-58bddc8f5349,449,12,102380.91,4966.055714285714,1,0.0,0,0.0,95087.91,7923.9925,8531.7425,0.0712339829759278,13178.90153674833,1284.73,26431.61,0,0.0614713269016008,0.0471743463496042,0.0247175482140684,0.0,0.0112996489248738,0.0471475290602138,0.0,0.0312626494787823,0.0205441469898749,0.019703240927264,0.0095707225029974,0.0650707329669986,0.3577778710248231,0.1744960005956592,0.0,0.0,34020.35,233.98,0.3322919282510772,29.0,3955.26,0.0,0.0,0,2350.34,4485.71,3,1,0,1,1,1,5
92a622b7-cac6-4e7f-a3ac-906d26c6985f,477,12,138251.86000000002,6052.521428571429,1,14305.92,1,0.0,118384.71,9865.3925,11520.988333333336,0.14370258743716,28290.17215932914,4104.22,45875.43,0,0.0611013871639335,0.0410433914987839,0.0704650119090548,0.0,0.008420935440058,0.0279398412176707,0.0022943841311939,0.0273743965753685,0.0040120045907955,0.0170405451852692,0.0016858596012947,0.130050493851782,0.3465780335991024,0.1969530524676708,0.0110190750139946,0.0,41029.54,0.0,0.2967738734220284,46.0,3158.55,0.0,0.0,0,8341.98,4858.91,3,1,0,1,1,1,0
92de428a-4088-4842-8004-f55dd4c2fbe6,461,12,146590.36,6269.053125,1,13685.08,1,0.0,123928.47,10327.3725,12215.863333333333,0.1545933170503161,30601.464663774404,950.44,52039.02,0,0.077605089452004,0.0266518258476038,0.0152937416236963,0.0106383948740753,0.0065374808548834,0.0345861608716705,0.0,0.0267844023249863,0.0269475609599634,0.0199562699353909,0.035328121133102,0.0998954477530465,0.3114616036169896,0.2287799566959875,0.0049608455587323,0.0,38598.96,0.0,0.2633117211800285,32.0,6523.34,0.0,0.0,0,3213.73,3302.92,2,1,0,1,1,1,0
92f7e147-a94a-420e-8677-16a68ce5b7c2,392,12,91248.23,4429.193333333333,1,0.0,0,0.0,95528.08,7960.673333333333,7604.019166666666,-0.046903375550408,6382.342806122449,1034.42,11791.71,0,0.2017793092879078,0.0220225299199983,0.0177634680818456,0.0,0.0097196552050454,0.0490722727809456,0.004706992959557,0.0,0.0,0.0230601305919683,0.0203951550162004,0.1314389444443979,0.3205063893255261,0.1298334479244218,0.011654164932447,0.0,30617.36,139.18,0.3355392208703665,13.0,1948.31,32.43,1.0,1,1696.91,2103.77,3,1,0,0,1,1,5
93b1a707-cd27-480e-934e-d8400833c365,451,12,100908.61,5161.315714285714,1,0.0,0,0.0,102537.1,8544.758333333333,8409.050833333333,-0.0161382661003853,7415.369822616408,-1672.57,20224.21,1,0.0738475147044338,0.0390445019412485,0.0,0.0,0.009848630398168,0.0044747705952284,0.0,0.0355642981906061,0.0718791539842652,0.0763937150553312,0.0210149302057499,0.1328642023228665,0.2512384297976049,0.193501766677622,0.007854035271136,0.0061467507858131,25761.26,292.06,0.2552929824323217,24.0,1750.65,0.0,0.0,0,0.0,4003.51,3,1,1,1,1,1,2
93fbc80f-86ab-4fb9-b5a2-3d7c7b60c736,379,12,103515.49,4567.4675,1,0.0,0,0.0,93968.17,7830.680833333333,8626.290833333334,0.0922308342451937,17101.66646437995,-601.99,25275.53,1,0.105814554013343,0.0453544003251313,0.0065539213970007,0.0,0.0137268821985146,0.0121582659319639,0.0,0.0,0.0,0.0075893784033465,0.0677152699685436,0.1070281564491465,0.3743564443151335,0.1276643995514651,0.0118799802103201,0.0,35177.59,214.1,0.3398292371508843,30.0,8058.89,0.0,0.0,0,615.86,4261.87,4,1,0,0,1,1,5
94300a93-e348-4653-88fd-7e1ce5c59eb1,490,12,92373.25,0.0,0,0.0,0,0.0,94584.11,7882.009166666667,7697.770833333333,-0.0239339852175819,14632.161591836732,724.61,26382.93,0,0.402684129501245,0.0168644606372042,0.0493960349153785,0.0,0.0139017008248002,0.0465854148228492,0.0,0.0,0.0080279869419926,0.1658993249500365,0.0186868597695744,0.0194694436517931,0.0250265081523735,0.1487946548315568,0.0150602463775363,0.0,2367.11,2458.61,0.0256254922285401,34.0,7349.13,0.0,0.0,0,4672.08,1595.11,4,1,0,1,0,0,1
946168b7-136c-4743-8da1-7956d0b70d88,453,12,133819.88,6161.192857142857,1,13319.03,1,0.0,122861.82,10238.485,11151.656666666668,0.0818866374712038,20968.45858719647,4392.72,37077.68,0,0.074974471320708,0.0306652628131342,0.0123259609860899,0.0,0.0086939946030426,0.0154983867242077,0.0035127267364263,0.0165167665593754,0.1277172192305144,0.048660031244857,0.0392267508327648,0.0650274430250178,0.268756477805717,0.1800812489998927,0.0004437505483802,0.0,33019.91,0.0,0.2467489135396026,28.0,7867.41,0.0,0.0,0,1514.39,3767.59,3,1,0,1,1,1,0
947302aa-a111-40b0-a90a-bc005ac477f2,474,12,134485.59,5710.814,1,13983.96,1,0.0,121791.82,10149.318333333333,11207.1325,0.0943875845731874,21411.106561181437,3183.87,33228.21,0,0.0900181145170505,0.0253303546986981,0.0196009058736457,0.0,0.0056957848236441,0.0213932265730161,0.0029898559689805,0.0218738828272703,0.0062253770409211,0.0500614080650079,0.0091085756005616,0.1199150320604454,0.3566648400524764,0.1725016507676788,0.0,0.0,43438.86,0.0,0.323000107297741,18.0,4596.099999999999,0.0,0.0,0,2387.23,3085.03,2,1,0,1,1,1,0
948b9f3c-8376-4cc7-a342-53ce6db77aae,481,12,135835.01,5816.134285714286,1,13556.77,1,0.0,97642.14,8136.845,11319.584166666667,0.2811710324164588,30733.63785862786,3297.09,57936.49,0,0.1329579626173699,0.0345354987098808,0.0252071492902552,0.0,0.0064999599558141,0.0054855413861269,0.0035939400754633,0.0379065841858853,0.0990574356522706,0.0065620233231266,0.0277381261819947,0.1111341885788246,0.2906896551017829,0.1705515671819565,0.002397735240133,0.0,28383.56,0.0,0.2089561446640302,29.0,6506.0,0.0,0.0,0,2461.28,3372.12,2,1,0,1,1,1,0
949e7bd3-9e03-4cbb-a434-ef278755fcd6,323,12,51540.96,0.0,0,0.0,0,29533.2,47435.34,3952.945,4295.08,0.0796574219804986,12514.403962848295,448.78,19933.52,0,0.124798726013137,0.0412761877536874,0.0573131762099734,0.0094906034193072,0.0131844738543035,0.0608478826124151,0.0,0.0,0.0182960636521209,0.1691121008092279,0.0,0.0132270581385102,0.0595701432729268,0.283118240535432,0.0,0.0,2825.73,561.8,0.0548249392327966,22.0,2886.34,0.0,0.0,0,3168.86,1957.95,2,1,0,1,0,0,3
94b575fe-815c-46e5-b77b-a74283f0bf86,508,12,72265.82,0.0,0,0.0,0,0.0,74193.63,6182.802500000001,6022.151666666668,-0.026676650178466,13326.411122047244,-5495.64,22170.17,1,0.3827451224586261,0.0181460322132776,0.0857840491158068,0.0,0.0234579437614792,0.0669188176936483,0.0,0.0,0.0001301998567801,0.1100548658961692,0.0038543740210581,0.0118736608520165,0.0040526390203579,0.1838039195548189,0.0152139745689757,0.0,300.68,1497.16,0.0041607498538036,32.0,5480.2,0.0,0.0,0,6364.63,1346.32,5,1,0,1,0,0,1
94d99669-e550-4f7d-a481-4115ae591c6b,492,12,81325.55,0.0,0,0.0,0,0.0,65610.69,5467.5575,6777.129166666667,0.1932339836619611,11992.2087601626,-568.21,29693.34,1,0.4606924572809706,0.0233775928892075,0.044195999158064,0.0551399474689261,0.0256479546244674,0.0540049190154836,0.0,0.0,0.0201052602860905,0.0062067629528054,0.0,0.0,0.0055291294756997,0.1147377050904357,0.0,0.0,362.77,709.36,0.0044607137609275,38.0,4340.08,0.0,0.0,0,6517.5,1533.82,5,0,0,1,0,0,1
94e7adb1-59f6-49cb-9619-c21323c66dc5,429,12,104899.94,4655.3133333333335,1,0.0,0,0.0,102798.9,8566.574999999999,8741.661666666667,0.0200289914369827,13859.618694638695,277.19,21057.29,0,0.2182104088662427,0.030332620290684,0.0291270626436664,0.0,0.0066877174755761,0.0177290807586462,0.0035008156702065,0.0,0.0,0.0154310989709033,0.0748484662773629,0.0624459989357862,0.2624844234714574,0.1731053542401718,0.0090679958637689,0.0,26983.11,321.1,0.2572271252014062,28.0,9735.67,11.04,1.0,1,2994.23,3118.16,2,1,0,0,1,1,5
94ffdc1b-e01c-4541-98ae-6f251f0c74fd,434,12,130797.54,5707.975714285714,1,13942.15,1,0.0,100953.17,8412.764166666666,10899.795,0.2281722576739593,33909.10025345622,4848.6,53234.16,0,0.1374054920712247,0.0425400212791733,0.0024241933165645,0.0066496178376568,0.0071689675519847,0.0596934202264277,0.0,0.0234028312335313,0.0479922522492359,0.0368316319338956,0.0104000696560593,0.1058663140543283,0.2009279153888877,0.2114774602917372,0.01046148427038,0.0,20284.31,0.0,0.1550817393048829,37.0,2965.87,0.0,0.0,0,916.03,4294.55,2,1,0,1,1,1,0
95373ce4-4029-46c7-a71e-f21d2c51b311,537,12,81058.06,0.0,0,0.0,0,0.0,64089.2,5340.766666666666,6754.838333333333,0.2093420444555421,14456.994432029796,-3420.55,28242.2,1,0.4781470200907485,0.0491600768928306,0.0814695767773665,0.0,0.0174269611728653,0.0318707364111269,0.0099327187732098,0.0,0.0143699718517316,0.015721993721251,0.0,0.0,0.0,0.1399688247005736,0.0,0.0,0.0,342.11,0.0,77.0,5471.78,69.1,2.0,1,5221.32,3150.63,3,0,0,1,0,0,1
95873622-61be-4ef1-8eb7-6cae5b458e6e,381,12,56792.15,0.0,0,0.0,0,31831.08,51725.5,4310.458333333333,4732.679166666667,0.0892139142469514,12576.158740157482,1998.16,21571.16,0,0.1928526548800881,0.0356518545011648,0.0446802834192033,0.0048975843636117,0.0148644285700476,0.0587151405013001,0.0,0.0,0.0153110168098906,0.1455587669524702,0.0071280122956762,0.0,0.0053735584962929,0.3482678756126089,0.0284517307710896,0.0,277.95,210.2,0.0048941623094036,41.0,3726.89,69.25,1.0,1,2564.44,1844.11,2,0,0,1,0,0,3
95b482ec-1b4f-498a-b7c7-893f7e248215,605,12,82320.7,0.0,0,0.0,0,0.0,92886.38,7740.531666666667,6860.058333333333,-0.1283477910173262,8002.177504132231,-1697.52,19662.1,1,0.2531971856369039,0.0186404077756071,0.0477047334603846,0.0423697209429412,0.0133246661135895,0.052891500346983,0.0067896929560609,0.0159811373852657,0.2039461544308218,0.0146140908925506,0.0629804929420222,0.0068562258535643,0.009481691503103,0.1664476535741838,0.0023779589644897,0.0,880.72,1644.77,0.010698645662634,44.0,6425.48,0.0,0.0,0,8366.69,1731.44,4,1,0,1,0,0,1
95c13cf8-8c1c-4583-a4e4-ea29404430ce,463,12,138113.22,5840.118,1,14326.11,1,0.0,108772.27,9064.355833333331,11509.435,0.2124412854902665,27311.863563714905,3092.4,52331.28,0,0.0779143434259485,0.0248674593258005,0.0121438120212072,0.0,0.008753425850173,0.0591847536141334,0.004186453036238,0.029122128277731,0.0103767256121436,0.0020678064363279,0.036604090362369,0.0531518740943808,0.3196846034379902,0.209020644691887,0.0044958149719593,0.0,34772.82,0.0,0.2517703953321775,25.0,6545.73,0.0,0.0,0,1320.91,2704.89,3,1,0,1,1,1,0
95d3fa2c-6e00-4026-b119-90c4f9e90c33,390,12,96929.34,4265.67,1,0.0,0,0.0,118390.84,9865.903333333334,8077.445,-0.2214138670499562,2886.761769230769,-3190.37,158.24,1,0.0595694734491283,0.0189661632606036,0.0023741701638403,0.0176776345196976,0.0106797958355561,0.0476606973985487,0.0,0.0,0.0014825471294907,0.0042733035765266,0.1129472516623752,0.0430599191626649,0.3978015528904094,0.2058437966991365,0.0061129729293246,0.0,47096.06,791.18,0.4858803330343526,36.0,4173.36,66.04,1.0,1,2373.95,2245.42,4,1,0,1,1,1,2
96853717-5429-42d2-8172-9d1d71278018,478,12,92637.18,4286.378125,1,0.0,0,0.0,127368.58,10614.048333333334,7719.765,-0.3749185802072126,-163.39587866108786,-12623.95,-8440.25,1,0.1405677915228387,0.0282173986708495,0.0020315057292779,0.0,0.0110578291757668,0.0604460691954012,0.0,0.0216595804082922,0.0839214035360997,0.0342282217482522,0.0230117977290788,0.1270365108883211,0.2097997795060603,0.1822469089315433,0.0109728788685561,0.0023984722134768,26721.9,916.62,0.2884576149662586,28.0,4411.58,0.0,0.0,0,258.75,3594.01,4,1,1,1,1,1,2
96b154b2-4888-4943-9b5f-ab81c12ba646,394,12,104511.44,5060.832,1,0.0,0,0.0,109726.41,9143.8675,8709.286666666667,-0.0498985565599325,12255.377208121829,1791.65,21895.73,0,0.0826157531263439,0.022329719891501,0.011829604194651,0.0,0.0120993660505251,0.0071397578759753,0.0049387380850243,0.0,0.0017293922219819,0.0,0.1357160049253411,0.0592003329007118,0.3964726450086173,0.1521650986303115,0.0,0.0,43503.52,883.04,0.4162560577100458,33.0,17362.02,0.0,0.0,0,1298.02,2450.16,4,1,0,1,1,1,5
96b15ef0-4824-4f85-b240-92de5cc25921,427,12,107742.2,4920.152666666667,1,0.0,0,0.0,118725.27,9893.7725,8978.516666666666,-0.1019384233847091,8093.841569086651,1333.67,14178.17,0,0.1526749949694786,0.0307159545731081,0.0102330363199005,0.0,0.0109728956607131,0.0305620698946399,0.0039438107826581,0.0,0.0015048186456008,0.0679671648672603,0.0491369697453625,0.0550897883828775,0.3838234269755713,0.1585018084187132,0.0052215505595396,0.0,45569.54,36.02,0.4229497819795772,32.0,7471.21,36.71,1.0,1,1214.92,3646.76,4,1,0,1,1,1,5
96b28e43-8faf-477b-b076-8d3c4b90e89e,443,12,107048.52,4711.316875,1,0.0,0,0.0,124715.64,10392.97,8920.71,-0.1650384330395227,10418.555327313768,1531.6,8370.39,0,0.0769468047471832,0.0332190092597848,0.0014812095740357,0.0171527003349379,0.0087485418829587,0.0109210039735192,0.0039355128194026,0.0,0.0,0.0609787192688904,0.0493117783783974,0.0643426117205508,0.3602247480749006,0.1793867232690302,0.0111253889247571,0.0,44925.66,798.33,0.4196756760392391,31.0,12746.53,0.0,0.0,0,2323.94,4142.93,3,1,0,0,1,1,5
97029a1c-c0a0-4e23-8a9c-8bd654d340cc,435,12,99115.32,4783.761333333333,1,0.0,0,0.0,133591.31,11132.609166666669,8259.61,-0.3478371456602268,-4930.02783908046,-13265.14,-7225.75,1,0.0503464634039444,0.0152412608275193,0.0086257107591803,0.0,0.0049896209566325,0.0602137219853596,0.0,0.0239694483121694,0.002823012963942,0.0673112644826972,0.0098800588152028,0.1192647934959242,0.3764864645761764,0.2008560287342043,0.003374620699505,0.0,50295.32,1222.8,0.5074424417940637,36.0,6665.88,72.08,1.0,1,1152.32,2036.1,2,1,0,1,1,1,2
97213b37-7b48-43c8-90cb-80fd20b40458,378,12,50846.7,0.0,0,0.0,0,28825.32,45839.26,3819.9383333333335,4237.225,0.0984811207020318,15477.138095238097,532.72,25278.56,0,0.1560206251148033,0.0446837492577323,0.0658237065781603,0.0059937704055431,0.00785985637639,0.1502607153780406,0.0,0.0,0.0,0.0563538765678154,0.0430977725207605,0.0161848162470336,0.0,0.2641478069235847,0.0550831317957576,0.0,0.0,1109.88,0.0,24.0,1557.57,120.13,4.0,1,3292.06,2048.27,1,1,0,0,0,0,3
975b3928-d2e9-488b-ba5d-a68a5ad21ab9,490,12,94596.63,4369.875,1,0.0,0,0.0,121425.95,10118.829166666666,7883.052499999999,-0.2836181373480219,4203.807571428572,-5697.12,2926.73,1,0.1589213837734026,0.0345104979619265,0.0238283497061377,0.0175598379094419,0.0078019566657703,0.0502632262708259,0.0,0.0,0.0067405690464023,0.0554769388256793,0.0087399769159722,0.0820969487988358,0.2216872093650493,0.2060710251803671,0.0089858057523947,0.0,26918.58,488.21,0.2845617227590454,28.0,1930.54,0.0,0.0,0,5025.6,4190.47,3,1,0,1,1,1,2
9763bfd1-4e82-4e6b-b91a-9f6933f882b8,368,12,56459.72,0.0,0,0.0,0,32338.68,65775.47,5481.2891666666665,4704.9766666666665,-0.1649981615211694,6714.132880434782,599.6,10050.04,0,0.3076692572474207,0.046336422985651,0.0054859357143324,0.0,0.0043922149092967,0.030061358740576,0.0,0.0016600413497615,0.0499295558055305,0.0858856652791686,0.0775311829774838,0.0152667856269214,0.0055475088205375,0.2395107172932402,0.0311708909111557,0.0,364.89,731.24,0.0064628375769486,22.0,2116.42,397.5,3.0,1,360.84,3047.8,1,1,0,1,0,0,3
9827433b-143f-465d-8497-dbbca5b0e8d4,727,12,54898.310000000005,3904.764285714286,1,0.0,0,0.0,93908.77,7825.730833333334,4574.859166666667,-0.7105949163098099,61.40598349381018,-8787.06,893.28,1,0.0702651094248173,0.0211695883142756,0.0560417307137555,0.0926817591157886,0.0206333231709881,0.0527094540797414,0.0147193920227045,0.0062090047606842,0.017960516360719,0.166950222008019,0.0219830373670105,0.0044760462734204,0.0,0.3781289010600395,0.0198501162351503,0.0065845820363742,0.0,1393.41,0.0,48.0,2728.3,0.0,0.0,0,13966.44,1988.01,6,1,1,1,0,0,4
9828aae2-503a-424f-89a4-83b324a5df40,653,12,55360.61,3903.371428571429,1,0.0,0,0.0,73076.51,6089.7091666666665,4613.384166666667,-0.320009118396636,5758.954104134762,688.32,9936.42,0,0.0893659262052881,0.0160702803130581,0.0348396495672822,0.1060071150086395,0.0181091023640838,0.145912277419926,0.0269755630092351,0.0,0.0021077908619336,0.0023179815237481,0.0145388716565692,0.0236881865321701,0.0135445712993135,0.3621683629937993,0.0251183314583578,0.0,989.79,178.17000000000002,0.0178789576198672,43.0,3931.2,0.0,0.0,0,10292.59,1174.36,4,1,0,1,0,0,4
982cf94a-3bb5-4e2f-8fea-401062b8cf5e,437,12,131847.34,5406.292666666666,1,14117.11,1,0.0,121292.98,10107.748333333331,10987.278333333334,0.0800498515935171,29382.062356979404,3944.1,47744.45,0,0.0611599286290105,0.0237967605379965,0.0158267197326671,0.0,0.008159416975327,0.0198804580446452,0.0034992132273442,0.0268384864482676,0.0151168682639341,0.105678251123849,0.038545017197203,0.1118498366517172,0.2752057868476807,0.2249394812461529,0.0047381142750388,0.0,33380.53,0.0,0.2531756044528467,26.0,10113.08,32.0,1.0,1,1919.67,2886.38,3,1,0,1,1,1,0
98317b31-417c-49ef-86a0-6adfabd715e3,498,12,139756.95,5681.757333333333,1,13753.62,1,0.0,111465.18,9288.765,11646.4125,0.2024355139404516,33590.853232931724,3808.11,58475.29,0,0.0701708820637978,0.0476035655260234,0.0174568416791683,0.0,0.0084084554477012,0.0556429371037664,0.0024403136477238,0.0306238235115217,0.0077359584401155,0.0013381757424157,0.0817249835329741,0.0745889433812424,0.3016873969072673,0.2178076597552707,0.0026559863806795,0.0,33627.64,0.0,0.2406151536649876,34.0,8212.59,0.0,0.0,0,1945.83,5306.14,3,1,0,1,1,1,0
98486382-61d1-471e-975a-83a546a127c9,451,12,133498.77,6342.867142857142,1,13510.82,1,0.0,94957.02,7913.085,11124.8975,0.2887049071688075,27760.21478935698,2404.44,54673.05,0,0.0657738627433758,0.0389820573560543,0.0218375639842109,0.0112392954201806,0.011064900730878,0.0140198165443692,0.0047189770698364,0.0339785304972712,0.0167538956045587,0.0006803077855644,0.0097727371815164,0.1034007806900427,0.4262362066543368,0.1523796766157994,0.0061276143670051,0.0,40474.12,0.0,0.3031797221802119,12.0,1282.65,0.0,0.0,0,3140.88,3701.62,3,1,0,1,1,1,0
987429f8-f323-46d1-b5f6-49ae365d8b43,480,12,97285.09,4465.47125,1,0.0,0,0.0,132084.92,11007.076666666668,8107.090833333333,-0.3577097991069342,-4710.391125,-14899.65,-10955.93,1,0.0663144589102223,0.0206006105768925,0.0302497817313286,0.0,0.0075615747808303,0.0313153840726102,0.0,0.0153425538661037,0.0172827450703683,0.0511302879995687,0.0072420076417504,0.1232329171263457,0.3516923809319036,0.1700072195978163,0.0144343502649659,0.0,46453.26,1397.77,0.4774961918624941,32.0,4266.27,0.0,0.0,0,3995.54,2721.03,3,1,0,1,1,1,2
98c3c94c-c94c-4e22-82af-892241498f6a,431,12,102263.68,4949.530666666667,1,0.0,0,0.0,103181.28,8598.44,8521.973333333333,-0.0089728826500279,10995.972064965195,-197.82,15125.16,1,0.106404184945176,0.0404918411556824,0.0013528616818864,0.0180656801311245,0.0122912799686144,0.0153934899819036,0.0042842073678481,0.0,0.0004896236991826,0.0612535529700736,0.0,0.1240733784267843,0.360457536483362,0.1592095000178326,0.0115568444198404,0.0,37192.47,203.0,0.3636918796585455,23.0,3034.35,0.0,0.0,0,2003.63,4178.0,4,1,0,1,1,1,2
98fe35fd-8e8b-4a50-a17f-e1edfe3de184,450,12,133686.28,6372.572857142857,1,13549.17,1,0.0,97313.13,8109.427500000001,11140.523333333333,0.2720784062508134,30442.482933333333,3902.56,56434.87,0,0.0771218642335314,0.0190550853723438,0.0379963114946564,0.0,0.0065792766094359,0.0357922923658914,0.0042731129910218,0.0230381039023202,0.0118149524118687,0.0346009834438579,0.0110799025784084,0.0699880889660007,0.4335867112690754,0.168854706451226,0.0,0.0,42193.68,0.0,0.3156171298954537,39.0,3921.12,0.0,0.0,0,3697.54,1854.31,2,1,0,1,1,1,0
99034cf3-9c57-4963-979f-5fd3917cd56d,410,12,105715.99,4775.49125,1,0.0,0,0.0,111946.03,9328.835833333333,8809.665833333333,-0.0589318607336506,12521.426975609756,130.69,15235.6,0,0.166258508676011,0.0374780597400372,0.0,0.0109228527353761,0.0063208136992441,0.0036379137339662,0.0,0.0231935871240811,0.0242986732088668,0.020083785016762,0.0756971908695645,0.0781855327964734,0.2817203968733862,0.1798533632679961,0.0088680232787174,0.0,31537.48,0.0,0.2983227040677574,23.0,4725.59,0.0,0.0,0,1222.77,4195.52,2,1,0,1,1,1,5
991e3da2-ac1d-49d1-9036-992f968daa37,411,12,58495.84,0.0,0,0.0,0,31203.36,55268.26,4605.6883333333335,4874.653333333334,0.0551762313354249,13452.298905109488,421.74,22648.68,0,0.1438080373798632,0.054734308624878,0.0552347767054725,0.0066969721862059,0.0110432280661631,0.0785986387123459,0.0,0.0,0.0146105558597285,0.1265304896517458,0.0,0.0217189757737985,0.0,0.3288245369041833,0.0343356204809053,0.0,0.0,651.23,0.0,62.0,8384.08,0.0,0.0,0,3422.86,3025.07,2,1,0,1,0,0,3
99638b92-3400-425a-a962-6c616e971695,404,12,102574.41,4526.628125,1,0.0,0,0.0,103698.83,8641.569166666666,8547.8675,-0.0109619933470735,10401.397128712872,812.22,17345.4,0,0.0626680166015373,0.0437615352072921,0.0351535306618213,0.0,0.009168666608871,0.0089671214226814,0.0039321562258706,0.0,0.0,0.0701586507774485,0.0085880428930586,0.0938607504057664,0.384304046631963,0.1780429923847742,0.00402801073069,0.0,39851.88,87.97,0.3885167850343959,13.0,4458.599999999999,0.0,0.0,0,3645.38,4538.02,3,1,0,0,1,1,5
9a17087e-e999-4878-a03c-6de65b832543,488,12,139767.46,5729.6213333333335,1,14353.92,1,0.0,127631.24,10635.936666666666,11647.288333333332,0.0868315128571413,21891.67319672131,3617.0,34422.27,0,0.1882391019628109,0.0272813301821716,0.0029821852392878,0.0,0.0069805793628581,0.0233601115212858,0.0,0.0202331341449005,0.0136139866697212,0.0164973716466282,0.0164550622559179,0.1049138126370941,0.3303194421679206,0.1579259121826286,0.0278555626349787,0.0,42159.08,0.0,0.3016373052783531,34.0,6199.91,0.0,0.0,0,380.62,3481.95,3,1,0,1,1,1,0
9ac06d1d-1763-4b09-af80-f63655ed4f9b,502,12,105084.28,4937.165625000001,1,0.0,0,0.0,125155.93,10429.660833333332,8757.023333333334,-0.1910052578749171,10310.35533864542,1270.48,10430.15,0,0.1959019440788782,0.0383858759229386,0.0302632084632346,0.0173548308897548,0.0082299736017302,0.0085503739215552,0.0,0.0138775685658681,0.0711684216640793,0.1186064455755312,0.0081400857314551,0.0474134945104079,0.1836658478747271,0.2048817023691965,0.009139479048256,0.0,22986.87,485.92,0.2187469905108546,33.0,17818.39,0.0,0.0,0,5959.68,4804.219999999999,3,1,0,1,1,1,5
9aff29ea-cb97-4b23-997e-a80131d7583e,513,12,85156.26,0.0,0,0.0,0,0.0,77610.46,6467.538333333334,7096.355,0.0886112189520769,18522.500838206623,-2123.79,31296.59,1,0.3711743236671962,0.0253366620942589,0.0374617029714808,0.0317272955217634,0.0130107462318867,0.1272807814822898,0.0,0.0168754314817873,0.0075603211216632,0.0296963837091031,0.0116989385193696,0.0074452593116958,0.0039564254612071,0.2386193819750584,0.016836905746983,0.0,307.06,679.05,0.0036058417783965,28.0,4936.16,0.0,0.0,0,5369.79,1966.39,3,1,0,1,0,0,1
9b0b153b-1ae1-40e6-948a-d989d646f8c1,470,12,103038.45,5154.747333333334,1,0.0,0,0.0,108525.88,9043.823333333334,8586.5375,-0.0532561388491384,8244.599553191489,494.45,11488.97,0,0.1268375801237456,0.0291061450043068,0.0444751058457208,0.0,0.0064802976027469,0.0087997443559084,0.0,0.0250426902781161,0.095455572440417,0.0193796171014692,0.0,0.0947469856959464,0.2898216536000446,0.1109076470976324,0.0067127767127988,0.0,31453.15,689.71,0.3052564358256553,15.0,488.31,67.87,1.0,1,4826.7,3158.77,2,1,0,1,1,1,5
9b382ad4-77b9-421d-a508-3013f71315ff,454,12,98792.97,4569.788125,1,0.0,0,0.0,106108.04,8842.336666666666,8232.7475,-0.0740444385870775,10266.360572687225,677.3,16460.0,0,0.0487974332576494,0.0282015387335398,0.0063389164478016,0.0159138741984113,0.0121897454707484,0.0410374180882051,0.0026053633636056,0.0318853312152406,0.0018191835416053,0.0153429466796295,0.0541753480697598,0.0881657978038233,0.4682386933167364,0.1376358473872479,0.0057333072969776,0.0,49683.89,890.1899999999999,0.502909164488121,19.0,2939.38,37.43,1.0,1,2361.2,2992.41,4,1,0,1,1,1,5
9cc0310b-aca6-4672-ab29-5dbd1824411e,482,12,138164.82,5930.228571428571,1,13251.38,1,0.0,164624.63,13718.719166666668,11513.735,-0.1915090252352226,10388.98377593361,649.11,14732.51,0,0.1322319145075679,0.0159344929127555,0.0065137276238677,0.0068679881011729,0.0061201656155582,0.0110654159101223,0.0024535210800473,0.0166009181007726,0.1164464879890694,0.1010620950218688,0.0083818563479838,0.0635857465556642,0.2607022412138451,0.1913275674484431,0.0100859148476142,0.0,42918.01,0.0,0.3106290733053464,36.0,6910.62,0.0,0.0,0,2202.96,2623.21,3,1,0,1,1,1,0
9d1197fc-341c-4ff7-9f6c-20d94e3f5c4d,361,12,106976.67,5252.372666666666,1,0.0,0,0.0,115360.89,9613.4075,8914.7225,-0.0783742847856453,10834.778698060942,1438.68,15769.52,0,0.0691170985244652,0.0250527713508451,0.0,0.0,0.010197996912125,0.0088264748997688,0.0,0.0,0.0,0.0041666634159982,0.1716406660870941,0.1172960784196446,0.2447016488863773,0.2248709246261883,0.0080763073169771,0.0,28229.0,367.23,0.2638799656037153,31.0,14076.23,0.0,0.0,0,0.0,2890.11,4,1,0,0,1,1,5
9d21ea9c-a1af-4022-9d01-c3500e97cbd6,416,12,108810.12,5269.8575,1,0.0,0,0.0,77002.75,6416.895833333333,9067.51,0.2923199606801279,27390.699399038454,410.93,42848.6,0,0.0986202440821918,0.0525573437312303,0.0289541607280259,0.0,0.0132648509306485,0.0276622588154319,0.0064230173597696,0.0319147043449747,0.0115812746947349,0.0014582596076114,0.0136360065062611,0.1858647905431949,0.2752843242611466,0.1757500868475476,0.0120615172834736,0.0,21197.65,215.75,0.1948132214172726,15.0,2321.51,0.0,0.0,0,2229.55,4047.06,3,1,0,1,1,1,5
9d39572c-ca4a-4b34-b447-7124da0e6a0f,341,12,57144.02,0.0,0,0.0,0,32564.04,55147.43,4595.619166666666,4762.001666666667,0.0349396139788555,5184.745923753666,-3877.83,9295.41,1,0.2453706364920359,0.0720312805147946,0.0056051569402236,0.0,0.0128071244661809,0.0369357193979846,0.0,0.0,0.0,0.0121641207940243,0.0,0.0480676978056819,0.0416523489852564,0.1362768854323764,0.0292644643639785,0.0,2297.02,130.53,0.0401970319903989,31.0,5368.91,32.12,1.0,1,309.11,3972.34,2,1,0,0,0,0,3
9da91034-a27b-4efe-a867-06c68b8bf431,412,12,137408.53999999998,5700.677333333332,1,13327.87,1,0.0,93787.1,7815.591666666667,11450.711666666664,0.3174579978798987,34367.529854368935,3030.25,63799.64,0,0.2075873974139301,0.0267275563483677,0.0,0.0,0.0079456556392083,0.0559477795986868,0.0050598643096971,0.0171316737589711,0.0123462608397103,0.0123815535398791,0.0017121757683092,0.1143352337368358,0.2365170689785695,0.1826868513900099,0.0303631309636399,0.0,22182.25,0.0,0.1614328337962109,29.0,2825.56,0.0,0.0,0,0.0,2506.7,2,1,0,1,1,1,0
9e220b31-2359-46e7-8834-514ea186129e,479,12,97263.88,0.0,0,0.0,0,0.0,68313.65,5692.804166666666,8105.323333333334,0.2976462588167365,21240.904676409187,-462.66,41821.67,1,0.4804641532109615,0.0290625665588063,0.0574052184299916,0.0,0.0239307956755348,0.0373449522899157,0.0168177223732006,0.0,0.0,0.0257288257910388,0.0220513762622843,0.0427386034855405,0.0,0.1493130582248203,0.0008639561785968,0.0,0.0,513.77,0.0,17.0,924.25,0.0,0.0,0,3921.56,1985.37,5,1,0,0,0,0,1
9e32aeef-1c07-4418-9592-6244afc4e923,440,12,97278.51,4796.865333333333,1,0.0,0,0.0,102557.36,8546.446666666667,8106.5425,-0.0542653254043468,11115.115022727274,1351.13,18552.88,0,0.1000286083807149,0.0423053986569076,0.0054035127269266,0.0,0.0099171819555417,0.0536528046353767,0.0039080569156616,0.0339580699035154,0.0030102178917242,0.0433604180138802,0.0142366184152946,0.1425784556076716,0.2793976951044761,0.2194615774040985,0.0,0.0,28654.29,170.78,0.294559301946545,28.0,7049.22,0.0,0.0,0,554.17,4338.73,3,1,0,1,1,1,5
9e581589-7678-4acc-8dbe-2e34c417b451,415,12,142096.2,6256.965714285715,1,13390.75,1,0.0,116781.07,9731.755833333336,11841.35,0.178154869729099,39677.11585542169,4740.0,63149.59,0,0.0529145691163816,0.0230168296967993,0.0101662024504485,0.0,0.0089184831068939,0.0042245716707339,0.0,0.024460385574477,0.0044967048169707,0.182026247918434,0.0129803571760388,0.0936206527307893,0.2348603245371874,0.2696604852139135,0.0268527253603687,0.0,27427.24,0.0,0.1930188140147308,27.0,15371.66,0.0,0.0,0,1187.22,2687.93,3,1,0,1,1,1,0
9f3e05f9-b98b-4d55-9e70-c77712f39d9b,398,12,57047.43,0.0,0,0.0,0,32016.6,55493.64,4624.47,4753.9525,0.0272368097914314,13012.700703517588,422.56,21191.77,0,0.3018809002256835,0.0442202025313171,0.0465312781789048,0.0,0.0116130425036094,0.0774308551394358,0.0011624755557573,0.0,0.0,0.0329945918126833,0.0085577374272078,0.0479782908455815,0.0,0.2818852755018413,0.0558436966830793,0.0,0.0,304.15,0.0,49.0,3872.7,0.0,0.0,0,2582.19,2453.94,2,1,0,0,0,0,3
9f46f435-283d-4532-a101-70bd170c3e8d,366,12,125768.61,5130.363333333333,1,13710.07,1,0.0,80575.6,6714.633333333334,10480.7175,0.3593345748195833,31061.464562841527,3655.33,59504.5,0,0.1202148044817537,0.0486065260451054,0.0006452325517898,0.0172840165012733,0.0128322966257775,0.0,0.0,0.0298427811893426,0.0042614637681878,0.0245112664379787,0.0270153743813263,0.1169977015374381,0.3204247936099762,0.1502361757157253,0.002688531019316,0.0,25818.42,0.0,0.2052850866364826,10.0,3853.72,34.35,1.0,1,1444.66,3916.5,3,1,0,1,1,1,0
9f62a6af-07c5-41f2-8888-6529477152b1,467,12,85486.26,0.0,0,0.0,0,0.0,76539.41,6378.284166666667,7123.855,0.1046583392465642,10954.495460385438,-2194.77,22721.88,1,0.3917059198653347,0.0367042285797604,0.0411124151597196,0.0,0.0180727810679491,0.008408217413748,0.0,0.000940169253983,0.0261771027500734,0.0449197348137384,0.0412702423496601,0.0,0.0,0.1901753619475248,0.0369233313922853,0.0,0.0,387.31,0.0,28.0,6601.91,0.0,0.0,0,3146.72,2809.32,4,0,0,1,0,0,1
9f722768-7813-4d58-8d51-c9dfdd9129d7,480,12,131333.37,5444.443333333334,1,14243.87,1,0.0,121448.37,10120.6975,10944.4475,0.0752664764484456,16994.886749999998,3711.31,33299.26,0,0.1462580354104382,0.0232132386791193,0.0140644950607406,0.0,0.0060885955077042,0.0331150595104734,0.0,0.0242398477641157,0.0491170033817662,0.0208408725452634,0.0223693409800395,0.0445983754248821,0.3572858985262626,0.1617711295754731,0.0047585653063931,0.0,43391.79,0.0,0.3303942478594739,29.0,7572.99,0.0,0.0,0,1708.11,2819.21,2,1,0,1,1,1,0
9fbdfc9e-fa10-4a2a-872d-a7c5e4d69d0e,554,12,76518.02,0.0,0,0.0,0,0.0,111867.53,9322.294166666668,6376.501666666667,-0.4619762769606426,-422.7475631768953,-8676.62,-6896.78,1,0.3225150318416791,0.0369445003389276,0.0465218102160653,0.0,0.0150013145011783,0.0349137949143956,0.0,0.0081803897878142,0.1642696500047868,0.0679973894122807,0.0231267285511711,0.0123100956997977,0.0125161429773232,0.1848039372997687,0.0164286276813298,0.0,1400.15,1451.73,0.0182983041118941,22.0,2851.08,0.0,0.0,0,5204.28,4132.89,5,1,0,1,0,0,1
9fee3ccb-b3c7-4a12-a810-d24cc3cd45e2,465,12,129022.01,5537.433333333333,1,13682.93,1,0.0,104938.04,8744.836666666666,10751.834166666666,0.1866655929480559,29782.64131182796,4340.14,48945.19,0,0.1096538490713186,0.0326560320737837,0.0003131371617003,0.01995844404946,0.0098439993733445,0.0443336849058739,0.0,0.027022421993016,0.1653780649991175,0.0489926246001926,0.0,0.1036715570445188,0.2010671249434428,0.1877612732237042,0.0075635108107603,0.0008149570927758,21099.59,0.0,0.1635348108435142,37.0,5014.04,63.26,1.0,1,2127.26,3426.86,3,1,1,1,1,1,0
a052c522-07e4-4b4f-90d9-7f650050561f,337,12,53148.48,0.0,0,0.0,0,32811.600000000006,51821.88,4318.49,4429.04,0.0249602622690245,12395.375637982195,2888.51,20063.31,0,0.1013019983065068,0.0697182348459762,0.0248690321539859,0.0,0.0065561110480746,0.0772173838540786,0.004232575120779,0.0,0.0145650833200184,0.0622748537876279,0.0814468714759093,0.0,0.0265808573521454,0.3567336808313399,0.013263509544617,0.0,1377.4699999999998,256.6,0.0259173921813003,20.0,1268.66,3.98,1.0,1,1288.76,3612.93,1,0,0,1,0,0,3
a0569078-eb4a-4812-9694-a509573f7941,433,12,129399.71,5170.772666666667,1,14390.48,1,0.0,107982.09,8998.5075,10783.309166666666,0.1655152086507767,23273.938937644343,3365.19,45217.46,0,0.0742467570316521,0.0395251657010898,0.0272899885527312,0.0,0.004609745931015,0.0249110755311366,0.0,0.0303910583690313,0.0463477785992102,0.0336183528212873,0.0,0.0923880061962127,0.3031369368753652,0.1930496992603125,0.0195588916643491,0.0,32733.36,0.0,0.2529631635186818,14.0,4059.59,0.0,0.0,0,2946.83,4268.01,2,1,0,1,1,1,0
a097ec23-5415-4714-9d59-a7db929af52d,340,12,56181.97,0.0,0,0.0,0,34351.8,49566.13,4130.510833333333,4681.830833333333,0.1177573516912988,12126.391294117648,186.53,23802.72,0,0.1782394550472268,0.0614131060867572,0.0428357025250912,0.0,0.0136784937617683,0.0538480611659615,0.0,0.0,0.0,0.0468537688942025,0.0552984467417569,0.0211997587868974,0.013870560400822,0.23621957171157,0.016574019395906,0.0,687.51,510.78,0.012237199941547,25.0,5150.65,11.41,1.0,1,2123.2,3044.01,2,1,0,0,0,0,3
a0b4bda8-7639-4e5e-a6f0-332c7b50c21b,554,12,101330.89,4775.1625,1,0.0,0,0.0,116057.82,9671.485,8444.240833333333,-0.145335050348418,4223.52619133574,-1406.7,4144.34,1,0.065453753999515,0.0494242438811964,0.0239584889669649,0.0161940832595339,0.008845073946762,0.0264393213658502,0.0050436067125851,0.0258228183159049,0.0859639617563038,0.0006140042954451,0.0063754428611531,0.0572752443566491,0.4170681475836785,0.1270734707924033,0.0040683169820008,0.0,48404.02,387.04,0.4776827678114739,21.0,1226.94,0.0,0.0,0,4660.02,5736.07,3,1,0,1,1,1,2
a0c048a8-39c3-4407-8749-8e7f6bd8c279,531,12,137853.1,6152.271333333333,1,13493.03,1,0.0,110768.53,9230.710833333333,11487.758333333331,0.1964741453039504,25184.35065913371,3150.69,48278.11,0,0.0986262072810752,0.0221541262667293,0.0329664030027301,0.0,0.0099091321334678,0.0041639082869475,0.0054454997281267,0.0265163760862403,0.133347711665037,0.0292862061092622,0.0091829330948059,0.1383322501436103,0.253615896139454,0.1642113513648687,0.0108863952604589,0.0029257407315958,28092.66,0.0,0.2037869297099593,10.0,2632.38,0.0,0.0,0,3651.64,2453.98,3,1,1,1,1,1,0
a0c4c71b-5a8b-4bc2-8b12-89e6f41ca112,481,12,85446.59,0.0,0,0.0,0,0.0,65812.98,5484.415,7120.549166666667,0.2297764018435376,17229.740956340956,-682.61,34441.6,1,0.321741698977922,0.0213406230807357,0.0451821206090348,0.0,0.0128723847484189,0.0740335721008226,0.0122667291467427,0.0,0.2082972082406844,0.0319933848915517,0.0225735105749656,0.002764956092248,0.0109130448127405,0.1337040200884385,0.0127164884495429,0.0,718.22,1123.78,0.0084054846425117,43.0,4589.44,0.0,0.0,0,2973.57,1404.49,3,1,0,1,0,0,1
a0df3df2-878e-49fb-9e17-dd3c3174465a,516,12,99677.03,4835.052,1,0.0,0,0.0,98334.35,8194.529166666667,8306.419166666667,0.0134703050442011,13559.156279069766,631.55,24744.48,0,0.1804721341016644,0.031643571142739,0.0377178473239514,0.0158930221229916,0.0111296815405806,0.0764520231231507,0.0056825514176887,0.0236152473677814,0.0229073563815696,0.0090901094073434,0.0100563028077167,0.1147922368938219,0.2108276507649666,0.1876710427231176,0.0100570146647636,0.0150501833794599,20731.6,471.97,0.2079877379974102,32.0,9786.73,0.0,0.0,0,5271.79,3111.65,4,1,1,1,1,1,5
a0ebe974-8f40-4d15-941b-dc2bad96fc00,391,12,96854.35,4644.950666666667,1,0.0,0,0.0,106407.9,8867.324999999999,8071.195833333332,-0.0986383161933357,4486.144296675192,432.86,9438.12,0,0.0690791755123444,0.0323969366936101,0.0028620995245653,0.0,0.0085774646431327,0.0131912198248438,0.0057448742057685,0.0,0.001003590898796,0.0737694287736154,0.0398960979400965,0.0505964312800083,0.4694583766806787,0.149023803683749,0.0047074512324742,0.0,49954.08,531.39,0.5157649604793177,20.0,4473.38,0.0,0.0,0,304.55,3447.29,3,1,0,1,1,1,5
a12f955b-1fad-4319-abfb-c70250a45dff,441,12,134995.62,5766.734285714286,1,13944.56,1,0.0,149884.61,12490.384166666665,11249.635,-0.1102923931902382,17423.15879818594,3571.73,27891.06,0,0.0618240258289359,0.0159270521503175,0.0154152584444793,0.0036005697983268,0.0061804877765635,0.0483252416642375,0.0,0.0165874268212059,0.0888047812247034,0.0139573369140434,0.1113495908619303,0.1036919000556494,0.2331877835889888,0.2330925102984222,0.0076134567785178,0.0005445522392192,34951.26,0.0,0.2589066223037459,25.0,5896.97,0.0,0.0,0,2850.18,2387.2200000000003,3,1,1,1,1,1,0
a15479d9-f9eb-4169-8e72-8ede5b1367e1,504,12,98540.36,4679.731428571428,1,0.0,0,0.0,96516.42,8043.035,8211.696666666667,0.020539198354867,12295.714464285717,1046.45,21360.39,0,0.2015044693949484,0.0309096628325004,0.0156274963368927,0.0198171461394859,0.0140513914627169,0.0211175466309255,0.004142507565034,0.0298625871121203,0.0135790366033054,0.0277890539247104,0.0334977198698418,0.0701436087248159,0.2256539353614648,0.1606787736221463,0.0078198093132753,0.0,21779.31,410.55,0.2210191844235194,20.0,5259.65,65.88,1.0,1,3420.99,2983.29,4,1,0,1,1,1,5
a1585e4a-7baf-40ad-9766-b0eb4cfc2418,491,12,100864.32,4958.08,1,0.0,0,0.0,102303.77,8525.314166666667,8405.36,-0.0142711515826408,8976.782403258656,1226.14,20882.59,0,0.0702344595902966,0.0378552031855717,0.0157016696452144,0.0212519049884476,0.0063281147899046,0.0231970923456682,0.0041883109488535,0.0277268374371736,0.0903561032012798,0.0284362932079629,0.0101876988501987,0.116666472799585,0.2022970414482281,0.1810774910836619,0.0091514711530181,0.0,20695.75,0.0,0.2051840531914556,16.0,1056.42,0.0,0.0,0,3780.49,3872.73,2,1,0,1,1,1,5
a164b12d-a4b4-44dd-a985-7d86886b394f,427,12,102373.12,4841.395625,1,0.0,0,0.0,128086.58,10673.881666666666,8531.093333333332,-0.2511739409720052,11161.914098360656,853.71,9873.72,0,0.1784606943209819,0.0328628494882133,0.0081566702772452,0.0,0.0056010551612823,0.0617665020020052,0.003890571518109,0.0,0.0014576858871553,0.1444177836585222,0.0094925635456891,0.0453884396007762,0.2026369975683635,0.2624566914035803,0.0065663397367624,0.0,25955.08,520.0500000000001,0.253534130834344,33.0,4729.16,0.0,0.0,0,1044.76,4209.29,2,1,0,1,1,1,5
a18ebef3-5446-482f-b6af-14188e928ff4,379,12,112052.15,4895.020625,1,0.0,0,0.0,128554.11,10712.8425,9337.679166666669,-0.1472703558120036,7010.715883905013,820.55,6985.87,0,0.0997457024127816,0.0221533173851851,0.01588910692937,0.0,0.0046094986772496,0.0807392311299887,0.0,0.0273344819547193,0.1348909809262418,0.0070629402669428,4.581728269909068e-05,0.1277125250993531,0.2709977145032547,0.1575582453178665,0.002629476412695,0.0,34837.87,265.1,0.3109076443423888,6.0,164.7,0.0,0.0,0,2042.61,2847.9,2,1,0,1,1,1,5
a1ab74b4-bc88-45bb-931d-2ff633b1dc06,426,12,108634.56,4900.698666666666,1,0.0,0,0.0,122043.07,10170.255833333333,9052.88,-0.1234276642718486,14962.658896713616,1591.72,19615.01,0,0.0876565953314678,0.0166415839916187,0.0093812782651239,0.0162860537677395,0.0080491256078694,0.0956631949687925,0.0,0.0172008127950239,0.0783833936658591,0.0223049125198178,0.0506982493967088,0.1192390522460636,0.206253333351906,0.1949346243092705,0.0064288779362892,0.0,25171.79,1099.0600000000002,0.2317107005358147,49.0,16446.31,0.0,0.0,0,3132.52,2030.99,3,1,0,1,1,1,5
a20a4118-43f6-4ff3-8d19-56cc446ffc96,503,12,134389.76,5452.22,1,13547.86,1,0.0,142320.77,11860.064166666663,11199.146666666667,-0.0590149874514247,22290.11954274354,3759.19,28041.9,0,0.1181833122459919,0.0307881274110588,0.0219194289069683,0.0072070998491646,0.0043794732139237,0.0423572047846565,0.0,0.0188262753215851,0.0353459301829241,0.0960632801522926,0.006376370785515,0.0996274120776609,0.2433456480034503,0.2344041561888683,0.0049155861087598,0.0046789375858492,34633.14,0.0,0.2577066883667326,24.0,8005.72,0.0,0.0,0,4145.31,4381.79,2,1,1,1,1,1,0
a21ccfe2-21ea-4abd-8b3d-a0efd2add067,408,12,82408.45,0.0,0,0.0,0,0.0,66065.3,5505.441666666667,6867.370833333333,0.1983188617186707,17883.141789215686,1146.81,34343.97,0,0.4646463423309967,0.0156006254417977,0.0903724042727422,0.0,0.0151933011732331,0.0970126526330766,0.0,0.0,0.0001527276800377,0.0484655333435252,0.0,0.0016551805562072,0.002117601827283,0.1386998923792066,0.0,0.0,139.9,1430.32,0.0016976414433228,25.0,1045.01,12.15,1.0,1,5970.48,1030.66,3,1,0,1,0,0,1
a23bad5c-5f28-4b83-8766-6c644a13ec5b,385,12,130475.32,5481.944666666666,1,12997.93,1,0.0,97371.59,8114.299166666667,10872.943333333333,0.2537164116554762,29376.113740259734,3890.16,51026.32,0,0.153485426293234,0.0312190650270782,0.0105618076073318,0.0,0.007158248109125,0.0253258676375727,0.0056338815048619,0.0201410904351053,0.0106774470869788,0.0248124735356586,0.0166366801651282,0.1641591762032437,0.34948582024798,0.1517379966784973,0.0,0.0,34029.99,0.0,0.2608155320101916,8.0,1025.14,0.0,0.0,0,1028.42,3039.85,2,1,0,1,1,1,0
a24137e7-a405-4495-ae07-b5d99503f82a,373,12,108028.26,4669.55375,1,0.0,0,0.0,103821.62,8651.801666666666,9002.355,0.0389401810230026,18330.89616621984,1435.03,24974.86,0,0.0846711889103637,0.0274574794729652,0.0095976156026076,0.0,0.0110950879017299,0.0878113826387991,0.0045260322464627,0.0,0.0062353101406046,0.0228019944208152,0.0308856671664341,0.0821862536916684,0.3965573837125639,0.1776140653555589,0.0078081039382741,0.0,41171.23,384.12,0.3811153674047884,25.0,4340.53,0.0,0.0,0,996.44,2850.68,3,1,0,1,1,1,5
a2d05a11-8c7d-4d36-acbc-96563310ab2b,359,12,54560.03,0.0,0,0.0,0,31344.36,54374.39,4531.199166666666,4546.669166666667,0.0034024907977506,12490.55818941504,511.66,19078.85,0,0.1608299421841789,0.0683761233919129,0.0987074981438872,0.0,0.0063581402936198,0.0373975689658311,0.0,0.0,0.0,0.0947937071110131,0.0160665710456705,0.036912598007996,0.0315207214278633,0.2753103069294202,0.0018841590682672,0.0,1713.92,316.93,0.0314134724632666,46.0,6325.16,0.0,0.0,0,5367.16,3717.91,1,1,0,0,0,0,3
a2fceb19-0ec6-40cd-8b7c-8c4a7cf3d8e1,696,12,50278.53,3552.138571428572,1,0.0,0,0.0,92080.03,7673.335833333333,4189.8775,-0.8313986108981309,1029.5244252873565,-5557.68,1406.76,1,0.0880485160571733,0.0115990405302865,0.0794544702037999,0.0940406948173236,0.023707420599233,0.0975039864778497,0.0156738654407475,0.0,0.0074674172021881,0.0769989975024986,0.0396449697073296,0.0055602718635082,0.0,0.3933978952873929,0.0105159609526625,0.0,0.0,648.6,0.0,34.0,4108.849999999999,0.0,0.0,0,15975.44,1068.04,7,1,0,1,0,0,4
a347a293-ae3b-43e9-b186-ab7f5aae5589,728,12,53797.23,3823.671428571429,1,0.0,0,0.0,78132.6,6511.05,4483.1025,-0.4523535877218957,5432.839986263736,544.62,10453.42,0,0.2321709504099441,0.0290344875250535,0.0607304761392811,0.1000363484640214,0.0284733901086102,0.0949438518620908,0.0247044127547272,0.0,0.0,0.0289144352037433,0.0702414869081535,0.0,0.0,0.2839170845460153,0.0,0.0,0.0,600.66,0.0,52.0,6264.36,21.62,2.0,1,12561.13,2268.54,7,0,0,0,0,0,4
a395a7b9-9e57-4ebd-83a6-ea22d33c1350,410,12,97247.28,4569.098,1,0.0,0,0.0,103674.59,8639.549166666666,8103.94,-0.0660924398091134,21258.978853658537,838.55,25540.3,0,0.0746821376385476,0.042369494781701,0.0049985247108283,0.0,0.0094425258879731,0.016526711125648,0.0037391997402642,0.0,0.0,0.1668393383566792,0.0397344228706378,0.1176635470658721,0.2365971256794938,0.2389633756931182,0.00954139292955,0.0,24529.11,708.6800000000001,0.252234406967475,48.0,10408.01,0.0,0.0,0,518.22,4392.64,3,1,0,0,1,1,5
a3d981ba-ade4-44c6-9a3d-3016d930abc5,388,12,148221.31,6202.17625,1,13064.27,1,0.0,116205.7,9683.808333333332,12351.775833333331,0.2159986981629024,30556.803350515464,2943.39,53355.58,0,0.0872509696168088,0.0209351176405288,0.0,0.0,0.0083416734291002,0.0707473901882609,0.0,0.0169027853194808,0.0026394574448585,0.0448992605354126,0.0,0.1134960677488281,0.3918588330865008,0.173938111469575,0.0,0.0121385611893392,45536.23,0.0,0.3072178352761825,25.0,7372.46,0.0,0.0,0,0.0,2432.78,3,1,1,1,1,1,0
a4075e4c-28d5-47f7-893a-0d63cfd819be,391,12,145516.65,5925.18875,1,13562.97,1,0.0,101878.76,8489.896666666666,12126.3875,0.2998824533137617,41493.30547314578,4219.96,69667.69,0,0.0651862076059818,0.0272577915161118,0.0005105087655169,0.0,0.0065717329107656,0.035921226367498,0.0,0.0263772350586128,0.0719301059416113,0.0979477959880941,0.0,0.120158215510279,0.2710491372293891,0.221688603198547,0.0072768847991475,0.0,27614.15,0.0,0.1897662569884614,36.0,11921.73,0.0,0.0,0,52.01,2776.99,2,1,0,1,1,1,0
a427e2ce-d542-4d1e-8888-3e856ed1cc79,696,12,52884.18,3753.164285714286,1,0.0,0,0.0,73481.98,6123.498333333333,4407.015,-0.3894888792829915,6120.253376436781,601.88,7028.44,0,0.1545546268622593,0.0190937968737369,0.0709103102556572,0.1160472268166971,0.01809491252141,0.0607372038695745,0.0210537331737658,0.0,0.0,0.0403436325477348,0.0318297084536916,0.0052551659604164,0.0,0.3540267967738485,0.0,0.0,0.0,509.04,0.0,46.0,7735.98,0.0,0.0,0,13738.01,1403.05,4,1,0,0,0,0,4
a4d5b5c1-fb9c-499c-a6f1-6e38b81ad53c,323,12,96557.32,4698.621333333333,1,0.0,0,0.0,105992.57,8832.714166666667,8046.443333333333,-0.0977165687697216,8089.310959752322,1311.84,17533.94,0,0.0601429892680213,0.0271463367668129,0.0438470356931622,0.0,0.0096729421694369,0.0098866363934755,0.0,0.0,0.0070196429806353,0.010173637642714,0.1014949444097826,0.0829222274731143,0.4101371445187148,0.2034607708823363,0.0,0.0,43471.49,222.51,0.450214339006095,20.0,3136.51,0.0,0.0,0,4647.46,2877.31,3,1,0,1,1,1,5
a568193e-fdd0-4b22-b508-6f9d7895d364,505,12,112653.18,5229.150666666667,1,0.0,0,0.0,136532.55,11377.7125,9387.765,-0.2119724449855741,10246.258237623762,1662.69,11590.02,0,0.0552048577427141,0.0463531223872988,0.0085953129858044,0.0,0.009471734029724,0.0553617434084399,0.0038836160314884,0.0226111648833922,0.093764527213474,0.1041194938496351,0.0044428965840013,0.0443369731247237,0.2311199051068774,0.2736503493123068,0.0098071119304517,0.0,31555.39,71.76,0.2801109564772162,15.0,1152.42,73.23,2.0,1,1173.54,6328.71,4,1,0,1,1,1,5
a5af3a5b-24e6-4762-8dfd-6d225f363d7f,369,12,54446.98,0.0,0,0.0,0,30789.72,54333.67,4527.805833333333,4537.248333333333,0.002081107161499,10885.193577235772,-30.54,18675.54,1,0.2628108868773267,0.0329206549088254,0.006984251201879,0.0,0.0119664289196735,0.0827667264147627,0.0013680283330759,0.0,0.0009550247572085,0.0054027272591746,0.1143997819400014,0.0,0.0185928909274856,0.2305331114205979,0.0323409038999206,0.0,1010.22,424.44,0.0185541971290235,63.0,6638.01,0.0,0.0,0,379.48,1788.7,2,0,0,1,0,0,3
a5b21e1b-0957-476c-af2e-0fb5e8e66963,733,12,59998.25,4270.964285714285,1,0.0,0,0.0,88643.49,7386.9575,4999.854166666667,-0.4774345918422621,4788.247776261937,582.45,4001.9,0,0.0718605506168586,0.0138919394983207,0.0661749667121635,0.1147075775107681,0.0268592764116124,0.0676737795409454,0.0205693616079421,0.0066885904424566,0.1225555311506801,0.021819876451164,0.0402505587268732,0.0066824986245464,0.0224043525362099,0.3146350623153488,0.0026318909600693,0.0,1986.0,674.25,0.0331009654448254,44.0,997.46,38.46,1.0,1,16034.06,1231.43,7,1,0,1,0,0,4
a6150200-6202-444f-bde5-0b2acecc9a34,694,12,50254.61,3572.3914285714286,1,0.0,0,0.0,80753.0,6729.416666666667,4187.884166666667,-0.6068774586052901,6176.271916426513,912.2,4246.21,0,0.1226423786113209,0.0229849045855881,0.0711410102411055,0.1016380815573415,0.0227156885812291,0.1056283977065867,0.019980310329028,0.0,0.0088282788255544,0.0339498222976236,0.0291267197503498,0.0,0.0187371367008036,0.3265727589067898,0.0162203261798323,0.0,1513.08,585.51,0.0301082826033273,41.0,6175.01,0.0,0.0,0,13952.43,1856.1,5,0,0,1,0,0,4
a682ed8c-b0a5-4968-a22b-4d8a515b76da,368,12,104124.01,4808.127333333334,1,0.0,0,0.0,101713.34,8476.111666666666,8677.000833333334,0.0231519128008996,9678.691684782609,1561.41,17215.81,0,0.1109036435142135,0.0306659873719612,0.008900897365085,0.0,0.0069445168155917,0.0300385377178647,0.0,0.0224592958996332,0.0168561960505868,0.0002190469804649,0.0,0.0977032117910984,0.4428503675132485,0.1139695147165553,0.0102247158533974,0.0132234375549952,45043.79,292.49,0.4325975344207354,27.0,6702.37,0.0,0.0,0,905.34,3119.14,2,1,1,1,1,1,5
a6b67729-671f-4d4a-8398-bb3a97e25fac,553,12,102406.13,5007.470666666666,1,0.0,0,0.0,123663.66,10305.305,8533.844166666668,-0.2075806399480187,3798.759855334539,-2620.56,4216.91,1,0.1545235682010382,0.0239873217402751,0.0173992909477206,0.0155172505811327,0.0113486047558353,0.0372774831344956,0.004080422656098,0.0231550643091106,0.0075516121712716,0.0054471944304414,0.0156618363066401,0.1024913867178118,0.3555172958652525,0.1495311557170473,0.0034239646473345,0.000196339005331,43964.57,724.55,0.4293158036535508,26.0,5651.32,102.62,2.0,1,4070.58,2966.36,4,1,1,1,1,1,2
a6b870c5-e7cf-4668-ab20-4dfbc22b6ee1,708,12,52505.24,3717.024285714285,1,0.0,0,0.0,74703.65,6225.304166666666,4375.4366666666665,-0.4227846592073476,7211.712019774011,481.97,12242.82,0,0.0914810722099924,0.0138097669926436,0.0573863526079381,0.1062411274415641,0.0310564477103863,0.2039691501017688,0.0291817066502105,0.0,0.0104783367345504,0.026008100005823,0.0129677733283447,0.0,0.0,0.3651545808002688,0.0072031286289224,0.0,0.0,1099.07,0.0,56.0,3647.73,0.0,0.0,0,12223.57,1031.64,7,0,0,1,0,0,4
a772d797-a930-48ae-b0ca-5cc17d38235f,448,12,129251.54,5244.5160000000005,1,13987.82,1,0.0,110210.5,9184.208333333334,10770.961666666668,0.1473177031391657,24330.917343750003,3251.69,45421.68,0,0.0857173318331738,0.0380956442444231,0.0041197526551462,0.0159447602542407,0.0093511053846956,0.0343300320749837,0.0,0.0269778287912676,0.1274507419891934,0.0084020125124194,0.0227305928201033,0.0483496581541686,0.3003041452493184,0.2265225182718525,0.0089083163582417,0.0,33096.67,0.0,0.2560640283280183,12.0,1873.3,0.0,0.0,0,2211.32,4198.54,3,1,0,1,1,1,0
a77388d5-b28c-4f1b-a14b-16414abc3349,380,12,146519.24,6071.464375,1,13257.05,1,0.0,82848.03,6904.0025,12209.936666666666,0.4345586968646575,44547.132105263154,3749.89,79326.38,0,0.1976010775392004,0.0406883543277975,0.0153283065390933,0.0232599375024366,0.0080283140106047,0.0100687970492478,0.0041798217772951,0.0,0.0,0.0241796938321888,0.0231199221031568,0.1058157930852429,0.3232898838994723,0.1672375311760581,0.0026391695734949,0.0093953954004699,26783.93,0.0,0.1828014532425912,27.0,4275.27,71.1,1.0,1,3196.96,3370.95,2,1,1,0,1,1,0
a77d3b65-3fc8-4a64-a18a-010c4416c3bd,422,12,139369.77,6367.158571428571,1,14027.25,1,0.0,104785.39,8732.115833333333,11614.1475,0.2481483610111431,30143.90895734597,4963.67,55502.13,0,0.1202947281104741,0.02846360547019,0.038652621324404,0.0,0.0089623181246927,0.0184491368500895,0.0,0.0198812067216622,0.0087363324219149,0.0264701023682786,0.0,0.1409212677454366,0.3813475332773013,0.1635403561507954,0.0,0.0,39959.65,0.0,0.2867167679188966,44.0,1720.64,0.0,0.0,0,4050.23,2982.57,3,1,0,1,1,1,0
a7856f96-7161-4bce-8012-c12f98fd9bfd,465,12,85141.99,0.0,0,0.0,0,0.0,70106.01,5842.1675,7095.1658333333335,0.1765988791194569,20086.751118279568,110.4,34471.15,0,0.4056321276877688,0.0262083093874547,0.0937524471867675,0.0,0.0190139190634297,0.0595873306725058,0.0,0.0,0.0027545427275065,0.0063523797745728,0.0550129724969371,0.0077974769923434,0.0020841294491014,0.2159990277581051,0.0212542405422873,0.0,146.11,899.0,0.0017160745244502,29.0,1964.91,0.0,0.0,0,6572.61,1837.36,4,1,0,1,0,0,1
a7908ee6-e448-48ec-8736-84cbc41d1650,513,12,137947.25,5748.815625,1,13579.99,1,0.0,131675.68,10972.973333333332,11495.604166666666,0.04546353769285,23339.551364522416,4606.68,35068.93,0,0.0452287772502864,0.020814018199868,0.034890041957634,0.0,0.004998948932711,0.0390377327081204,0.0042540125860751,0.0165647900963944,0.0878885911202433,0.0171441681561849,0.0172627170028664,0.0875520065664365,0.3623404868689495,0.1810707945461151,0.0258484330591647,0.0,47711.43,0.0,0.3458672064865374,35.0,5005.5,0.0,0.0,0,4594.17,2740.7,2,1,0,1,1,1,0
a79ac724-80d2-4bd6-9166-99602372b171,448,12,98433.6,4672.412857142857,1,0.0,0,0.0,84507.47,7042.2891666666665,8202.800000000001,0.1414774020253247,16765.223638392858,2813.36,31894.9,0,0.0832534685986931,0.0392590146172876,0.004561135246387,0.0180229037740687,0.0142775543984454,0.0771665510753073,0.0053924227053537,0.0320417828151759,0.0701851564127999,0.0020549662651124,0.0,0.1117502393575384,0.299739301152904,0.1750853504429845,0.0,0.0,25330.21,342.32000000000005,0.2573329635409047,34.0,2881.4500000000003,0.0,0.0,0,1908.52,3317.68,3,1,0,1,1,1,5
a7ee933f-2a77-4ffc-ac8a-00bc7b8e2873,436,12,132875.46,5797.740000000001,1,15058.11,1,0.0,104137.93,8678.160833333333,11072.955,0.2162741713180145,24587.029266055044,3588.53,47220.13,0,0.083577712750772,0.0385938149529186,0.0084018378318063,0.0,0.0095370630086463,0.0401462752332411,0.0,0.0137042286129559,0.0091119537329002,0.0268140532464972,0.0096927219505899,0.1303100608971198,0.409989808708508,0.1397830742362557,0.0073292219271114,0.0,42695.49,0.0,0.3213196025812441,34.0,4689.23,0.0,0.0,0,874.95,4019.08,3,1,0,1,1,1,0
a7f53690-8a0f-428a-93a2-4d1e247e9129,431,12,131249.38,5980.4914285714285,1,12731.44,1,0.0,100980.43,8415.035833333333,10937.448333333334,0.2306216608413694,23264.996334106727,3032.66,45595.5,0,0.108993396047135,0.0261248639959247,0.0109445958984329,0.0121590886471764,0.0062372481479827,0.0147935595045495,0.0,0.0409904176482512,0.0110898715721452,0.0103960737738985,0.0,0.0925857614193166,0.4679498790013074,0.1461276209657653,0.0,0.0,47253.78,0.0,0.3600305007155081,33.0,4399.47,0.0,0.0,0,2333.02,2638.1,2,1,0,1,1,1,0
a80003d4-e7b1-4abb-9475-9ba6e81d3620,364,12,131222.13,5859.36,1,14097.34,1,0.0,94632.56,7886.046666666666,10935.1775,0.2788368852113588,29584.80304945055,2283.36,54716.53,0,0.0893143966516387,0.041064196086421,0.0043345546184104,0.0,0.0070829744011997,0.0023816327065441,0.0,0.0,0.0073205247749823,0.0801189358081404,0.0124540644361729,0.1441303077925821,0.3000435579466518,0.1700548944253436,0.0051283617393421,0.0,28393.89,0.0,0.2163803468210735,48.0,8761.11,0.0,0.0,0,410.19,3886.01,2,1,0,1,1,1,0
a89ceb1c-9af5-4a07-a8e6-a0eff1839e01,411,12,112679.36,5239.782666666666,1,0.0,0,0.0,88507.83,7375.6525,9389.946666666669,0.2145160391397324,24557.7695863747,1203.44,42720.74,0,0.0887661577512407,0.0351649113982344,0.0218552415080112,0.0,0.0108246920074755,0.0732923855437423,0.0,0.0290156249452732,0.0138880367985521,0.0239301991699491,0.0081731751868732,0.100054876500757,0.3223998373929177,0.2052982205077223,0.0074221681855718,0.0,28534.91,165.91,0.2532399012560952,17.0,1012.06,64.25,1.0,1,1934.36,3112.37,3,1,0,1,1,1,5
a8d33c9c-48d1-40bf-87ad-deb94e8617e3,645,12,56729.0,4001.055714285714,1,0.0,0,0.0,71382.26,5948.5216666666665,4727.416666666667,-0.2583028080875741,6829.948170542636,-456.85,13473.34,1,0.0651988323149197,0.0144865124752284,0.0688091130765543,0.1162937402094021,0.0201821853216751,0.0819465508657193,0.0286684674875802,0.0,0.009589777628223,0.0096766339423828,0.0527021699789275,0.0073365567299214,0.0166313030716595,0.3413014662186375,0.0027523645230621,0.0,1187.18,606.06,0.0209272153572247,29.0,3270.71,0.0,0.0,0,13213.06,1034.08,4,1,0,1,0,0,4
a8dd225b-edd7-4703-b3c2-de73a2b1098e,467,12,107723.39,4748.0275,1,0.0,0,0.0,113929.99,9494.165833333334,8976.949166666667,-0.0576160850489388,17419.45158458244,699.09,18719.06,0,0.1145845795299376,0.0396374124144134,0.0028891427094832,0.0,0.010770825135682,0.0631133207331976,0.0,0.0222673591036038,0.0050606517212895,0.0783024732996114,0.0,0.1137754861560156,0.2827560153388936,0.2071405430650876,0.0086902491609101,0.0,32214.39,464.17,0.2990473099667584,27.0,3794.66,343.49,2.0,1,329.16,4515.89,4,1,0,1,1,1,5
a9bcd63d-af0a-4912-979e-cc7885010b9a,424,12,98163.78,4426.792,1,0.0,0,0.0,136400.68,11366.723333333332,8180.315,-0.3895214711576917,-7035.529316037736,-19619.33,-16779.44,1,0.1636120142509553,0.0268670947974746,0.0033665521315582,0.0,0.0076000354250433,0.0475957304611677,0.0,0.0161577640228773,0.1411494429499911,0.0062383853218327,0.0108357964197832,0.0900202257056196,0.2852266572278085,0.1574359453339968,0.0151978714475616,0.0,38905.11,1817.62,0.3963285643645752,40.0,10731.27,0.0,0.0,0,459.2,3664.69,3,1,0,1,1,1,2
aa2bbdc9-3094-413c-80a6-161728688278,370,12,54783.0,0.0,0,0.0,0,32662.2,44258.43,3688.2025,4565.25,0.1921137944252779,16916.472405405406,3020.79,26128.58,0,0.1399014831750697,0.0478293061909335,0.0303628031993001,0.0086862547993681,0.0137910450054373,0.1198402202699011,0.0018007868783415,0.0,0.0020640135675847,0.0480794280321285,0.0066963514069523,0.0104755184492536,0.0350208988434519,0.2781151522997991,0.0260899448986328,0.0,1549.97,331.14,0.0282929010824525,32.0,1431.01,67.27,1.0,1,1728.25,2116.85,2,1,0,1,0,0,3
aa33cf81-ba43-4430-9569-97c393255b48,401,12,147812.15,6203.174666666667,1,13211.06,1,0.0,103917.95,8659.829166666666,12317.679166666669,0.2969593500940213,41146.71725685785,4524.14,72604.96,0,0.1625437183855147,0.0272915314437977,0.003447912511746,0.009500187407469,0.0066746890214828,0.0979500654121833,0.0,0.0216812398627956,0.0029913985023761,0.0232634496735164,0.0,0.0607204048963629,0.2599859793231102,0.2303599137588838,0.0299271685016881,0.0,27017.21,0.0,0.1827807118697617,29.0,5205.72,0.0,0.0,0,1345.54,2836.08,2,1,0,1,1,1,0
aa64e096-a437-4a61-9020-3eec6174248a,354,12,51138.65,0.0,0,0.0,0,29310.6,59243.32,4936.943333333334,4261.554166666667,-0.1584842384380502,3396.5009887005654,-2124.95,8318.69,1,0.4171428947601182,0.0357628505627301,0.0061220404258235,0.0,0.0057966028912626,0.1362246410228191,0.0,0.0,0.0,0.0324102362933069,0.0159805358646341,0.0033335403890261,0.0102796399661598,0.212668196178067,0.0133047911562012,0.0,609.0,476.99,0.011908800877614,44.0,4261.4400000000005,0.0,0.0,0,362.69,2118.71,1,1,0,0,0,0,3
aaa633a6-fe19-40d9-8d8a-e86ff8428e8b,735,12,52940.53,3744.111428571429,1,0.0,0,0.0,88099.01,7341.584166666666,4411.7108333333335,-0.6641127317765801,-2988.1392925170067,-7938.03,-1648.88,1,0.0818104539426719,0.0137779073794359,0.0550045908574909,0.0964544323483317,0.0248359204036458,0.111797283533606,0.0237488480290527,0.0,0.0087724027772843,0.0287600280638794,0.0204910361648785,0.0,0.0,0.3030123721027057,0.0108504056969539,0.0,0.0,1264.92,0.0,41.0,4692.69,0.0,0.0,0,13343.39,1213.82,7,0,0,1,0,0,4
aafd6874-8aaf-46ca-8adc-1654e45a3ea0,468,12,137612.77,6142.842857142858,1,14071.74,1,0.0,94985.79,7915.482500000001,11467.730833333331,0.309760351455755,37544.3713034188,4523.85,67141.51,0,0.0643379393907235,0.0205080149357077,0.0,0.0126358900631347,0.0075091232067449,0.0272184923660686,0.0,0.0320480568725069,0.0570377948112027,0.0604997863364614,0.0294069249726722,0.1120522343394732,0.2988057476807846,0.2015301446669022,0.0023829880237875,0.0002591966651011,28382.3,0.0,0.2062475742621851,23.0,5388.95,0.0,0.0,0,1200.23,1947.97,2,1,1,1,1,1,0
ab71dc8c-24b6-48ff-b602-ae507ab24ab0,443,12,139950.49,5326.913125,1,14069.72,1,0.0,128262.6,10688.55,11662.540833333333,0.0835144628646887,28023.572911963885,4818.65,47129.56,0,0.1669906894137496,0.0180676986120661,0.0041790046358018,0.0,0.0049339402132811,0.0545482471117847,0.0028938287544459,0.0176257147445942,0.0145354140645831,0.1087130621085179,0.0090324849176611,0.0855606388768042,0.1906445058809036,0.2449298548446702,0.0092660682069441,0.0,24452.56,0.0,0.174722932374156,23.0,14993.96,0.0,0.0,0,536.01,2317.41,2,1,0,1,1,1,0
acdf840f-7119-46d4-9d99-3b6aef1bebd2,347,12,50720.28,0.0,0,0.0,0,28514.16,48839.77,4069.980833333333,4226.69,0.037076096583063,7306.970662824207,-649.29,14025.53,1,0.1219467249743395,0.0694337831648265,0.0079289890185805,0.0,0.00584236985555,0.1100703381690782,0.0011893995405793,0.0,0.0163542948707579,0.0081437729948359,0.0,0.0624918995318774,0.0,0.2381512034147581,0.0270977934580773,0.0348533582365355,0.0,13.35,0.0,13.0,550.5600000000001,0.0,0.0,0,387.25,3391.13,1,1,1,1,0,0,3
ad644b37-8d03-4671-81d6-8fd6b52b54a8,518,12,108597.69,4879.509333333333,1,0.0,0,0.0,108627.16,9052.263333333334,9049.8075,-0.0002713685714677,12296.882567567567,1343.21,18358.5,0,0.0508396795055674,0.0254985953789089,0.0249428411826287,0.0146152214602683,0.0117952084911361,0.0469065010997249,0.0036732065903223,0.0229122256349148,0.1330936020052443,0.0053497670380041,0.0,0.0629322353636051,0.3557974819557098,0.1585009678978995,0.010835319638293,0.0,38649.27,410.02,0.3558940342101199,20.0,2948.6,0.0,0.0,0,4297.08,2769.84,4,1,0,1,1,1,5
ad993c90-eb9e-4331-82f4-063f37ad18d2,400,12,104002.0,4578.785999999999,1,0.0,0,0.0,119303.37,9941.9475,8666.833333333334,-0.1471257283513778,11145.5526,1070.98,16202.82,0,0.0464726185018914,0.0251619882992408,0.0,0.0,0.0055327020519202,0.0597372899022047,0.0,0.0280086807271244,0.0102401969030715,0.0802130736122542,0.0525952452139449,0.0906172222964028,0.3510993863794459,0.2021840623613566,0.0039815304462899,0.0017036400564376,41887.34,575.8299999999999,0.4027551393242437,26.0,8920.95,0.0,0.0,0,0.0,3001.91,2,1,1,1,1,1,5
adff2a94-153d-4c40-9a32-94d782006e0c,773,12,50807.09,3573.912857142857,1,0.0,0,0.0,94782.26,7898.521666666666,4233.924166666667,-0.865532153091232,-5247.603441138422,-13527.82,-7346.89,1,0.2202910122632653,0.0211611328955439,0.120850779460207,0.0904388648255486,0.0227634369553965,0.0603633000521405,0.0166839237637929,0.0034021134334631,0.0072471367532278,0.0149905689102581,0.0285246416365256,0.0,0.0174289998993482,0.2995649185828656,0.0,0.0,1651.96,2193.77,0.032514359708458,26.0,4500.53,0.0,0.0,0,20026.51,2005.7,7,0,0,1,0,0,4
ae97a938-fa01-425c-bdcf-5f73d32d934d,401,12,111557.25,4745.598125,1,0.0,0,0.0,90691.35,7557.6125,9296.4375,0.1870420792911262,24678.66004987531,1495.39,35809.67,0,0.1536454138128939,0.0365633547190553,0.011826265680244,0.0177421551228424,0.0143266143904573,0.0132645505883416,0.0,0.0,0.0,0.0515234363585942,0.0040759124216366,0.1057711678125863,0.3822966578400255,0.10384871324553,0.0091564410497803,0.0,34671.0,301.16,0.3107910960515789,14.0,1313.03,0.0,0.0,0,2681.6,3315.98,4,1,0,0,1,1,5
af2b5c15-b0db-42c7-b080-a1e61db96248,499,12,94211.28,4395.931428571429,1,0.0,0,0.0,122400.84,10200.07,7850.94,-0.2992163995648928,-548.8152705410822,-6953.47,2231.15,1,0.0861995718330037,0.0199220855020276,0.0100358788387399,0.0,0.0052939996163425,0.0442546799515428,0.0051190825161003,0.0240093123543923,0.0062941561512159,0.1258907210113917,0.0032590462614472,0.0660089424222905,0.3755758538911988,0.1731501189044127,0.0073993773245347,0.0001281036960203,45970.8,1776.67,0.4879543086560335,43.0,7736.64,0.0,0.0,0,1228.4,2438.48,2,1,1,1,1,1,2
af98929a-fafc-48f8-9b70-d477033e5ae5,512,12,138824.32,5948.293333333334,1,13918.17,1,0.0,134035.93,11169.660833333332,11568.693333333336,0.0344924433989665,21974.47841796875,4268.3,33534.62,0,0.0747813664589785,0.0323769156523926,0.0150504420717638,0.008887169283639,0.0073413897303506,0.0611395765299647,0.0040986771233653,0.016762594925107,0.1103819699687986,0.0842736719922784,0.0028612477266356,0.0935293245624512,0.2121774363038328,0.2355722081385192,0.0067361042669678,0.0,28439.4,0.0,0.2048589180915851,22.0,4813.44,0.0,0.0,0,3208.5,4339.67,3,1,0,1,1,1,0
af9c7321-36e0-4b63-ba30-f67390b2f55e,463,12,109268.96,4914.455333333333,1,0.0,0,0.0,125376.02,10448.001666666669,9105.746666666668,-0.147407461368718,15109.49321814255,1482.6,16952.3,0,0.1254575635755545,0.0249184014614596,0.0162385119578688,0.0,0.0055687682540887,0.0207524533000808,0.0,0.0223766075841297,0.0036136096838932,0.0987564448129714,0.0723702188026067,0.1265516324413552,0.1897770402984558,0.2150337042123366,0.0015287612415835,0.0,23793.49,1068.84,0.21775159203492,62.0,19489.95,0.0,0.0,0,2035.92,3124.17,2,1,0,1,1,1,5
b03b6c30-1394-4803-a20d-2a076433cc76,429,12,108790.71,4889.47,1,0.0,0,0.0,92334.22,7694.518333333333,9065.8925,0.1512674198008267,22245.46927738928,1338.83,40436.0,0,0.0985275015048592,0.0283040242285038,0.0614491572030391,0.0242831964140705,0.0130444595730596,0.0744324260279666,0.0,0.0,0.0,0.0050020458287295,0.0368339062159186,0.1287055871593435,0.2952776337960076,0.1690753438974196,0.0,0.0,27264.23,499.73,0.2506117480067921,18.0,814.28,0.0,0.0,0,7916.03,2613.4300000000003,3,1,0,0,1,1,5
b0bae60f-02ae-4039-b4b0-e4e1194b5081,504,12,129954.88,5538.597333333334,1,13596.330000000002,1,0.0,127477.78,10623.148333333333,10829.573333333334,0.019061231098055,25529.4410515873,3932.97,37245.26,0,0.1674037624439333,0.0247380366994153,0.0350617966519341,0.0100626948476824,0.0049327027816141,0.112659319922264,0.0,0.0212291899027422,0.0752043218826057,0.0232649172271434,0.0,0.0819693439907723,0.1848879075239622,0.2168279052239535,0.0,0.0,23569.1,0.0,0.1813637163914121,40.0,8474.45,0.0,0.0,0,5752.37,3153.55,2,1,0,1,1,1,0
b0cde440-4f5f-46ae-83a7-b49348658c45,460,12,93424.46,4307.3125,1,0.0,0,0.0,107391.11,8949.259166666667,7785.371666666667,-0.1494967163845527,9338.45904347826,1059.45,11919.66,0,0.1744758015817138,0.0219272340140631,0.0,0.0209551796233412,0.0072020859082283,0.0609035515137146,0.0020835057948465,0.0251021709338882,0.0040391611558908,0.0547395403586013,0.0205461141057206,0.1465540304034477,0.2017391383700196,0.1763977483797308,0.0086713881623907,0.0,21664.99,588.05,0.2318984771225865,29.0,8604.6,0.0,0.0,0,2250.4,2354.79,2,1,0,1,1,1,5
b1582fbb-7e0b-4741-8601-b72e48b3ba75,395,12,95001.08,4716.084,1,0.0,0,0.0,105746.71,8812.225833333334,7916.756666666667,-0.1131106088478152,5521.607620253164,918.45,7271.06,0,0.1556782239371797,0.0217487617345258,0.0124125847508636,0.0,0.0097159523922777,0.0127333512314472,0.0,0.0257495481419705,0.0072805101927048,0.0863701575207399,0.0,0.1191200180128535,0.3448467569345656,0.1671026928402784,0.0017295100717554,0.0,36466.41,258.7,0.3838525835706288,20.0,9842.38,34.4,1.0,1,1312.59,2299.86,3,1,0,1,1,1,5
b15fa8f0-dc25-4d00-86f9-13a2cc816582,404,12,129628.28,5733.9366666666665,1,13487.33,1,0.0,109356.02,9113.001666666669,10802.356666666668,0.1563876339329658,28142.40497524752,4548.59,48841.63,0,0.0846877016921427,0.0501770272912273,0.0,0.0,0.0063524623518668,0.0579795241267924,0.0035798669337088,0.0147432212693914,0.0089835932214797,0.0863347989438532,0.0130227855768708,0.0891602492482809,0.2907047092606333,0.2224177507557425,0.0019884593459052,0.0,31790.31,0.0,0.2452420876061921,38.0,8433.18,0.0,0.0,0,0.0,5487.16,2,1,0,1,1,1,0
b16b69ea-e96f-4f65-b022-2c3906e271b3,504,12,90892.71,0.0,0,0.0,0,0.0,69140.66,5761.721666666667,7574.392500000001,0.2393156722909901,25255.56779761905,-859.49,51660.22,1,0.2765834170515584,0.014506080792402,0.1049343468806922,0.0564230946016425,0.0133038938303452,0.0187471453121795,0.0,0.0,0.0,0.1507198513870131,0.005334343062389,0.0,0.0176438871136029,0.2670453247047396,0.0,0.0,1219.91,909.46,0.0134214284071846,15.0,2472.3,0.0,0.0,0,11156.36,1002.96,3,0,0,0,0,0,1
b17cd988-f15f-4e73-86db-900d71e5e683,333,12,55141.99,0.0,0,0.0,0,32747.64,87713.79,7309.482499999999,4595.1658333333335,-0.5906895997043269,8215.13912912913,903.25,11695.3,0,0.1011364347612843,0.0374440552620061,0.0045331526547878,0.0,0.0044776311683715,0.0685556968864302,0.0,0.0,0.0093868934405867,0.1967355418116125,0.1460835291691306,0.0,0.0,0.3692531128799701,0.037394804169333,0.0,0.0,878.06,0.0,46.0,14094.49,0.0,0.0,0,397.62,3284.36,1,0,0,1,0,0,3
b17dd2ab-4924-4c9b-b901-c291fa03d379,451,12,95115.64,4330.925625,1,0.0,0,0.0,112976.12,9414.676666666666,7926.303333333333,-0.187776479241479,2329.37199556541,-1818.91,2722.92,1,0.057403989444849,0.0256230254676829,0.0295833314155239,0.01746776221382,0.008124548798454,0.0266067731835718,0.0,0.0255137988452781,0.0112492799363263,0.0361145346467908,0.0,0.1015755364939068,0.4477962245472761,0.1451929841456761,0.0088743532704079,0.0,50590.28,515.6700000000001,0.5318818230103903,28.0,5644.969999999999,65.62,1.0,1,5315.65,2894.79,3,1,0,1,1,1,2
b1df4fe8-f52e-40b9-a82e-45bcd80a9865,582,12,86989.6,0.0,0,0.0,0,0.0,86004.42,7167.035,7249.133333333334,0.0113252618703845,18542.279450171824,1305.74,33746.41,0,0.2235958337955189,0.0224253590687548,0.0556190019071112,0.032799477050133,0.0117326528101695,0.0962800516531592,0.0088100123226224,0.0139927692088383,0.0912124051298758,0.084386360607978,0.0391119433164016,0.0,0.0,0.2731214279452149,0.0059959709047511,0.0,0.0,1187.73,0.0,46.0,6223.5,0.0,0.0,0,7604.38,1928.68,3,0,0,1,0,0,1
b21918b9-eee2-4103-a97b-395a153a82bc,457,12,105484.37,4541.3575,1,0.0,0,0.0,125882.71,10490.225833333334,8790.364166666666,-0.1933778435610888,8841.308665207878,-1357.8,6302.0,1,0.0805831078787547,0.0263194206734189,0.0013449821663356,0.0,0.0044216556825,0.045502992428428,0.0036610269988626,0.0234148915287889,0.0003942558910592,0.0034473360162011,0.0865667731493864,0.1254940412388643,0.3815245159561627,0.1695919955965358,0.0108559785533692,0.0,48027.34,864.24,0.4553029041174536,46.0,8859.35,110.74,2.0,1,169.31,3313.16,2,1,0,1,1,1,2
b23481b0-2f55-4fa6-a038-e173ff621f52,478,12,87042.85,0.0,0,0.0,0,0.0,65342.91,5445.2425,7253.570833333334,0.2493018093961767,16133.06960251046,-522.76,40748.21,1,0.313469510311065,0.0356311036652637,0.0732726779385858,0.0549585257222244,0.0202188730192763,0.0582803857373355,0.0,0.0,0.0121577076992744,0.0126950268973328,0.0399471036719974,0.0615629147829504,0.0,0.1490258086148903,0.0211294538305686,0.0,0.0,1303.51,0.0,21.0,2848.52,0.0,0.0,0,8379.0,2328.24,4,1,0,1,0,0,1
b2b6d4e4-dea7-4068-91fb-7a4f24142efb,383,12,146205.36,6216.622666666666,1,13828.83,1,0.0,90118.29,7509.857499999999,12183.78,0.3836184254804338,40162.38587467363,4411.02,72575.78,0,0.0795066129195305,0.0284397318235843,0.0277167931171352,0.0,0.0079618687837951,0.0,0.0,0.0325316869638782,0.0146240014097027,0.0313979548435728,0.0043340813501898,0.064608527303392,0.4600210456723046,0.1861247034314565,0.0086144555117501,0.0,41456.31,0.0,0.2835484964436324,0.0,0.0,35.64,1.0,1,2497.79,2562.94,2,1,0,1,1,1,0
b310042f-09c6-4136-bcf0-5002581513e8,517,12,101641.94,4884.752666666666,1,0.0,0,0.0,104366.34,8697.195,8470.161666666667,-0.0268038961082403,15358.264119922633,860.09,19516.96,0,0.0733650332089829,0.0338896621266971,0.0409779628182803,0.0,0.0097670379166309,0.0754270965140676,0.0,0.0320120452628692,0.0114308885412672,0.0039485910878928,0.0134263594948332,0.1446905199511643,0.2936232122349025,0.1884896030655094,0.007021420891065,0.0,30644.38,362.38,0.3014934583106147,34.0,2738.15,0.0,0.0,0,4276.72,3536.94,3,1,0,1,1,1,5
b31852b3-b06d-44d9-9080-b707a704a4ec,725,12,51201.71,3603.172857142857,1,0.0,0,0.0,68520.61,5710.050833333334,4266.809166666667,-0.3382484686546602,9458.208896551723,1186.12,13910.21,0,0.1184846427957953,0.0224669628597877,0.0346689849959012,0.1276929671233224,0.0320688913890287,0.117411680952636,0.0279619518857173,0.0,0.0025663811224097,0.0307241864892913,0.0707093821844259,0.0222293701121458,0.0132301799414803,0.2642464800006888,0.0100413583591856,0.0,906.54,1712.01,0.0177052680467117,67.0,7132.55,0.0,0.0,0,11125.14,1539.45,6,1,0,1,0,0,4
b3343500-f10f-4442-8f41-48ac9e3aa7ef,524,12,142501.28,5845.728666666666,1,14392.7,1,0.0,142848.33,11904.027499999998,11875.106666666668,-0.0024354167204672,22349.231030534356,325.68,37846.96,0,0.0767767463574827,0.0261904356879775,0.0315045335146725,0.0109523156483523,0.0071081685029149,0.0765022594243838,0.0033976596016208,0.0183151598622118,0.0652037724207206,0.0447530608163217,0.0135554962385629,0.0716837221688205,0.1997973654994776,0.2347225900365793,0.0027082570723787,0.0,28540.72,0.0,0.2002839553441204,28.0,10314.07,0.0,0.0,0,6064.89,3741.26,3,1,0,1,1,1,0
b34d2b98-f19f-4d36-b3ba-667b085b2e58,436,12,132297.12,6269.714285714285,1,13972.92,1,0.0,96525.41,8043.784166666667,11024.76,0.2703891815634384,31770.824541284404,3917.51,55975.73,0,0.0651376668589131,0.0353512095934117,0.0107978821327979,0.0,0.0066455040180611,0.0391967255047142,0.0,0.0310298604274252,0.0065474987363431,0.0187828262008936,0.0217453621797617,0.0583251601832097,0.4065885863629069,0.2148151455663332,0.0088197501569793,0.0,39246.13,0.0,0.2966514312632051,31.0,3754.0,0.0,0.0,0,1042.27,3412.29,2,1,0,1,1,1,0
b38f6e87-b7dc-4966-87cb-fafa88d7577f,390,12,95077.7,4350.82625,1,0.0,0,0.0,91507.99,7625.665833333333,7923.141666666666,0.0375451867262248,13557.179692307693,1981.55,18155.67,0,0.2438053769949487,0.0416805133628221,0.0313959469550145,0.0,0.0113854538822238,0.0511772797107662,0.0,0.0,0.0011473315062433,0.0077147361667544,0.0,0.1345432240397805,0.2628806511868526,0.1308256251721844,0.0118327372287381,0.0,24055.68,346.81,0.2530107480513306,28.0,8253.81,0.0,0.0,0,2872.98,3814.1,3,1,0,1,1,1,5
b3b10b34-175c-464a-96fa-566a6061633d,455,12,90187.33,0.0,0,0.0,0,0.0,77740.99,6478.4158333333335,7515.610833333333,0.138005416060105,17473.69189010989,3475.67,26911.4,0,0.4404586306400266,0.0235975898943401,0.0604430172551185,0.0,0.0170166343392333,0.0095679254920731,0.0,0.0,0.0018932097468787,0.0271596747095708,0.0796031797382565,0.0284613046476511,0.0,0.2021510145420067,0.0043551027585318,0.0,0.0,425.6,0.0,48.0,7617.93,0.0,0.0,0,4698.9,1834.5,4,1,0,1,0,0,1
b3c8449d-4690-4e28-b2f0-9bd4478be86c,462,12,130588.36,5262.769333333333,1,13002.42,1,0.0,96663.72,8055.31,10882.363333333333,0.2597830311981864,28787.613506493504,3514.86,53021.57,0,0.1064733490496745,0.048105018097793,0.0,0.0111715129523258,0.009510186448442,0.0490164251903402,0.0027453940320111,0.0241929443642351,0.1333411335711061,0.0060301838166377,0.0,0.0638067725926542,0.2745491276354769,0.1632891844013452,0.0105142860216842,0.0,26538.94,0.0,0.2032259230455149,15.0,1402.98,72.75,1.0,1,1079.88,4650.01,3,1,0,1,1,1,0
b3eacd60-3390-41d6-b7dd-e516435fac62,447,12,140094.93,6282.434,1,13084.25,1,0.0,116329.41,9694.1175,11674.5775,0.169638687138785,28982.65561521253,4177.01,52835.13,0,0.0657647967096196,0.0389809421366445,0.0332716378429152,0.0,0.0058956716104723,0.0196748182596301,0.0041985083565712,0.018498245628513,0.0075187349441555,0.0207391234942221,0.0670948129110256,0.0745581018591945,0.3400553651909693,0.2236209226884241,0.0036843649426228,0.0120388300774498,39558.44,0.0,0.2823688194854732,17.0,8978.41,0.0,0.0,0,3870.47,4534.63,2,1,1,1,1,1,0
b413a7cb-f3f8-4eb5-8964-1be6533476f9,431,12,105050.71,4800.506875,1,0.0,0,0.0,87665.92,7305.493333333333,8754.225833333332,0.165489505020956,18814.439953596288,1469.56,31340.25,0,0.0635242292557929,0.0216444429032399,0.0040587037699484,0.0,0.011389374571099,0.0638868559184686,0.0040850538042605,0.0234976145804435,0.007567592971134,0.0033583175765451,0.0102170832177429,0.1383762355998773,0.4432704293755201,0.1347874978098673,0.0180294691483303,0.0,38859.71,170.41,0.3699138254277387,25.0,1936.57,0.0,0.0,0,355.81,1897.48,3,1,0,1,1,1,5
b46f26ec-ffb8-467e-8371-c4c46705bc9d,505,12,83519.28,0.0,0,0.0,0,0.0,77359.85,6446.654166666667,6959.94,0.0737486003231827,21755.217425742576,629.78,27977.15,0,0.4086750426739451,0.0210937585840717,0.0597012532987072,0.0,0.0129882619989568,0.095675857696208,0.0059418419244608,0.0,0.0105422903482879,0.0482391059444918,0.0458572502402732,0.0,0.0505697723043671,0.1860387526604562,0.0,0.0,3912.07,1115.95,0.046840322378258,49.0,8215.6,0.0,0.0,0,4618.48,1631.81,3,0,0,1,0,0,1
b545a7bb-4142-4472-a0a5-0f1d680616e2,415,12,55912.2,0.0,0,0.0,0,32866.32,51715.71,4309.6425,4659.35,0.0750549969416335,10619.631759036143,-1634.82,21203.08,1,0.118494554169323,0.0370011356317065,0.0861790353453525,0.0,0.0123867582983971,0.0816403758161688,0.0022507667399326,0.0,0.0,0.0461496129512676,0.037454189452296,0.0124134426463447,0.0902023775754021,0.2725929896350645,0.0304605699119281,0.0,4664.88,431.81,0.0834322384023522,57.0,4268.04,36.4,1.0,1,4456.81,1913.54,2,1,0,0,0,0,3
b5e9ff78-bf48-4b8b-ace0-e588a7a8ffc6,343,12,48938.95,0.0,0,0.0,0,29144.04,65046.75,5420.5625,4078.245833333334,-0.3291406946818432,3353.623848396501,-901.91,5082.47,1,0.4078732603857994,0.0366834622790531,0.0006947310972492,0.0,0.0056834507488844,0.0505167437266273,0.0006490716292512,0.0,0.002906986129207,0.1349979822204799,0.036297893438181,0.0194796819210798,0.0,0.2424817535080538,0.0168159054833638,0.0,0.0,548.85,0.0,52.0,5697.05,0.0,0.0,0,45.19,2386.14,1,1,0,1,0,0,3
b609919b-ce00-46e5-a319-00ed87cae989,442,12,137505.89,6254.244285714286,1,14397.1,1,0.0,108767.65,9063.970833333333,11458.824166666667,0.2089964291711432,24738.737760181,2851.6,49133.4,0,0.143683163146395,0.0290184627506432,0.0264823226391302,0.0142434814027884,0.0059568263173838,0.0592708401808809,0.0,0.0302147743377741,0.0100897647416304,0.0045237715442045,0.0024092641516112,0.1101432273290817,0.2632204520369797,0.182715816697336,0.0,0.0,28629.870000000003,0.0,0.2082083174764368,28.0,5676.74,0.0,0.0,0,4429.65,3156.27,2,1,0,1,1,1,0
b60b219a-7e1e-4a58-a7ee-712ed1d43f36,471,12,139373.88,5762.79875,1,14096.97,1,0.0,120027.16,10002.263333333334,11614.49,0.1388116625582928,27624.523184713376,4066.56,45167.71,0,0.1119433301596072,0.0437514309261337,0.004560467814118,0.0,0.0099005091847545,0.070188697291513,0.0,0.0199495680810909,0.0122843863005673,0.003819885432597,0.0409536474911178,0.0842536805836279,0.3262624892565982,0.2133875366208781,0.0041425624000434,0.0,39160.36,0.0,0.2809734506924827,34.0,7917.13,11.57,1.0,1,547.38,5251.36,3,1,0,1,1,1,0
b6a1ccf8-ba8d-480d-a80c-0ada5d5a1adb,366,12,58348.95,0.0,0,0.0,0,32543.88,39151.86,3262.655,4862.412499999999,0.3290048921188813,17466.39431693989,2635.49,32777.04,0,0.4261368425408142,0.0430056196563841,0.0340977414610698,0.0,0.0164628193909561,0.1276595799024618,0.0,0.0,0.0,0.0725651348365058,0.0,0.008639691703025,0.0,0.1465176877931215,0.0227376170634038,0.0,0.0,493.46,0.0,41.0,1419.49,11.8,1.0,1,1334.99,1683.75,2,1,0,0,0,0,3
b741e715-0332-4c35-8448-36a945a1bed7,455,12,101262.8,4949.508571428572,1,0.0,0,0.0,114505.97,9542.164166666667,8438.566666666668,-0.130780207539195,6000.784637362637,632.23,12884.23,0,0.1688730290656461,0.0240208436293758,0.0290598822052684,0.0222786637238215,0.0065490908465296,0.0801160847770644,0.0,0.0291066919916926,0.0052395521386352,0.0217967674523869,0.0,0.111954512066052,0.2488648408462895,0.1784158502827407,0.0104180594251985,0.0,28496.51,599.5500000000001,0.281411436381376,22.0,2346.04,82.24,3.0,1,5878.57,2750.53,2,1,0,1,1,1,5
b7492229-faeb-459f-b83e-124fb31d42fc,432,12,129641.85,5308.127333333334,1,14154.21,1,0.0,89085.86,7423.821666666667,10803.4875,0.3128310032601355,33752.96111111111,3516.68,52680.39,0,0.2049969546233263,0.058244709093003,0.045777410691214,0.0,0.0114583840802569,0.0023357242103292,0.0056145835040487,0.0326625347726339,0.0184828434052272,0.0583292342915026,0.0,0.0719392505162996,0.2610980014112228,0.1887698002803139,0.0172217005033122,0.0,23260.14,0.0,0.1794184516805337,13.0,4149.49,69.36,1.0,1,4078.12,5188.78,3,1,0,1,1,1,0
b78fc3bd-ed29-4f14-b312-178c9f2e0076,452,12,95271.16,4876.365714285714,1,0.0,0,0.0,115398.65,9616.554166666669,7939.263333333333,-0.2112652979138701,-1962.1968362831856,-8835.52,-5402.02,1,0.2136783229266547,0.0248600828519224,0.0231611028378581,0.0,0.0109583604314261,0.0079138707428553,0.0,0.0182983076491796,0.0008719339437679,0.0215876875509375,0.0100919724797473,0.1262316326924102,0.3938393560063311,0.1032711387871522,0.0033506457831179,0.0,45448.53,1175.29,0.4770439448832154,42.0,6142.3,338.86,1.0,1,2672.76,2868.82,4,1,0,1,1,1,2
b7bd42b6-ffa0-4372-8f5c-dc473760928c,493,12,100065.45,4718.961333333334,1,0.0,0,0.0,121055.44,10087.953333333331,8338.7875,-0.2097626103715119,845.2123326572008,-4949.86,2063.08,1,0.168666604326084,0.0218015811598388,0.0065473307106231,0.0,0.0123820127373044,0.0503479232325288,0.0,0.0229023164923443,0.1078825536464945,0.0066187855746094,0.0287213858377616,0.0608639314350515,0.3270945114073353,0.1184318523810247,0.0130006549065453,0.008923514713589,39596.57,1191.26,0.3957067099583323,41.0,6159.85,0.0,0.0,0,792.59,2639.2,4,1,1,1,1,1,2
b7d8f768-a7c7-4f57-aa0e-c9b3e5385a25,485,12,101385.49,4775.134666666666,1,0.0,0,0.0,114219.72,9518.31,8448.790833333333,-0.1265884299617234,9708.51381443299,875.94,13631.87,0,0.0554594250449922,0.0444129087341485,0.0365619877198088,0.0,0.0089849633670963,0.0266573933117678,0.004059719284901,0.019399802415905,0.0026217014014742,0.027912080330787,0.0596751594208075,0.0550542410715067,0.3201864791824039,0.196797278088232,0.0109029333988911,0.0,36571.61,568.61,0.3607183828770764,24.0,5333.82,38.14,1.0,1,4176.1,5072.83,3,1,0,1,1,1,5
b7e16d53-ac6f-4d3d-9026-4285a699d7bb,355,12,60711.54,0.0,0,0.0,0,34069.2,37282.48,3106.873333333333,5059.295,0.3859078521151003,19033.937549295773,663.44,34299.57,0,0.1622727350755636,0.0851753960573438,0.0723211009568033,0.0,0.0211868952923732,0.0845485600743298,0.0014315034836738,0.0,0.0215353163201589,0.0446689705191285,0.0232095611665318,0.0619642255558106,0.0,0.2709138447871493,0.0,0.0,0.0,250.22,0.0,17.0,2068.6600000000003,64.97,1.0,1,2696.31,3175.55,2,1,0,1,0,0,3
b807ba29-348d-4654-a7a0-449987029b4e,401,12,107701.85,5039.920666666667,1,0.0,0,0.0,100152.52,8346.043333333333,8975.154166666667,0.0700947105365414,18284.5116957606,847.66,30990.26,0,0.1061805534199239,0.0223196580575306,0.0116747936047939,0.0,0.0117742419262141,0.0692488816057748,0.0,0.0,0.0,0.0654360968650614,0.0633009533858958,0.1254247022441372,0.2528150065520069,0.206943170276694,0.0,0.0,25320.06,396.36,0.2350940118484501,40.0,10868.0,0.0,0.0,0,1169.26,2235.37,3,1,0,0,1,1,5
b8ad4f31-437c-4cfb-b1fc-45241d3a2473,434,12,101132.7,5023.328,1,0.0,0,0.0,104608.87,8717.405833333332,8427.725,-0.0343723642303626,12738.202050691243,-28.18,27907.83,1,0.1239642489207655,0.041551830165071,0.0280751527093257,0.0,0.0071273114794185,0.0467358073937707,0.0050166873994528,0.0,0.0052528050441611,0.0520862141040238,0.0724928966348647,0.0688122336088708,0.2259034057054626,0.2524731411399435,0.0117160236985639,0.0,23631.5,144.29,0.2336682398472502,14.0,4257.42,0.0,0.0,0,2936.91,4346.69,2,1,0,1,1,1,2
b8ff4601-e937-4251-840c-59c4de94a0f9,479,12,108708.7,4902.949333333333,1,0.0,0,0.0,126557.41,10546.450833333334,9059.058333333332,-0.1641884228217245,2125.5278288100208,-2905.72,4671.69,1,0.0901789156399455,0.0285966661296244,0.0410326033062781,0.0135892477572036,0.0103258276224205,0.0160662263869021,0.0,0.0214164464964951,0.0392051322794927,0.0421404799608335,0.0,0.1190953575930481,0.3570475249137921,0.1480046881490384,0.005776034765566,0.0,45187.01,512.7,0.415670594901788,20.0,5957.89,38.34,1.0,1,6912.8,3619.12,4,1,0,1,1,1,2
b9c34385-7d4f-43c9-a2df-c36dba0b8051,372,12,147071.01,5812.866875,1,13707.98,1,0.0,108714.01,9059.500833333334,12255.9175,0.2608059875294255,35791.732903225806,4938.65,61951.96,0,0.0906581405653236,0.0315454282295354,0.0125992040952219,0.0,0.0089044641072479,0.0648622932775637,0.0,0.0,0.0,0.0595046581392775,0.0,0.1002273763979453,0.4011296244154732,0.1952059352791788,0.006486928409687,0.0071979683207343,43608.41,0.0,0.2965126165924882,21.0,3116.0,0.0,0.0,0,1369.71,3429.43,3,1,1,0,1,1,0
ba3634c1-8834-4fd8-95b4-0b10546411b9,383,12,102834.52,4628.105333333334,1,0.0,0,0.0,88671.97,7389.330833333333,8569.543333333333,0.1377217494670076,19253.93527415144,1807.64,34020.83,0,0.1729229653970696,0.0384857807940886,0.0041360308110894,0.0229912564252265,0.0144372567791152,0.0124581646263187,0.0,0.0,0.0005136910796049,0.0250148947858043,0.0361837004410751,0.134637135049554,0.2558368783280669,0.1904943580254278,0.0443749022379902,0.0,22685.56,207.06,0.2206025758665475,18.0,4053.21,0.0,0.0,0,2405.43,3412.61,4,1,0,1,1,1,5
bab94eae-656d-4697-968c-1d0e6bf47388,441,12,85940.8,0.0,0,0.0,0,0.0,62410.77,5200.8975,7161.733333333334,0.2737934717852289,18787.84537414966,-1994.38,32396.16,1,0.4072822687494482,0.0227470354876249,0.0517779223041151,0.0,0.0245117949994848,0.0387638223338696,0.0,0.0,0.0112374835304868,0.0899410470340295,0.0,0.0247955601252796,0.0086348878566952,0.1882896173208566,0.0180603443924822,0.0,538.91,271.35,0.0062707119319345,53.0,5236.53,0.0,0.0,0,3231.5,1419.66,5,1,0,1,0,0,1
bb052373-6aee-46cd-bf5c-b5a6715afce3,539,12,82268.59,0.0,0,0.0,0,0.0,84316.76,7026.3966666666665,6855.715833333333,-0.0248961359371784,15584.778033395176,218.87,26702.93,0,0.2684601495598265,0.0192801526054843,0.0656666598669114,0.0392859023520353,0.0125220656011924,0.0708114258659844,0.0,0.0,0.0,0.0672795064705996,0.0164546170891765,0.0007276133475717,0.0424865708786722,0.2180107489898805,0.0164514148788449,0.0,3582.33,1186.98,0.0435443223227722,35.0,6686.14,0.0,0.0,0,8849.26,1625.64,3,1,0,0,0,0,1
bb28cf9c-1f38-41c6-adc7-89ea6c942319,445,12,85839.69,0.0,0,0.0,0,0.0,84028.34,7002.361666666667,7153.3075,0.0211015440526405,5867.57593258427,-2954.75,22580.41,1,0.4724794039725168,0.0408004013883887,0.0670956965233396,0.0,0.0171539744805145,0.0124247367019269,0.0068986249163079,0.0,0.0033556535806848,0.07030068664929,0.0,0.0184785276015211,0.0063060867321667,0.1127245879187902,0.0054889814555422,0.0,529.89,1437.73,0.0061730185651882,19.0,3558.1800000000003,11.11,1.0,1,5637.9400000000005,3428.39,4,1,0,1,0,0,1
bb82ed0e-a2db-4ce6-8031-122eae75c3f4,502,12,134627.91,5768.754,1,13316.22,1,0.0,139360.38,11613.365,11218.9925,-0.0351522206650909,25343.78474103585,3683.46,33618.65,0,0.0501266572321344,0.0371574761779495,0.0120897345429167,0.0110784715139267,0.0074813946402844,0.1387094380770202,0.003843631884471,0.014164499264425,0.0128690808678908,0.0439983013823584,0.0414801538285128,0.0512290508966752,0.1868422718135527,0.3122878970335758,0.0067463937741846,0.0,26038.41,0.0,0.1934101925819096,16.0,3153.01,401.53,2.0,1,3228.73,5178.28,3,1,0,1,1,1,0
bc041e6d-2068-48c7-9132-a36592b97210,582,12,110828.74,4799.799375,1,0.0,0,0.0,128622.39,10718.5325,9235.728333333333,-0.1605508643335655,1211.1049140893472,-6047.75,2277.22,1,0.1834811186450508,0.0290070803380344,0.0207617040858904,0.0184408017919741,0.0113926509995654,0.0341858054418052,0.0026831253874228,0.0195007261177466,0.0106180580224018,0.0013807082888134,0.0059630364511186,0.08824544466947,0.3733773723221906,0.1339793950337884,0.0027589286748597,0.0,48024.69,733.0699999999999,0.4333234321711138,36.0,2840.61,0.0,0.0,0,5042.32,3730.96,4,1,0,1,1,1,2
bc828f5c-4477-415b-85da-6224edb00226,749,12,55664.76,3923.548571428571,1,0.0,0,0.0,77022.8,6418.566666666667,4638.73,-0.3836905072437213,6796.665100133511,1152.63,17717.94,0,0.0872672767024829,0.0194731949500667,0.0612656252434344,0.1172195765409722,0.0271546866642085,0.1696806659846175,0.0231113384608193,0.0143724974942484,0.0237336217327856,0.021743431814995,0.0,0.0027534704009721,0.0107733034893563,0.3315722097872318,0.0039496097259512,0.0,829.79,1010.99,0.0149069177698781,39.0,2380.57,0.0,0.0,0,13747.43,1499.88,7,1,0,1,0,0,4
bccff30e-bd54-45aa-b583-f16a213a683b,441,12,105778.31,4991.418000000001,1,0.0,0,0.0,106794.96,8899.58,8814.859166666667,-0.0096111386162247,11081.720952380952,755.14,22690.26,0,0.1019344920396992,0.0195684328174288,0.0329895717925265,0.0,0.0052482813795707,0.1286889381296645,0.0,0.0238637666047161,0.0275618811973898,0.0186025632670305,0.0,0.134651204513771,0.2377231097797124,0.2077268440383328,0.0044909422691857,0.0,25387.63,402.03,0.2400078995400853,32.0,6171.88,0.0,0.0,0,3523.12,2089.81,2,1,0,1,1,1,5
bce59545-a7d8-4464-8aaf-c884239ad74d,374,12,98210.93,4534.881333333334,1,0.0,0,0.0,99628.37,8302.364166666666,8184.244166666666,-0.0144326094865408,11942.540160427809,1505.92,15037.38,0,0.0602248134743146,0.0322825717212878,0.0200661719146865,0.0194684506029758,0.0072663037646806,0.0734832859355221,0.0,0.0,0.0075282773370677,0.0021105434124838,0.007769473695093,0.0803412722701375,0.4496828563992365,0.1662476260526996,0.0,0.0,44801.17,51.51,0.4561729534584389,15.0,2455.1400000000003,4.2,1.0,1,3938.77,3216.26,2,1,0,1,1,1,5
bd31a4ab-94f4-448a-b10a-4716cb272777,699,12,57777.0,4088.6857142857134,1,0.0,0,0.0,87507.82,7292.318333333334,4814.75,-0.5145788116378491,2816.738555078684,-2734.68,4198.19,1,0.1771630238303273,0.0229147520758716,0.0384702761421779,0.1041612052499993,0.0154198790462383,0.1505198049728584,0.0219739218734965,0.0,0.0,0.0234207639957206,0.0,0.0429142218375454,0.0074087093016372,0.2979312020342867,0.0346406755419115,0.0,648.32,1155.2,0.011221074129844,63.0,6909.84,0.0,0.0,0,12481.37,2005.22,4,1,0,0,0,0,4
bd39d418-7d66-4c60-8e08-70f925b47971,708,12,58426.39,4116.868571428572,1,0.0,0,0.0,101922.04,8493.503333333332,4868.865833333333,-0.7444521217210236,4310.069505649717,-6757.94,-2741.74,1,0.164289490281003,0.0166602827023477,0.0575224946439455,0.0947327977344252,0.0164337370013394,0.0684703720608417,0.0208215023953602,0.0,0.0,0.0951122053679459,0.0,0.020941201726339,0.027762199422225,0.3131666124422156,0.017189314499592,0.0,2829.58,1009.57,0.0484298276857426,22.0,7844.56,0.0,0.0,0,15518.17,1698.05,5,1,0,0,0,0,4
bdcab342-5bbb-434b-955b-5bfab12611d9,444,12,96701.52,4369.343124999999,1,0.0,0,0.0,110706.78,9225.565,8058.46,-0.1448297813726195,9689.420945945947,970.95,12103.32,0,0.151810936963391,0.0189522267741867,0.0396789609453007,0.0,0.006379645402025,0.0610683464915157,0.0,0.021136465174039,0.0168795443242049,0.0304915380973053,0.0395070654209254,0.1423951631508025,0.2286242089237895,0.1852600174984766,0.0011888160779312,0.0,25310.25,490.74,0.26173580311871,21.0,3735.53,0.0,0.0,0,4392.7300000000005,2098.14,2,1,0,1,1,1,5
be2a1dfe-4090-44ff-9778-0e49f3291fa0,339,12,114209.6,5040.17125,1,0.0,0,0.0,103949.73,8662.477499999999,9517.466666666667,0.089833691738698,14342.605781710916,277.15,24834.78,0,0.0912578608910287,0.0196127493549045,0.0006115455999741,0.0,0.0064772655013149,0.0278849209132144,0.0,0.0,0.0,0.0566668138531961,0.0176257312068054,0.1280004286687421,0.4401493875934069,0.1153462351465463,0.0089145974693729,0.0,45753.41,490.37,0.4006091431893641,35.0,7781.79,0.0,0.0,0,63.57,2038.74,2,1,0,0,1,1,5
beef3670-bf26-43e3-9424-e3c90dfe7ba2,484,12,83138.34,0.0,0,0.0,0,0.0,111674.99,9306.249166666666,6928.195,-0.3432429610694658,5957.16444214876,-5542.76,11077.85,1,0.3229648822892216,0.0127518256325789,0.0531784242828228,0.0,0.0089903746577456,0.0356253445825247,0.0,0.0115023068280552,0.0095018589211425,0.1546950664602701,0.0531727829122706,0.0190208210450701,0.0022115963475797,0.2494386612436679,0.004743318087604,0.0,246.98,1512.42,0.0029707112266133,36.0,2848.82,138.57,3.0,1,5938.7,1424.06,3,1,0,1,0,0,1
bef75314-f10f-4934-967b-45fc7eba10ae,462,12,139338.38999999998,5934.109333333333,1,13287.02,1,0.0,153454.27,12787.855833333331,11611.5325,-0.1013064669399438,18811.63435064935,4081.34,18861.49,0,0.0683748324500843,0.0185886648836816,0.0235872876004036,0.0,0.0083841915901069,0.0037265825186878,0.0021554955753267,0.0192305499221364,0.0060030913444115,0.103434658416478,0.0,0.111717256222326,0.3134331811033997,0.182431873678067,0.0088336414490127,0.0,48097.66,0.0,0.3451859893027327,37.0,12485.34,0.0,0.0,0,3619.57,2852.51,3,1,0,1,1,1,0
bf373368-bf94-4d9f-a03c-4388647d2142,421,12,104840.61,4966.1875,1,0.0,0,0.0,105762.03,8813.5025,8736.7175,-0.0087887699241734,8665.20320665083,640.33,10966.72,0,0.0840278878913348,0.0268553846782252,0.0103557013797862,0.0,0.0072594105843089,0.0224088928701538,0.0037125800251753,0.0237335648720055,0.0411404735707134,0.041830324172106,0.012295622540528,0.1509097357529918,0.273554412675324,0.1311777960388997,0.0108312028428349,0.0076795046388576,28931.67,634.92,0.2759586194700699,18.0,3664.14,0.0,0.0,0,1095.24,2840.28,2,1,1,1,1,1,5
bf400f10-cfdf-430b-a220-94c5caef9da0,395,12,98335.82,4550.827499999999,1,0.0,0,0.0,94251.53,7854.294166666667,8194.651666666667,0.041534102222364,17053.309620253163,1359.01,24279.43,0,0.0549598505191374,0.0344805012714382,0.0194570846754424,0.0,0.0128639821549846,0.0874749725548221,0.0,0.0277574273860594,0.0017499981167414,0.0012388127810763,0.0058367222261537,0.1118086889411768,0.3357556105455264,0.1798911911562603,0.0118468103382512,0.0,31645.48,348.47,0.3218103026953963,20.0,1862.1,0.0,0.0,0,1833.86,3249.84,4,1,0,1,1,1,5
bf74b5ec-b227-4876-aeea-267cf645b9db,372,12,53417.25,0.0,0,0.0,0,31309.68,54245.26,4520.4383333333335,4451.4375,-0.0155007979632048,6446.902715053764,1239.48,11782.96,0,0.3319150834561397,0.0466606667568742,0.0343795937193406,0.0,0.0123170208788749,0.0701017932258044,0.0,0.0,0.0151970881879817,0.0424899797696609,0.0,0.0566700205695391,0.0829569256373736,0.1835485718014808,0.0256969917740278,0.0,4500.02,265.81,0.0842428241813272,21.0,2214.34,0.0,0.0,0,1864.93,2531.12,2,1,0,1,0,0,3
c0320029-d2ec-4a8a-af21-9f94d1480a81,378,12,139528.62,5784.8875,1,13593.2,1,0.0,85408.29,7117.357499999999,11627.385,0.3878797769231861,37774.55857142857,3515.75,65526.13,0,0.0761283243113753,0.0246402310595376,0.0022781160938826,0.0,0.0105918289664855,0.0205716564516161,0.0,0.0189090543786791,0.0149946802587898,0.0124738476791889,0.0020510889516696,0.1424748112858833,0.4158646660646173,0.1538749926968447,0.0129992065173064,0.0,35518.29,0.0,0.2545591721612383,6.0,384.14,70.51,1.0,1,194.57,2104.48,3,1,0,1,1,1,0
c059ec37-920a-4915-9272-229c3af8dafd,387,12,137265.13,6222.274666666666,1,13839.89,1,0.0,91429.14,7619.095,11438.760833333334,0.3339230436746754,41622.312945736434,3298.7,71599.78,0,0.0948152853674441,0.0198336110347313,0.0382729182402896,0.0,0.0071091120402095,0.0069475661698228,0.0,0.0397437840933426,0.0179808100568374,0.0779056873990064,0.0447085032189956,0.0855243743952967,0.3492256407530466,0.183301625718015,0.0,0.0,31929.4,0.0,0.2326111518635505,30.0,4722.87,0.0,0.0,0,3499.26,1813.37,2,1,0,1,1,1,0
c0a7569b-f5e4-4dd0-80ae-f827369776d0,532,12,108339.99,5094.804666666666,1,0.0,0,0.0,151508.88,12625.74,9028.3325,-0.3984575778528318,-1909.9358646616545,-13014.88,-8424.78,1,0.1128131235608104,0.0274069744294855,0.0177533488466154,0.0165684678020192,0.0039740244928218,0.0068361669626229,0.0014824873631169,0.0199341451141345,0.1123033844616896,0.0665558348791173,0.0369415970865866,0.0505263453864882,0.1951510036903447,0.2167762708034011,0.0034391383528146,0.0068199962932865,29567.11,1145.68,0.2729103999363486,30.0,13978.48,0.0,0.0,0,5200.06,4152.400000000001,2,1,1,1,1,1,2
c12094ed-1140-4793-8540-21c77cd00e4e,498,12,147478.22,5767.748125,1,13987.22,1,0.0,121624.27,10135.355833333331,12289.851666666667,0.1753069029447195,29914.66359437751,4451.36,50763.01,0,0.11769419047695,0.0533368052281012,0.0140347810515121,0.0,0.0052871026481803,0.0408429172894521,0.0044520719425489,0.0217552796000337,0.0684152924412208,0.0281752153579215,0.0,0.0823250162159246,0.3422722290542833,0.1672855261536205,0.0,0.0006609700514543,41628.61,0.0,0.2822695446147912,44.0,7654.08,0.0,0.0,0,1706.97,6487.05,2,1,1,1,1,1,0
c1d916a4-b437-48e8-bc38-349389028110,401,12,148355.85,6237.16375,1,13706.54,1,0.0,114975.31,9581.275833333331,12362.9875,0.2250031933354836,30982.7863840399,4244.14,47832.49,0,0.0950431009927261,0.0240423791855834,0.0190562652103308,0.0,0.0063670191452408,0.0587723573000151,0.0,0.0202155575836238,0.0177007567972636,0.0031251057292213,0.0,0.0745650522707875,0.4360544015928289,0.1511807187125653,0.0055031815091431,0.0071964146041441,50135.49,0.0,0.337940768766449,19.0,4959.89,0.0,0.0,0,2191.0,2764.28,2,1,1,1,1,1,0
c206ce15-d1dc-4d16-91b6-c1a69c214be7,556,12,88111.05,0.0,0,0.0,0,0.0,77390.62,6449.218333333333,7342.587500000001,0.1216695295311996,19764.025413669067,1141.18,32728.21,0,0.2932058174491947,0.024427120495998,0.0770636027983753,0.0,0.018330774453028,0.0549442555183044,0.0078809292392282,0.0,0.0503632093915257,0.0867112836155079,0.0153849394151384,0.0115609617806395,0.0151411114163447,0.1609279005646937,0.0048580822843905,0.0,1171.78,1654.22,0.0132988995137386,29.0,2507.18,0.0,0.0,0,5964.0,1890.43,4,1,0,1,0,0,1
c21169a2-5c71-4879-b100-9a75cdac2475,454,12,151940.21,6488.815333333333,1,13422.89,1,0.0,124726.85,10393.904166666667,12661.684166666666,0.1791057153336828,28961.32762114537,3057.23,53409.96,0,0.0404669884631897,0.020063763335641,0.0265237998073389,0.010752215741839,0.0083682062041974,0.0559180320837093,0.0,0.0,0.0008201121089805,0.0737133985184425,0.0091247393804942,0.0906392649217069,0.3787071508660725,0.2023212323569463,0.0074111548555904,0.0,47234.95,0.0,0.3108785357082236,24.0,1846.68,0.0,0.0,0,4649.32,2502.49,3,1,0,1,1,1,0
c2285870-65c2-4961-9d6d-b0f8f3a2248b,392,12,130083.27,5748.226666666667,1,13151.18,1,0.0,103472.33,8622.694166666666,10840.2725,0.2045685044664083,28339.03607142857,3502.15,47410.31,0,0.0514272752918582,0.0374624790994848,0.0469035538293184,0.0,0.0048612996344046,0.0529848897768127,0.0,0.0,0.0,0.0074232405900205,0.0,0.1392006925909564,0.4586489934072229,0.1556546566603844,0.0,0.0,47457.48,0.0,0.3648238547508837,12.0,1023.97,0.0,0.0,0,4853.22,3876.33,2,1,0,0,1,1,0
c234872d-4fe8-4645-b1ee-a1189ee8abf9,348,12,55217.18,0.0,0,0.0,0,32238.0,59472.63,4956.0525,4601.431666666666,-0.0770674996441324,8722.91606321839,809.09,15921.48,0,0.2884501660679879,0.0369583453766884,0.0575587459306911,0.007807625121001,0.006015035824042,0.0519242212762408,0.0035249828366426,0.0,0.0,0.1486332452423913,0.0073258909182257,0.0,0.007164472127767,0.2731954177913436,0.0,0.0,426.09,562.14,0.007716620080924,25.0,1075.22,312.52,2.0,1,3887.51,2198.01,1,0,0,0,0,0,3
c2461b5b-78e3-48f3-b54f-4b32afd6797a,439,12,142058.06,5932.26,1,14606.91,1,0.0,96901.57,8075.130833333333,11838.171666666669,0.3178734807444224,38148.69938496583,3299.66,65852.52,0,0.0670216179159945,0.0254732714856941,0.0104420392775885,0.0,0.0072192844759893,0.0631112581560855,0.0047256200286538,0.0321851338425166,0.0,0.0344180182013562,0.0,0.0805754746801315,0.4055701058300706,0.1925354769793719,0.0114130245774139,0.0012679877116542,39300.38,0.0,0.2766501246039823,33.0,3425.59,0.0,0.0,0,1011.85,2468.4,2,1,1,0,1,1,0
c28e2822-5ff7-48cb-8514-047fb5ee5801,421,12,100533.48,5036.289333333333,1,0.0,0,0.0,97065.65,8088.804166666666,8377.789999999999,0.0344942799155067,11502.051686460807,1804.97,19394.21,0,0.0816116721002744,0.0333296073327691,0.0,0.0,0.0065524724761025,0.0500028588898338,0.0037993873218795,0.018915033279023,0.017519276901767,0.0186192540821598,0.0093199808583159,0.134872326100943,0.4356976953227017,0.1427233011884225,0.0148882740701782,0.0,42291.28,208.88,0.4206686170616993,26.0,2596.91,0.0,0.0,0,0.0,3235.16,2,1,0,1,1,1,5
c2cf4d8f-d7a5-4fc4-a26a-237ac126c6eb,388,12,136934.44,5895.652,1,14610.65,1,0.0,87818.31,7318.1925,11411.203333333331,0.3586835422849065,36724.54487113402,3280.01,67647.82,0,0.169569535100368,0.0275438003760263,0.0123186155597847,0.0,0.0074251030337523,0.0076531875869622,0.0,0.0300530720757436,0.0581361677308525,0.030801435372646,0.0448628537716109,0.0967859663890138,0.2703324625582068,0.1790298629067218,0.013894141210415,0.0074159933162002,23740.14,0.0,0.1733686572932273,27.0,4611.87,0.0,0.0,0,1081.8,2418.85,2,1,1,1,1,1,0
c2e31e04-bba5-479d-bbf8-cd4882f40a5e,481,12,107265.22,5180.427333333334,1,0.0,0,0.0,103981.77,8665.147500000001,8938.768333333333,0.0306105744247762,8901.024054054054,-842.47,21110.96,1,0.1463687336732198,0.0339967284649991,0.0100797476326859,0.0193004023686074,0.0086878690370437,0.0070898004525216,0.0,0.025671807663978,0.023216473426063,0.0412367475568073,0.0,0.137440726388866,0.2675403582762631,0.1431339358812607,0.0245697875694941,0.0,27819.32,333.73,0.2593507942276163,22.0,5781.32,78.2,2.0,1,3055.0,3535.04,3,1,0,1,1,1,2
c2f02d79-6c6a-421f-9d56-d754c6f379af,564,12,78096.59,0.0,0,0.0,0,0.0,99001.78,8250.148333333333,6508.049166666667,-0.267683774669291,11865.464574468084,34.36,10190.4,0,0.3045210904288791,0.0173113049078511,0.0876329698314515,0.0,0.0166475794677631,0.0291282641584828,0.0072093653265628,0.0,0.0016430007622085,0.0054933355743704,0.1504627492556194,0.0102459773955579,0.0,0.2763907881252236,0.0189746083353248,0.0,0.0,1081.64,0.0,29.0,3026.0,0.0,0.0,0,8675.82,1713.85,5,1,0,1,0,0,1
c30315f3-70f5-4db6-b76f-08a86339d09b,388,12,99595.86,4981.298,1,0.0,0,0.0,101195.2,8432.933333333332,8299.655,-0.0160582980055596,12673.17,1131.81,20860.81,0,0.0524434953436526,0.0350718215883757,0.0141857518933704,0.0179737774123673,0.0119801136812813,0.0327848554081616,0.0,0.0,0.007317540752921,0.0031498529574525,0.0901525961705693,0.1184717259316647,0.3656111159422581,0.1641772534665675,0.0,0.0,36998.09,602.45,0.3714822081962041,14.0,1910.06,0.0,0.0,0,3254.39,3549.1,4,1,0,1,1,1,5
c370b571-d8c5-4999-b57d-b47bbad637d8,420,12,107097.88,4823.703333333334,1,0.0,0,0.0,109109.45,9092.454166666666,8924.823333333334,-0.0187825379923486,13860.503404761905,864.51,18099.02,0,0.1937822067657751,0.0375067420832934,0.0312594371981528,0.0,0.0059446729866203,0.0472904959194643,0.0,0.0,0.0005447740777723,0.0025660472122258,0.0279648554731052,0.087640621412719,0.3195143958658026,0.1455249751510982,0.0065086021421609,0.0030754439693353,34862.04,273.23,0.3255156871452544,12.0,2546.22,0.0,0.0,0,3410.7,4092.34,2,1,1,1,1,1,5
c38dadbe-90bc-4dac-be15-c7ef6cf71218,507,12,100789.55,0.0,0,0.0,0,0.0,85194.8,7099.566666666667,8399.129166666668,0.1547258619569191,18356.801794871797,1769.29,34249.52,0,0.2784551404545817,0.0212858061759637,0.0730796950048594,0.0,0.0185890453407954,0.07875973650974,0.0,0.0,0.0105646119246714,0.0067262321174531,0.0459702939616032,0.0050012442073929,0.0,0.1566592092475127,0.0078902702981872,0.0,0.0,1078.77,0.0,33.0,2770.2000000000003,76.86,2.0,1,6226.01,1813.44,5,1,0,1,0,0,1
c393db48-1dd6-44d1-88ba-90c1fffee62e,451,12,99234.36,4836.594,1,0.0,0,0.0,103992.73,8666.060833333333,8269.53,-0.0479508307404813,15323.051751662972,989.73,22860.8,0,0.0751960257221826,0.0328364300081361,0.0034467794046756,0.0219240325742001,0.0068230731128993,0.1134135049632796,0.0046829235082106,0.0180644358504676,0.0018777274142144,0.0347695459096034,0.012139502444065,0.0614106389937065,0.2965516916422907,0.2461119157079538,0.0080022901600909,0.0127652192610002,30839.22,523.71,0.3107715916140336,15.0,2498.01,34.51,1.0,1,2638.38,3414.75,2,1,1,1,1,1,5
c39ba0fa-592a-4ae2-a2cf-421bb7db2f55,485,12,104884.95,4998.341428571429,1,0.0,0,0.0,113497.07,9458.089166666668,8740.4125,-0.0821101597512321,8506.645670103093,1098.54,12038.75,0,0.1440379914653303,0.0247255722108068,0.0139749863146246,0.0,0.0107076772995109,0.045868320653564,0.0,0.0241667912660652,0.0083634758148382,0.0270184948386773,0.0022351237789662,0.1357613020318498,0.3282342883388972,0.1400498708909402,0.010649261694597,0.0,37253.63,584.91,0.355185658190236,10.0,816.7,356.53000000000003,2.0,1,1586.12,2806.28,4,1,0,1,1,1,5
c3d93cdb-4b7a-4917-a9ea-0ce944033718,371,12,53074.2,0.0,0,0.0,0,30473.28,46196.37,3849.6975,4422.849999999999,0.1295889528245361,14022.210808625336,-1380.45,23770.24,1,0.1394330333747002,0.0378018878972525,0.0171151975793769,0.0070644078744715,0.0070823746541124,0.153194071309066,0.0035297145641529,0.0,0.0,0.1035176573397433,0.0218034447295317,0.0034229962224304,0.0474431216132349,0.317326231476629,0.0160391390059435,0.0,2191.7,617.38,0.0412950171646487,29.0,2061.69,0.0,0.0,0,1117.01,1746.31,1,1,0,0,0,0,3
c4114f35-13a1-4959-b51f-6e0ebe13c712,452,12,139826.66,5929.630666666666,1,13587.04,1,0.0,128486.81,10707.234166666669,11652.221666666666,0.0810993411413818,35764.61241150443,4028.83,51039.76,0,0.0543894739078665,0.0294105675127275,0.0084314491113912,0.0,0.006866230082294,0.0402723828227971,0.003958927768539,0.0283822129290936,0.002757870632791,0.0500465378508502,0.112813058398757,0.106082172948336,0.1788322863646471,0.3045752322748148,0.0054475630611422,0.0,22977.59,0.0,0.1643291057656672,49.0,17614.25,351.92,2.0,1,1083.33,3778.87,3,1,0,1,1,1,0
c41d926e-45e4-4852-8d25-5c5962142896,480,12,101582.11,4516.160666666667,1,0.0,0,0.0,110962.52,9246.876666666669,8465.175833333333,-0.0923431301043067,7430.0853541666675,288.19,14659.4,0,0.0936373831452277,0.02985818995459,0.060829999174496,0.0162625181908269,0.0120058556709058,0.0252330246284961,0.0,0.0220030150721162,0.000463760195785,0.0331211836212804,0.0237268403781745,0.0554565631710599,0.3551598323469943,0.2107607145187402,0.0009086852028955,0.0,39409.43,92.49,0.3879564029532365,33.0,5813.51,0.0,0.0,0,8554.38,3313.14,4,1,0,1,1,1,5
c483ec34-c10f-4d81-8ffd-ea1dd3f41db1,518,12,119862.81,5358.497142857143,1,13992.46,1,0.0,138465.33,11538.777499999998,9988.5675,-0.1551984306057899,11659.924633204631,2402.54,20227.64,0,0.0689803721985857,0.0288051889956857,0.0194999715813337,0.0078217413702043,0.0051401314682888,0.0427113415322088,0.0,0.0285202079105289,0.110621770807176,0.08938562454587,0.0115493170745341,0.082215526442612,0.1963599841202126,0.2668964137087602,0.0076099916130629,0.0020463606304914,27189.05,0.0,0.2268347454894475,36.0,6666.39,0.0,0.0,0,3783.11,3988.52,2,1,1,1,1,1,0
c4dd2f00-281a-4b13-8fff-652ed50e5e82,317,12,53891.2,0.0,0,0.0,0,33185.28,45396.75,3783.0625,4490.933333333333,0.1576222091918531,15706.202208201892,2372.27,24478.77,0,0.1280776707583692,0.0330446562804606,0.086687703414892,0.0,0.0164205587404384,0.0986526568531888,0.0,0.0,0.0,0.0618372460583632,0.0,0.015038741760148,0.0,0.2474267431038565,0.0735107689427106,0.0,0.0,984.94,0.0,14.0,429.07,43.290000000000006,2.0,1,3935.34,1500.12,2,1,0,0,0,0,3
c4f85983-dce2-49f1-a9c9-c8117a3c7b22,463,12,142753.23,6005.279333333334,1,14652.61,1,0.0,119295.67,9941.305833333334,11896.1025,0.1643224465043629,33245.66228941685,4091.27,69171.24,0,0.061668960826491,0.028609504435492,0.0255170200226043,0.0,0.004670328772201,0.0885726196097477,0.0,0.0302976629411612,0.0014323235705034,0.109326013257648,0.0,0.0525465006399645,0.1898182892975076,0.2873102602969579,0.0022911979957026,0.0,22644.5,0.0,0.1586268836088682,48.0,3277.12,0.0,0.0,0,3044.07,3412.99,2,1,0,1,1,1,0
c50040e5-5617-4e4b-a5e1-8fe42a130c4e,487,12,129397.7,5473.064285714286,1,13431.07,1,0.0,119324.21,9943.684166666668,10783.141666666666,0.0778490653234175,23840.640061601644,2923.81,38405.75,0,0.0970616943535599,0.0234918798121521,0.0545694792364432,0.0,0.0069294403876631,0.0245951764524567,0.0035982639231384,0.0245629952211709,0.0746917997613392,0.0674232831711184,0.0,0.1183380975243833,0.1867208674584981,0.218762562936725,0.0,0.0194173504270424,22280.32,0.0,0.1721848224504763,9.0,657.54,0.0,0.0,0,6511.46,2803.15,3,1,1,1,1,1,0
c5108c84-290c-46cd-82ff-c23a5d92fa91,424,12,140567.45,6405.332857142857,1,12780.19,1,0.0,86292.68,7191.056666666666,11713.954166666668,0.3861119341639904,36774.0529481132,3125.18,70943.93,0,0.0903370946411677,0.0300339495771831,0.0058956333260248,0.0,0.0117109585656628,0.0113668969372604,0.0,0.0223447689885167,0.0200869876796038,0.0286732316113023,0.033414537594614,0.1103770331388479,0.3558549809786879,0.2101255865503308,0.0072295819297766,0.007071167566009,30707.68,0.0,0.2184551259911167,32.0,2021.2,0.0,0.0,0,508.75,2591.71,3,1,1,1,1,1,0
c5709fbe-fcf8-4ec8-b326-4bbf879366e9,345,12,54664.16,0.0,0,0.0,0,31122.48,40003.19,3333.599166666667,4555.346666666666,0.2682007735964477,13758.67536231884,-1766.98,27353.0,1,0.2018411531680349,0.0874585251826167,0.0145050932188158,0.006326995422115,0.0082820895033621,0.0235346231138066,0.0,0.0,0.0216225256035831,0.0195186933842026,0.146266335259763,0.0063177461597437,0.0,0.2414509942832059,0.022642944225198,0.0,0.0,451.98,0.0,44.0,4995.33,0.0,0.0,0,833.35,3498.62,1,1,0,1,0,0,3
c5f1fac5-0c17-4ef7-b297-d90193d8dc52,457,12,103865.87,4603.333333333333,1,0.0,0,0.0,105106.6,8758.883333333333,8655.489166666668,-0.011945502406132,12020.825601750546,1670.33,22542.22,0,0.1776023579870341,0.0193227637465202,0.0121728797240135,0.0201094888427558,0.0121024750110839,0.0529048603988712,0.0,0.0230838976810209,0.029511752829984,0.0200499302612775,0.0236976555230594,0.1258792502088355,0.263791807555377,0.1349586990731314,0.0054786283639657,0.0,27726.26,944.47,0.2669429332272477,20.0,6103.03,0.0,0.0,0,3393.09,2030.95,4,1,0,1,1,1,5
c5f47c02-ce97-4c2a-b4c2-7a11228bd3f3,454,12,71261.95,0.0,0,0.0,0,0.0,61451.57,5120.964166666667,5938.495833333333,0.1376664545385019,14062.867202643172,266.77,26253.4,0,0.4505050074391916,0.0259085325240673,0.0612075492945094,0.0392334972076384,0.0181222383740561,0.0343260554612355,0.0,0.0,0.0167331770368112,0.0179557658168863,0.0401592668828477,0.0045688010900291,0.002238348019424,0.2081014366272497,0.004011614349316,0.0,137.55,449.78,0.0019302025835666,30.0,2937.68,0.0,0.0,0,6172.26,1592.12,3,1,0,1,0,0,1
c631cfc2-eb0f-4300-8760-e20328abbb0a,405,12,152180.5,6458.182000000001,1,13779.16,1,0.0,100985.61,8415.4675,12681.708333333334,0.3364090011532358,40274.30345679013,4276.86,67867.66,0,0.0572384520923327,0.0390995311114128,0.0305384103735175,0.0075351329758764,0.0070985361181657,0.0361759462561051,0.0,0.0308793500380895,0.0939258573573006,0.0026334445075887,0.0,0.1020813757524463,0.3513504547826169,0.1774244865184257,0.012410976177695,0.0,35481.34,0.0,0.2331529992344616,29.0,1401.7,0.0,0.0,0,3844.88,3948.49,2,1,0,1,1,1,0
c63decca-642b-47cd-8f64-35ff686c5c93,670,12,51185.61,3623.201428571429,1,0.0,0,0.0,93002.47,7750.205833333333,4265.4675,-0.8169651587623944,1426.5674179104478,-6449.31,-605.38,1,0.168614769048607,0.028939016350856,0.0686936594264647,0.0744380229901421,0.0141376890312698,0.0886737739331009,0.018748211741043,0.0,0.0,0.0095611439137046,0.1240436947534834,0.0093827615546124,0.0030338979169047,0.3431201343362171,0.0,0.0,282.16,950.43,0.0055124868102578,56.0,5111.94,0.0,0.0,0,13311.6,2691.4,4,1,0,0,0,0,4
c6a72b60-21b2-4438-af0b-f9f28a810408,425,12,104123.73,4591.509999999999,1,0.0,0,0.0,92051.8,7670.983333333334,8676.977499999999,0.1159383168466976,17308.519011764707,1434.68,27346.23,0,0.0636124442976672,0.0260697781031984,0.0036253500746318,0.0168473620287707,0.0086390488833461,0.0306475267186518,0.0,0.03193962529793,0.0780596359875635,0.001972259097595,0.0215288565785785,0.1450767937183195,0.3687177219782774,0.1226665855529169,0.0062880899667361,0.0,33941.13,747.69,0.3259692099005673,22.0,3586.2200000000003,0.0,0.0,0,1884.55,2399.77,2,1,0,1,1,1,5
c6da59fa-c30d-4ecf-98fb-1638fc93f7bf,499,12,79264.69,0.0,0,0.0,0,0.0,70001.97,5833.4975,6605.390833333334,0.1168580864947557,17761.47018036072,-698.76,29789.86,1,0.3537599013284911,0.0354237173610971,0.0794301931788491,0.0358381342696498,0.0139761780989877,0.0599961686792528,0.0,0.0,0.0,0.0322725203304992,0.0,0.0009806866863889,0.0422730960285831,0.2351779528490412,0.0064462471556157,0.0,2959.2,1039.44,0.0373331429164739,32.0,2239.63,0.0,0.0,0,8069.01,2479.73,3,1,0,0,0,0,1
c7c62e5f-4f3d-46f7-bd30-2ca96a80a224,396,12,144483.01,5499.609375,1,14650.23,1,0.0,147535.54,12294.628333333334,12040.250833333334,-0.0211272591843151,27848.67,3958.81,30533.59,0,0.0439393111652961,0.0238596069801215,0.0230324842407463,0.0,0.0043921620512589,0.0134753294019868,0.0022370880941636,0.0,0.0,0.1312493247389747,0.0,0.071568382777465,0.320616510435384,0.2215580733970947,0.0003917022298491,0.0,47302.33,0.0,0.3273902585501229,13.0,797.7,0.0,0.0,0,3398.11,3520.14,2,1,0,0,1,1,0
c81068fe-9b1b-488e-862f-7b7d3df856ea,739,12,57845.66,4100.070000000001,1,0.0,0,0.0,93644.34,7803.695,4820.471666666667,-0.6188654429735955,2301.6194993234103,-3726.94,52.43,1,0.2451652710671034,0.0162479654403031,0.0773330240781236,0.0931564043272663,0.0178737978184266,0.1348097493131992,0.0188279398413187,0.0,0.0,0.0043351258602495,0.0242157721438369,0.0,0.0,0.3223256205340333,0.0022197817828605,0.0,0.0,660.72,0.0,39.0,5380.740000000001,0.0,0.0,0,15965.37,1521.53,5,0,0,0,0,0,4
c86e1738-6cec-4125-9e36-95a08bd5504d,435,12,51582.01,0.0,0,0.0,0,28723.08,65617.26,5468.105,4298.5008333333335,-0.2720958334116873,6522.559655172414,697.04,6839.11,0,0.0857733163499969,0.0338106162921158,0.0826619398615547,0.0,0.0094222160449857,0.140113744462966,0.0021837242213405,0.0168640080369098,0.0203149293341416,0.0049832925056608,0.0,0.0164040680759909,0.0022321870800457,0.2669501896299845,0.0173707344683395,0.0,146.47,974.18,0.0028395558839215,34.0,2250.89,0.0,0.0,0,5424.05,2218.56,2,1,0,1,0,0,3
c89d3bf0-ccac-42cd-8a35-4af1916eb51d,426,12,131126.66,5288.392000000001,1,13315.91,1,0.0,91223.02,7601.918333333334,10927.221666666666,0.304313707067655,30113.4029342723,2656.27,62375.51,0,0.0650359963965236,0.0309137978549712,0.0197795468731467,0.0,0.0110483077626678,0.050258914909855,0.005654274546052,0.0268568175006703,0.020691158876345,0.0425265464791672,0.0,0.0701198009011322,0.3303734079402327,0.2081858285331926,0.0283645509653155,0.0,30137.66,0.0,0.2298362514533657,9.0,581.1899999999999,0.0,0.0,0,1804.35,2820.05,3,1,0,1,1,1,0
c8f5f41a-2079-4468-9d0c-fe3c3af9638b,703,12,55624.34,3938.118571428572,1,0.0,0,0.0,77130.8,6427.566666666667,4635.361666666667,-0.3866375762840511,8044.843798008535,1279.16,15010.86,0,0.1367024586805789,0.0080952096957376,0.0771256100027485,0.116369465894299,0.0204579752835443,0.171300440291038,0.0223089868120128,0.0,0.0,0.0266173824205116,0.0,0.0,0.0,0.3733575951500568,0.0047878409143947,0.0017010066017725,0.0,139.35,0.0,45.0,2120.86,12.39,1.0,1,14924.43,624.39,5,0,1,0,0,0,4
c98375c0-8c35-411e-a933-59ed794b444c,382,12,141101.1,6248.556,1,14247.97,1,0.0,125884.34,10490.361666666666,11758.425,0.1078429579925316,29488.72264397906,4653.93,51309.47,0,0.0916902769637589,0.0233013891958284,0.0,0.0,0.0086062333090835,0.0372804115269619,0.0,0.0,0.0014298839712707,0.0580970595707138,0.0488186219191362,0.0870587239048161,0.3729416224448568,0.2080016465908309,0.0294742777378028,0.0083189060688565,46947.51,0.0,0.3327224947218696,35.0,8591.73,37.74,1.0,1,0.0,2933.28,3,1,1,1,1,1,0
c991dc59-5885-4468-82be-20177d820a5f,315,12,52842.65,0.0,0,0.0,0,31034.52,40378.44,3364.8700000000003,4403.554166666667,0.2358740524935823,18232.579936507937,458.55,30081.74,0,0.1742858317458525,0.0774438041687593,0.0114645340434152,0.0,0.0067907526888111,0.0668715780005369,0.0016825811002109,0.0,0.0199586710135408,0.2012512122806131,0.0469468359847482,0.0027455245918366,0.0,0.2949705337799083,0.0237126545750653,0.0,0.0,1036.2,0.0,36.0,2666.24,0.0,0.0,0,462.92,3127.06,1,1,0,1,0,0,3
ca616d65-43c4-4f9b-a2bf-0c4c208bf16a,427,12,138998.96000000002,6083.677333333334,1,14052.32,1,0.0,104417.43,8701.452500000001,11583.246666666668,0.2487898470607262,28992.47306791569,2856.61,52848.59,0,0.1489427579284416,0.0377075934544644,0.041417031620104,0.0,0.0071176814062556,0.0459839894546341,0.0033056741580404,0.0,0.0016716557762434,0.0030492993363272,0.0132635901879599,0.1479363167624409,0.3590308629507545,0.1463321784495174,0.0083067549163008,0.0,37489.08,0.0,0.2697076294671557,35.0,5117.360000000001,0.0,0.0,0,4324.66,3937.33,2,1,0,1,1,1,0
caad36b4-e99e-4261-9db1-200e63e9c35c,341,12,59678.0,0.0,0,0.0,0,34002.72,56931.84,4744.320000000001,4973.166666666667,0.0460162874090954,11836.548328445748,-1310.45,21522.57,1,0.1994246102005486,0.0407369584401277,0.0583736622599937,0.0,0.0049678703516345,0.055212513770853,0.0,0.0094416410922253,0.1358183750955528,0.0105865188969827,0.1296364213768604,0.0,0.0107013931044561,0.2721726541773461,0.0162734947614551,0.0,609.25,441.1,0.0102089547236837,46.0,11209.18,33.95,1.0,1,3323.32,2319.23,1,0,0,1,0,0,3
cb2d0792-a5f6-44e6-8781-38bd9c5cbc5b,355,12,108956.91,4943.567333333334,1,0.0,0,0.0,102600.98,8550.081666666667,9079.7425,0.058334345201236,10843.519492957746,778.52,24054.18,0,0.0810890890126,0.0359479997169617,0.0089527409972107,0.0,0.0123205450864114,0.036948282560264,0.0,0.0241419721332096,0.0091467937245823,0.0299099482285646,0.0126344797096479,0.071001076208044,0.4779237976089507,0.1064609714254191,0.0,0.0,49035.45,1041.06,0.4500444258193445,15.0,1478.69,0.0,0.0,0,918.56,3688.3,4,1,0,1,1,1,5
cb3e6ba9-336c-4e71-9390-16f1d4c29db2,735,12,51707.2,3674.2542857142857,1,0.0,0,0.0,92316.38,7693.031666666667,4308.933333333333,-0.7853679951728194,-752.7074149659863,-10567.3,-3533.36,1,0.0639089184389595,0.0473480437599481,0.0750515780623113,0.1038584918516085,0.0236575567629493,0.0930791480341841,0.01479618243263,0.0,0.1798991684899256,0.0039351629689119,0.0235264857655813,0.0063431863337795,0.0337595559964548,0.2633767701896456,0.0162926665885295,0.0,3116.56,1866.95,0.060273230807315,33.0,2945.28,0.0,0.0,0,16516.329999999998,4371.0,6,1,0,1,0,0,4
cb423cf9-28dd-4d4e-83ab-b302b97ebcd5,398,12,148579.76,6122.09625,1,12891.41,1,0.0,127856.59,10654.715833333334,12381.646666666667,0.1394750536681444,25001.729396984927,3260.91,45218.31,0,0.2134609565294991,0.0517680003823033,0.0009613114193018,0.0134555442155934,0.0082434546392954,0.0076585806019071,0.0,0.0,0.0,0.046451809797211,0.0443673650298353,0.1192370295500607,0.3259882810889919,0.146970367346728,0.0014031345588052,0.0,41679.75,0.0,0.2805210480889187,29.0,6054.610000000001,0.0,0.0,0,1843.29,6618.88,3,1,0,0,1,1,0
cb4743a8-7ebc-4d33-9135-7d34c195f779,694,12,60376.74,4284.428571428572,1,0.0,0,0.0,80984.19,6748.6825,5031.395,-0.3413143869642515,8567.657708933717,938.6,15410.26,0,0.0681067502187772,0.0188010770991226,0.0941224453810058,0.1073634248857709,0.0229984395719707,0.1457631421639211,0.0180259875415189,0.0,0.0,0.0259422240316288,0.0221339498487297,0.0097009058187777,0.0037412240586712,0.3501042610909611,0.0047141300048811,0.0,302.98,900.1700000000001,0.0050181576547524,60.0,4242.2,0.0,0.0,0,16317.17,1522.59,6,1,0,0,0,0,4
cb483f1c-0090-42e4-be59-0040135bacb5,308,12,59019.87,0.0,0,0.0,0,33953.88,39103.66,3258.638333333334,4918.322499999999,0.3374492353168516,19038.9487012987,39.13,33139.4,0,0.1590840857351971,0.0409971854297014,0.0,0.0088927737199024,0.007606704845531,0.0782775832236675,0.0036623170311934,0.0,0.0,0.055588402722405,0.119870365075801,0.0191084415116129,0.0,0.2629439290337528,0.0156893242218247,0.0,0.0,429.31000000000006,0.0,34.0,4734.11,0.0,0.0,0,347.74,1603.14,1,1,0,0,0,0,3
cbd01ae6-31bd-4bff-b4c4-fdf012eaec53,685,12,59634.77,4231.37,1,0.0,0,0.0,73577.74,6131.4783333333335,4969.564166666666,-0.2338060497256887,7048.769372262773,231.47,17621.71,0,0.0912570840039392,0.0534763639111503,0.0453427898165939,0.1431422057812593,0.0254169263693068,0.1230971486756728,0.0181889250743499,0.0,0.0106394950429301,0.0088772772852224,0.0218990145660902,0.0087231545845251,0.0511342153211011,0.2993098184314984,0.0154750607996385,0.0,3762.34,867.14,0.0630897042111506,21.0,1975.08,0.0,0.0,0,13868.3,3934.67,6,1,0,1,0,0,4
cc62f6b8-5e45-430f-ae7f-36f2a4c20919,487,12,95677.83,4710.537333333333,1,0.0,0,0.0,141824.31,11818.6925,7973.1525,-0.482311105927047,-8735.517782340863,-22502.31,-19631.71,1,0.0527651430139163,0.0254432403020328,0.0066377195841813,0.0,0.0066417386412808,0.0763532006607329,0.0036583996072323,0.0175137816640884,0.1052693293554539,0.0266826611037275,0.0,0.1089976746581739,0.3334621546898412,0.1608217942325966,0.0,0.0,47293.04,2041.54,0.4942946553031146,6.0,888.8,0.0,0.0,0,941.39,3608.47,3,1,0,1,1,1,2
cceb83d2-1e0d-4a6e-8d71-fd05751bdec7,450,12,145137.92,6177.53625,1,14212.99,1,0.0,125081.3,10423.441666666668,12094.826666666668,0.138190074654508,27232.38448888889,4872.22,40435.73,0,0.1366360119378356,0.0404551279847587,0.0151657362051721,0.0,0.0088816633661466,0.0,0.0,0.0228171597193185,0.1397456694166114,0.0067689574700614,0.0109715041337114,0.1190544070136783,0.3090967234910414,0.1038043256665864,0.0136196217979825,0.0,38662.22,0.0,0.2663826241963506,12.0,2074.6,12.65,1.0,1,1896.95,5060.18,3,1,0,1,1,1,0
cd00c333-3f34-4b04-900c-a2d9cff6b546,338,12,140272.18,5709.948125,1,13764.42,1,0.0,101966.0,8497.166666666666,11689.348333333332,0.273084655845514,37430.01017751479,4876.35,54098.03,0,0.1757319106368789,0.0263234803758115,0.0004480905399839,0.0,0.006896416452543,0.0057525057372065,0.0,0.0,0.0075538905125237,0.00334533079654,0.0493639056155973,0.058879724614087,0.4158995155247827,0.1422495733872074,0.0264955965714061,0.0158981425180942,42407.61,0.0,0.3023237394613814,25.0,1670.02,34.35,1.0,1,45.69,2684.1,2,1,1,1,1,1,0
cdf16791-e68e-4544-9f4c-1b6e70b14432,440,12,134001.36000000002,6314.062857142858,1,13456.91,1,0.0,107759.09,8979.924166666666,11166.78,0.1958358482331822,25557.156886363635,3163.86,52542.23,0,0.1615899874432867,0.0374035267001605,0.0,0.0,0.0088761885424236,0.0,0.0040504239595935,0.0275523856038502,0.0138218502030779,0.0531737972174783,0.0473311346634423,0.0634077366466253,0.308038514430662,0.1937835592338428,0.0051317248503119,0.0,33193.95,0.0,0.2477135306686439,36.0,5100.36,0.0,0.0,0,0.0,4030.57,3,1,0,1,1,1,0
cdf800e7-7eca-410c-80a1-33aac6351262,626,12,59373.19,4219.307142857143,1,0.0,0,0.0,75078.58,6256.548333333333,4947.765833333334,-0.2645198952591228,10137.704712460063,1113.75,16323.1,0,0.1186440926293491,0.0173378345727902,0.0422755731395026,0.1129330096546844,0.0218985228543214,0.1327923357101319,0.0214607148936487,0.0,0.0101637510991816,0.0046641798499651,0.0437835931366842,0.013696716160588,0.0,0.3393127573803339,0.0256031747004272,0.0,0.0,716.47,0.0,52.0,5682.96,0.0,0.0,0,11652.84,1301.7,5,1,0,1,0,0,4
ce90dcdc-c393-485c-9f92-5a56f671bd0c,420,12,107061.86,5079.79,1,0.0,0,0.0,95365.28,7947.106666666667,8921.821666666667,0.1092506705936175,14080.126619047618,-928.55,22633.2,1,0.0695359988457015,0.0431570064073633,0.0188394560368301,0.0,0.0162703868745522,0.0460422283665501,0.0,0.0313283828244409,0.0536942795113693,0.0043543100801465,0.0,0.0932227116619382,0.4046426540141234,0.1270854549999748,0.0102137801094905,0.0007782706662215,38588.86,415.03,0.3604351727122992,11.0,1335.18,0.0,0.0,0,1796.63,4115.68,4,1,1,1,1,1,5
cef20c2c-e3e0-4096-b20b-f1d993b2aeb3,437,12,140071.08,5952.299333333333,1,13565.06,1,0.0,106501.91,8875.159166666666,11672.589999999998,0.2396581078692331,36321.82226544622,4852.25,60802.74,0,0.1109632681704957,0.0248696009301617,0.0217535065803045,0.0096410477521013,0.0051839445884116,0.0238199483934137,0.0036503570687136,0.023140899538797,0.0032333692419225,0.0005346382989751,0.0726655512563108,0.1286512138608594,0.3609860142414347,0.1827642339935499,0.0028516859462896,0.0,38445.7,0.0,0.2744727891010764,20.0,6726.31,0.0,0.0,0,3343.58,2648.66,2,1,0,1,1,1,0
cf030027-7bae-4033-a8f9-45281fe5004f,459,12,91257.01,4571.421428571428,1,0.0,0,0.0,115195.35,9599.6125,7604.750833333333,-0.2623178208446673,-136.80568627450978,-5123.44,421.66,1,0.113014370805766,0.0277337583504889,0.001395195205362,0.0,0.0118351131360771,0.0642314121186315,0.002650020161404,0.0200521114784581,0.0347461073732576,0.027096493044207,0.0023443654626684,0.1307953836678303,0.2909543657795215,0.1822035351253327,0.0422709770837104,0.0,33516.59,656.77,0.3672768809760477,23.0,6948.88,10.78,1.0,1,160.72,3194.8,4,1,0,1,1,1,2
cf1b0927-963c-42dc-bbb5-8de7bc6606e7,367,12,48995.0,0.0,0,0.0,0,29487.840000000004,59720.66,4976.721666666666,4082.9166666666665,-0.2189133585059699,4289.966267029972,-230.5,6800.13,1,0.2883675431584314,0.0398177113246906,0.0,0.0,0.0061186530758367,0.0730452409601635,0.0,0.0,0.0008077606643998,0.1362841602889185,0.0150190905458847,0.006669216314756,0.0,0.2063232388925374,0.036049668573656,0.0,0.0,553.16,0.0,42.0,3748.55,69.1,1.0,1,0.0,2377.94,1,1,0,1,0,0,3
cf71c7ad-4106-494a-aa92-b5e02756bb2b,414,12,97897.64,4438.887142857143,1,0.0,0,0.0,119338.88,9944.906666666668,8158.136666666666,-0.2190169242077746,8176.239371980677,1049.06,8571.48,0,0.1753354816133686,0.0208504554425179,0.0240820929440598,0.0154920173542771,0.0074585918688025,0.0011755598845908,0.0,0.0,0.0,0.1270890928421651,0.0378593296669115,0.106239223964562,0.1942713891734194,0.2376676402526988,0.0049766681235821,0.0,23184.13,90.6,0.2368201112917533,15.0,4518.09,32.36,1.0,1,4722.73,2488.27,3,1,0,0,1,1,5
cfbe5177-1fbd-4756-838e-5e6ff0180973,399,12,100319.58,4737.326666666666,1,0.0,0,0.0,111790.71,9315.8925,8359.965,-0.1143458734576042,1523.058947368421,-4477.61,3052.62,1,0.0705316210980322,0.0635828325985227,0.0138752137811809,0.0,0.0059116719090521,0.0141804269782345,0.0,0.0287803879231109,0.0461859487250774,0.0042894440870802,0.0144916335176688,0.0910305516442287,0.4440048730346198,0.1144680090143447,0.0119986714459546,0.0106558049412155,49635.62,456.79,0.494774998061196,22.0,2425.15,0.0,0.0,0,1551.12,7107.97,2,1,1,1,1,1,2
cfeeaa2d-6917-4e7c-9bb7-59f58b677db4,518,12,139034.11,5960.062857142858,1,14215.84,1,0.0,140043.32,11670.276666666668,11586.175833333333,-0.0072587223379933,24416.826158301155,4809.21,41908.74,0,0.0618893496669459,0.0262742271462858,0.0252457596692223,0.0142781533599746,0.0060802614505283,0.0639139374873432,0.0043627928843732,0.0130352522348084,0.0024572396598423,0.1060254784019687,0.0132968141572193,0.1173873198664527,0.2077800640544654,0.2744486491751266,0.0043190207144475,0.0,29098.21,0.0,0.2092882818468072,26.0,5547.49,0.0,0.0,0,5535.06,3679.53,3,1,0,1,1,1,0
d0263ce4-1741-42e4-be0f-a7050c0482bc,517,12,115481.93,5071.160625,1,0.0,0,0.0,127770.47,10647.539166666667,9623.494166666664,-0.1064109337279002,11690.55487427466,1099.43,20742.38,0,0.051929604704436,0.0305690352395197,0.0284413135523411,0.0,0.0061237154406648,0.0279367368688555,0.0036195374408499,0.0205114687298246,0.1417182702701179,0.0818189054168776,0.0072415793727611,0.0924658099794107,0.2210488855523502,0.2150494554805973,0.0026323766360098,0.0,28243.52,90.25,0.2445709038634875,38.0,5512.38,0.0,0.0,0,3633.96,3905.82,2,1,0,1,1,1,5
d0373df7-1e82-4d1e-9fee-0c6cb704fdcb,435,12,80397.56,0.0,0,0.0,0,0.0,58341.59,4861.799166666667,6699.796666666666,0.2743363107039566,19865.381609195403,286.39,34724.31,0,0.4020757747603382,0.0319293663405471,0.0653617770787529,0.0,0.0266429146000306,0.1077289803037593,0.0,0.0,0.013881863692779,0.025954726293884,0.0,0.0,0.0376844374656227,0.1607852991322313,0.0133198289590667,0.0,2198.57,1059.51,0.0273462279203498,24.0,1583.35,34.73,1.0,1,3813.31,1862.81,5,0,0,1,0,0,1
d079c542-5b38-4971-bbc7-08f7ee26f35f,375,12,51666.31,0.0,0,0.0,0,29676.0,60524.43,5043.7025,4305.525833333333,-0.1714486674198332,8144.21696,1108.07,8793.64,0,0.3085368998931506,0.0428501350611645,0.0108068758350966,0.0098786556106352,0.0058113723664972,0.05683804044086,0.0025295570730695,0.0,0.0118414993747153,0.1167371588629583,0.0224499429403961,0.0119289020978801,0.0,0.2566755275514367,0.0097892702170016,0.0,0.0,271.38,0.0,48.0,7464.58,11.67,1.0,1,1251.98,2593.48,1,1,0,1,0,0,3
d093aba9-e5de-4c8c-9a8d-223fa5b7bef4,504,12,78701.14,0.0,0,0.0,0,0.0,88763.6,7396.966666666667,6558.428333333333,-0.1278565977570338,7231.841607142857,-870.98,10730.14,1,0.3825992861938903,0.0190197333141062,0.0393147641600836,0.0,0.0175502120238476,0.0844034040980762,0.0,0.0,0.0079915641096125,0.0979490466812973,0.0,0.0007387037028691,0.0244823328481494,0.1873718506234537,0.007258155369994,0.0,2173.14,831.61,0.0276125606312691,68.0,12115.85,418.4500000000001,3.0,1,3489.72,1688.26,5,1,0,1,0,0,1
d134617b-53ad-4b9e-952a-f0fa4d34a3cd,319,12,51220.11,0.0,0,0.0,0,30391.800000000003,34728.04,2894.0033333333336,4268.3425,0.3219842753168628,13632.227398119125,248.79,22389.6,0,0.3270273819081065,0.0432333641633677,0.0,0.0,0.016436861970903,0.015510521181155,0.0,0.0,0.0,0.0534628501925245,0.0444804832060778,0.0224276981943121,0.0,0.2247975987127404,0.0308007592711825,0.0,0.0,73.96000000000001,0.0,49.0,6665.77,62.14,1.0,1,0.0,1501.41,2,1,0,0,0,0,3
d1597446-7f79-41c8-bf0c-af65f279736d,684,12,56580.89,4022.6928571428575,1,0.0,0,0.0,95424.61,7952.050833333334,4715.074166666666,-0.6865165959743652,3400.478961988304,-3849.03,1910.5,1,0.1287101933138631,0.0245834905691519,0.0267564101126533,0.0871986796697413,0.014005296956414,0.1287056871387789,0.0182709680448261,0.0,0.0092636480253888,0.003589116057168,0.0625603814361934,0.0239086122542182,0.0,0.3212560156127439,0.0074411621907598,0.0,0.0,405.79,0.0,62.0,7119.22,104.58,2.0,1,10874.12,2345.87,4,1,0,1,0,0,4
d1c3b5e7-57ac-4e01-bcf6-eed1a81adc63,421,12,107877.1,4867.042,1,0.0,0,0.0,122976.48,10248.04,8989.758333333333,-0.1399683528756335,1619.771163895487,-6948.95,919.75,1,0.0760319371639194,0.0561699277780596,0.0130570496081852,0.0,0.0078238537970838,0.0093271493866144,0.0,0.0226793773898878,0.1208834404757722,0.0038474836814324,0.0237221784198084,0.1295731508984482,0.3162248586071093,0.1030377516090882,0.0059557730063504,0.0,38888.22,848.6800000000001,0.3604863312046765,22.0,4877.14,0.0,0.0,0,1605.71,6907.58,3,1,0,1,1,1,2
d2001403-20b8-4bc8-b5f4-22d6a9a878b9,836,12,56570.66,4019.9071428571433,1,0.0,0,0.0,95829.16,7985.763333333333,4714.221666666667,-0.6939728120548708,-2132.214090909091,-11107.96,-5058.93,1,0.0935899886840289,0.0148729259444619,0.0750282064457207,0.0958541220647243,0.0206735611582111,0.0896317989221652,0.0183280329285991,0.0001178138261881,0.1466533777401367,0.0074226884593374,0.0132984573797787,0.0128962833442346,0.0048782646117319,0.2876602487176137,0.0026422020186757,0.0,467.48,1477.11,0.0082636476222833,65.0,6914.28,0.0,0.0,0,16375.51,1425.26,6,1,0,1,0,0,4
d2cba868-b41e-440d-83e1-162883c91b74,332,12,132018.46,5469.993333333333,1,14229.06,1,0.0,114148.46,9512.371666666668,11001.538333333332,0.1353598580077361,33115.564397590366,3539.75,58197.21,0,0.0849408743665924,0.0255773052041175,0.0,0.0,0.0055061627638252,0.010028431395395,0.0028501479564419,0.0,0.0,0.1735588898877829,0.0418510245341899,0.1139646562029833,0.238822056819689,0.2588942505225213,0.0044673401638532,0.0,27261.17,0.0,0.2064951371194604,19.0,6625.59,0.0,0.0,0,0.0,2919.61,2,1,0,0,1,1,0
d3242172-77f1-4d5a-968d-e7799b0c1e81,414,12,90097.33,4407.148571428572,1,0.0,0,0.0,99828.04,8319.003333333334,7508.110833333333,-0.1080022016190713,1839.063236714976,-6476.69,8183.79,1,0.1016847571083234,0.0194437354474754,0.0277727580347165,0.0,0.0085746449594723,0.0272116932276743,0.0044881177673126,0.0,0.0015559756557376,0.0794379014152737,0.0065459564266713,0.0804475375856322,0.3707744838023465,0.2198822094473657,0.006918096358498,0.0,37013.69,370.36,0.4108189443571746,23.0,6028.81,0.0,0.0,0,2772.5,1941.03,3,1,0,1,1,1,2
d342392a-9944-46dc-b46b-5bc2e4621883,405,12,136827.82,5681.353125,1,14487.7,1,0.0,105415.7,8784.641666666666,11402.318333333336,0.2295740734596225,36256.29469135802,3294.09,54368.86,0,0.2156207282216975,0.0284302053678911,0.0028287057810174,0.0,0.0060115333863931,0.0232928301951227,0.0058313894419901,0.0237910482024973,0.0,0.0417739482828459,0.0370768301116437,0.0591861553829268,0.2795149109667725,0.162063810229406,0.0055206197938257,0.0083694364311957,29465.26,0.0,0.2153455342634268,24.0,5654.67,0.0,0.0,0,298.19,2996.99,2,1,1,0,1,1,0
d35551d6-b5ee-454d-bd46-6f670347ca96,453,12,66466.88,0.0,0,0.0,0,0.0,109128.08,9094.006666666666,5538.906666666667,-0.6418414705188508,9102.098741721857,17.33,12992.06,0,0.2652610583820406,0.0113758988520644,0.0432830853433873,0.0281866958531663,0.0089477428724119,0.0,0.0,0.0,0.0016961720576408,0.2997697751119602,0.0682559429250473,0.0052563006698184,0.0,0.1947384211286407,0.006142048865883,0.0,0.0,2307.1,0.0,19.0,1949.23,0.0,0.0,0,7799.36,1241.43,3,1,0,1,0,0,1
d372926c-8b10-4506-8eba-2743fd75704a,468,12,95616.46,4236.282,1,0.0,0,0.0,105097.18,8758.098333333333,7968.038333333334,-0.0991536394465972,6188.230726495726,775.48,11130.41,0,0.0765298364808646,0.0148126714722507,0.0105739278637162,0.0185155301027106,0.0130388845828213,0.048684655477911,0.0042585348151111,0.0248022829917986,0.0861322825217574,0.0224402786069045,0.001738961977857,0.142598688185544,0.3213278415272417,0.138097806239901,0.0069136964474213,0.0,33770.65,477.77,0.3531886664701872,30.0,2395.23,0.0,0.0,0,3057.22,1556.77,4,1,0,1,1,1,5
d39e0ee0-7f24-4a6e-8ccb-b034ceddec1d,468,12,134542.63999999998,5738.7480000000005,1,13988.38,1,0.0,121733.65,10144.470833333333,11211.886666666664,0.0952039442662935,20152.360726495728,3921.46,36376.2,0,0.1416490017345245,0.0276796103624593,0.0085817684756844,0.0092388587707671,0.0051732614605739,0.0237424081180511,0.0036808228456141,0.0270877444322091,0.0047893906081021,0.0636852669742507,0.0,0.0911824298376003,0.3495518289314417,0.1875454321791879,0.0121530078166554,0.0,42552.22,0.0,0.3162731160916718,17.0,2833.79,0.0,0.0,0,2169.37,3369.54,2,1,0,1,1,1,0
d3cce33d-682f-4550-a0db-6cf3fb82f812,464,12,143403.62,5979.804375,1,14157.68,1,0.0,112430.26,9369.188333333334,11950.301666666666,0.2159872951603313,36882.84620689655,4837.59,57207.07,0,0.0941405810143995,0.0268608291041931,0.0201917170697639,0.008864250602996,0.0054831323880243,0.0531256442882903,0.0,0.0223771607394664,0.0023500790623449,0.0259343881264705,0.0257944791731336,0.0981885125943851,0.347886947873286,0.1991671103491177,0.008678446532099,0.0,39113.02,0.0,0.2727477869805518,41.0,9799.35,0.0,0.0,0,3266.77,3019.97,2,1,0,1,1,1,0
d3e29f70-3b14-46e6-a6ef-a42d478c43f8,563,12,76177.3,0.0,0,0.0,0,0.0,107877.1,8989.758333333333,6348.108333333334,-0.4161318398000454,1190.2266074600354,-6833.98,7978.42,1,0.3388797066291177,0.0238758735635273,0.0798158274555026,0.0413326832108019,0.0074084305195449,0.0689560620372627,0.0,0.0,0.0086955433544283,0.091055933094234,0.0262235451268156,0.0080774325598296,0.0194735490664839,0.2479413146997833,0.0021870257913866,0.0,2100.75,1096.96,0.0275771128669564,24.0,2710.4,0.0,0.0,0,13069.15,2575.66,3,1,0,1,0,0,1
d516514c-59c9-4dff-8794-cdf8aa4200a0,393,12,136063.73,6217.8206666666665,1,13579.55,1,0.0,106814.61,8901.2175,11338.644166666669,0.2149663249713939,35457.67575063613,4778.88,58574.14,0,0.2100184609577285,0.024521739114153,0.0046958931928881,0.0106143719478075,0.009814855851648,0.0491364430390187,0.0,0.0,0.0017121253356633,0.0049447355563063,0.1027345416511842,0.0881785740733407,0.2370975281377706,0.2166953565621781,0.0145295666950429,0.0,25325.48,0.0,0.1861295438541924,31.0,12274.66,292.58,1.0,1,1635.36,2619.28,3,1,0,1,1,1,0
d5525497-9ec9-467c-b9e9-cbd661794182,352,12,53760.3,0.0,0,0.0,0,28576.44,51569.18,4297.431666666666,4480.025000000001,0.0407572130363856,11679.838352272727,779.21,14431.68,0,0.2676455200567471,0.0456784459244843,0.0320294020575855,0.0,0.0063375062391917,0.105323179464944,0.0004999109933491,0.0,0.0032841321114665,0.0157260596348439,0.0188775543842271,0.0,0.0,0.2026497221790224,0.0286316361826967,0.0,0.0,380.14,0.0,18.0,463.42,0.0,0.0,0,1651.7300000000002,2355.6,1,0,0,1,0,0,3
d5e14f51-74d8-4a99-afa4-b327652839be,411,12,143295.86000000002,5718.734375,1,14599.19,1,0.0,89542.73,7461.894166666666,11941.321666666669,0.3751199092562758,41469.03593673966,4434.17,73580.77,0,0.254310316426582,0.0682174867797754,0.0,0.0073525790424303,0.0074217080493301,0.0423658068053096,0.0,0.0225895502627628,0.0051404508216356,0.0262494788800832,0.0,0.0857846304216992,0.2689856563453002,0.1524592783802772,0.0,0.0,24085.71,0.0,0.1680837813458113,49.0,4239.13,0.0,0.0,0,658.37,6108.38,2,1,0,1,1,1,0
d5e4bf15-31b9-4ef5-93ee-63f8b4882cdf,433,12,101658.77,4460.16125,1,0.0,0,0.0,103343.32,8611.943333333335,8471.564166666665,-0.0165706313385457,18426.84053117783,1464.78,33482.09,0,0.1224382959633965,0.0283370033012293,0.020314714100534,0.0,0.0132727495110472,0.0600019430380212,0.0,0.0252973293290751,0.0057793769350549,0.1180636542352229,0.0,0.0660361018012581,0.2371639502195207,0.2353812515409801,0.0049660684406113,0.0,24509.31,284.37,0.2410939066054016,25.0,5586.7,0.0,0.0,0,2099.39,2928.44,4,1,0,1,1,1,5
d60af5ec-650e-46ef-ba35-99e7446fdcb2,415,12,97791.92,4681.7193333333325,1,0.0,0,0.0,119956.09,9996.340833333334,8149.326666666667,-0.2266462300770861,4871.52378313253,-4337.18,-1940.2,1,0.1592388514830718,0.0248620974558273,0.0134523391017496,0.0,0.005949677086007,0.02959232832614,0.0,0.0,0.0063708311933141,0.0162576989630122,0.0754982927502888,0.1183794836927412,0.2256111382089896,0.1355477658533218,0.0116360911730283,0.0,27063.43,942.63,0.2767450521474576,18.0,858.21,0.0,0.0,0,1613.69,2982.36,2,1,0,1,1,1,2
d640b575-6ef6-4ee4-a1d9-e826890262cf,401,12,114061.07,5085.989375,1,0.0,0,0.0,107391.92,8949.326666666666,9505.089166666668,0.0584699933114777,18530.64476309227,1643.48,26802.77,0,0.051148727017824,0.03234228422399,0.0019683045055903,0.0,0.0114625010894674,0.0470624791883784,0.0055286282245442,0.0165130672773147,0.0099632262836906,0.0436939762321038,0.0164536587110091,0.1534430150797192,0.4375748194091324,0.1484810961569548,0.0012244869073948,0.0,46992.0,579.84,0.4119898226450094,14.0,2488.56,0.0,0.0,0,211.38,3473.3,4,1,0,1,1,1,5
d6482fe6-8190-4692-8440-4404568dae33,516,12,95229.99,4496.05,1,0.0,0,0.0,105675.99,8806.3325,7935.832499999999,-0.1096923353662015,4757.1935465116285,-80.78,8621.2,1,0.2285552281081067,0.0233648154136053,0.020000096521452,0.0167381445870533,0.0099508885604005,0.0425121165176687,0.0038974794558347,0.0174148356689159,0.0686047984977477,0.0009225368979273,0.0135377960499825,0.093488123461157,0.2140474860940503,0.1723544771144325,0.0091507067972582,0.0,22619.68,226.21,0.2375268547229712,7.0,1139.5500000000002,0.0,0.0,0,3882.35,2469.1,3,1,0,1,1,1,2
d65cc8c8-f44f-4d69-8630-b9b5f16b05fe,365,12,130723.8,5459.545714285714,1,13378.38,1,0.0,113133.06,9427.755,10893.65,0.1345641727061178,22485.126246575343,4864.52,42827.57,0,0.1867440870069279,0.0259269041251071,0.0126648214058737,0.0,0.0088497562074251,0.0708966945647894,0.0,0.0,0.0,0.0146803242129223,0.0306585007070435,0.0998302352999202,0.3112336924326098,0.1600504750777535,0.0047552855018683,0.0052458582840418,35210.82,0.0,0.2693527880921454,2.0,1157.12,0.0,0.0,0,1432.81,2933.19,3,1,1,0,1,1,0
d6612acb-b722-42a8-a364-f5d94a393d19,410,12,90970.18,4400.592857142858,1,0.0,0,0.0,84342.4,7028.533333333333,7580.848333333334,0.072856621807278,11795.54643902439,1868.33,20743.07,0,0.0789014777857874,0.037562009143681,0.0143790074742952,0.0,0.0144100713282998,0.0398536204803278,0.0,0.0260203646090222,0.0137878457335812,0.0102505975642144,0.0,0.1508994289941951,0.4165056958303297,0.129758579314793,0.0161772726410441,0.0,35129.09,310.16,0.3861604978686421,17.0,520.21,316.83,1.0,1,1212.76,3168.07,4,1,0,1,1,1,5
d664e23e-0c4a-4350-b466-c16b68f01d0c,456,12,107542.74,5030.134666666667,1,0.0,0,0.0,110273.23,9189.435833333331,8961.895,-0.0253898124596787,12786.056184210527,-381.39,22889.52,1,0.1708417355690044,0.0286694241204324,0.0284695569359852,0.0095262467599797,0.0126879388587783,0.0265769851848902,0.0,0.0194530440434183,0.0121455588087879,0.0247712885529878,0.063502447511513,0.0681193431987074,0.2638394649363222,0.1857619478453655,0.0102540752637788,0.0117365746881632,29094.43,687.93,0.2705382994705175,26.0,8352.49,294.15,1.0,1,4189.92,3161.47,4,1,1,1,1,1,2
d6871814-efac-4a72-80a4-f37ab26992e9,505,12,102869.94,5116.521428571429,1,0.0,0,0.0,119634.8,9969.566666666668,8572.495,-0.1629714180838445,5660.998138613862,-682.56,14098.68,1,0.0609932895779488,0.028898364021171,0.0297858148297986,0.0,0.0080522556981747,0.0539623086259182,0.0040663753356046,0.0228588169997358,0.1890913847810169,0.0215694764399656,0.0021546406229625,0.0688165985148134,0.2248833951325199,0.1997719727035946,0.0030893184926125,0.0,26903.88,480.44,0.2615329609407762,34.0,4649.04,0.0,0.0,0,3563.42,3457.25,3,1,0,1,1,1,2
d68aa821-d372-480f-9d03-f86c6a83ebe8,514,12,132351.24,5651.566666666667,1,14161.51,1,0.0,130485.7,10873.808333333332,11029.27,0.0140953722836294,23881.093482490272,3677.25,30508.75,0,0.0679325014158639,0.0248095385164811,0.023235726213677,0.0138291015797133,0.0071022341911795,0.0673603314386174,0.0029787172080925,0.0165719308705858,0.0076469682118423,0.0239464554353465,0.0,0.0863699240606442,0.2354133058258491,0.208591669431976,0.0112444505413236,0.0,30718.07,0.0,0.2320950676397138,18.0,786.72,0.0,0.0,0,4836.43,3237.29,3,1,0,1,1,1,0
d6aa5b4b-10c5-4b69-b080-25798bca3078,489,12,98113.72,4603.27,1,0.0,0,0.0,155771.97,12980.9975,8176.143333333333,-0.5876675555671521,-5587.739263803681,-26951.7,-25356.26,1,0.1483682847433977,0.0197145866486762,0.0141074803124079,0.0137990807973989,0.004378451399183,0.0397900212727617,0.0,0.0147947669917765,0.11630295232191,0.0575862268417097,0.0121118709611234,0.0809408778742414,0.1676170622994625,0.1905281803908624,9.19934440066464e-05,0.0,26110.04,1935.22,0.2661201715723346,25.0,2812.89,0.0,0.0,0,4347.06,3070.98,2,1,0,1,1,1,2
d6b28f28-2974-40ee-8946-a4571e2c56fb,470,12,102642.41,4682.815624999999,1,0.0,0,0.0,86523.48,7210.29,8553.534166666666,0.1570396681060001,25406.07091489362,1873.06,41550.41,0,0.0857930124863216,0.0371046102167874,0.0288062847217888,0.0226666796111298,0.0117036439126119,0.0349520153373396,0.0064369810368237,0.0299302570816615,0.0067284626092246,0.0029730658082638,0.0748399162863074,0.0637205068497013,0.2622095181562276,0.2377459852516334,0.0053805048063254,0.0,22687.28,313.20000000000005,0.2210322224507394,20.0,6439.46,0.0,0.0,0,4453.62,3210.42,3,1,0,1,1,1,5
d6b777ba-77b5-457f-84ec-c53de4398bb7,628,12,50626.91,3549.817142857143,1,0.0,0,0.0,83881.34,6990.111666666667,4218.909166666667,-0.6568528476258968,-1047.7412738853504,-5286.99,2251.27,1,0.102176360081992,0.0160794999221519,0.0404687144959773,0.0932683001964441,0.021707688503784,0.153635361571477,0.0195218626693374,0.0,0.0023281697693432,0.0,0.0,0.0,0.0814567340006728,0.2853095813681565,0.0308740895174063,0.0,6832.7,1509.55,0.13496182168732,27.0,2197.38,0.0,0.0,0,11218.04,1348.77,6,0,0,1,0,0,4
d6bb66b2-3645-454d-9dc8-acc16a79cbd7,375,12,102578.13,4616.312000000001,1,0.0,0,0.0,91391.79,7615.982499999999,8548.1775,0.1090519002442334,13813.978933333332,1433.19,22124.72,0,0.2234682130637773,0.0413689238387824,0.0,0.020229278800645,0.0115040968121972,0.0022970334643844,0.0,0.0,0.0018176687424548,0.0336006111708721,0.0,0.1119962745012435,0.3264937692980955,0.1120361030241337,0.0124239825043365,0.0,29838.85,233.9,0.2908890033382359,34.0,4680.29,0.0,0.0,0,1848.79,3780.78,3,1,0,1,1,1,5
d6c59567-bb6d-4a01-a0bd-f9b6f811724b,447,12,98072.36,4835.666,1,0.0,0,0.0,104303.07,8691.922499999999,8172.696666666667,-0.0635317636895858,5450.234161073825,-2725.22,6192.74,1,0.0818890565733108,0.0227369146469034,0.0125710585508173,0.0211765578903861,0.0094344298782384,0.0,0.0,0.0294925163755966,0.150927676433685,0.0045694724038324,0.0003847441882583,0.0682288642127216,0.3250973341436642,0.1044245389900795,0.0043274852791964,0.0,33908.65,86.21,0.3457513411525938,0.0,0.0,0.0,0.0,0,3519.98,2371.53,3,1,0,1,1,1,2
d6caf0c7-5f6d-4d85-954d-6cbcb6edd1d7,435,12,144918.88,5918.536875,1,12767.95,1,0.0,115561.74,9630.145,12076.573333333334,0.2025763654811574,33990.11505747127,4276.41,57843.56,0,0.0593911098950223,0.0410894643850118,0.0097167972721767,0.0,0.0081656783637906,0.059215446219484,0.0046080995319038,0.0204871439284316,0.0232425541533036,0.0,0.0545884823125716,0.0827651089365736,0.4010803229511774,0.1891279933998916,0.0,0.004932601395583,46349.54,0.0,0.319830928861719,16.0,6446.29,0.0,0.0,0,1122.89,4748.37,3,1,1,1,1,1,0
d6df8537-c4ed-434a-8c67-d3b5f7fa93c1,404,12,56943.53,0.0,0,0.0,0,32792.399999999994,58378.84,4864.903333333333,4745.294166666667,-0.025205848671482,11234.396584158416,927.66,14737.64,0,0.2521891493561708,0.0361677278959294,0.0432231952536227,0.0079431177460874,0.005316481108566,0.078786423299949,0.0,0.0,0.0009753533985944,0.033119191816761,0.0549399405675069,0.0067199005667121,0.0901458473652439,0.2450314189182244,0.0229185780327255,0.0,5262.610000000001,608.91,0.0924180499522948,40.0,3556.16,0.0,0.0,0,2987.03,2111.43,1,1,0,1,0,0,3
d6f96066-e7e3-4c97-a1d9-eb4240249947,327,12,55006.06,0.0,0,0.0,0,31150.2,44950.62,3745.885,4583.838333333333,0.1828060399163291,14993.96755351682,295.79,24343.61,0,0.1440818836314159,0.0862889099193737,0.0708132613076304,0.0,0.013838073868614,0.0687968263841522,0.0,0.0,0.0048057179189074,0.0787586467105459,0.0,0.0,0.0143435173975353,0.25443386542833,0.0070989009717774,0.0,644.75,273.1,0.0117214357836209,23.0,3013.79,0.0,0.0,0,3183.1,3878.74,2,0,0,1,0,0,3
d734dda2-4cc5-425c-8819-563bbbbbbe8a,525,12,85090.02,0.0,0,0.0,0,0.0,66277.8,5523.150000000001,7090.835,0.2210860921175009,18557.048361904763,2118.31,36992.48,0,0.4681971942339668,0.0191088116986381,0.0990978879805908,0.0,0.024516504772337,0.0525972497578374,0.0087711118956875,0.0,0.0286355310526299,0.0308893777403595,0.0,0.0,0.0164702207979142,0.197729707383166,0.0203377299789673,0.0,1091.61,642.39,0.0128288840453909,33.0,1085.7,0.0,0.0,0,6567.99,1266.49,5,0,0,1,0,0,1
d79af3e5-e272-4dd1-9ecd-01805247650e,462,12,95889.14,4502.640666666667,1,0.0,0,0.0,130548.99,10879.0825,7990.761666666666,-0.3614575122897129,-3128.387359307359,-13089.9,-4926.66,1,0.0674504643812257,0.0234196373330808,0.0,0.0145879336178701,0.0074738992618786,0.0080951219921349,0.0,0.0222435271234193,0.0027280946409466,0.015002797034278,0.121474551430846,0.0668850061574586,0.3165813845055408,0.2085443173478401,0.0029166062487346,0.0,41329.380000000005,1122.44,0.4310121041861466,55.0,18104.31,0.0,0.0,0,1904.44,3057.41,3,1,0,1,1,1,2
d89df7fd-b6f3-43cf-861f-bb0f9f715f77,366,12,55020.02,0.0,0,0.0,0,30032.28,71632.33,5969.360833333333,4585.001666666667,-0.301932096716795,7035.172404371585,-2072.09,12860.21,1,0.0837177849722325,0.0321586635531749,0.0448808519840133,0.0,0.0052375791768884,0.1031273169531132,0.0,0.0,0.0,0.2083555009309343,0.0,0.0140391915214819,0.0,0.3365946633314873,0.0078541351370254,0.0,0.0,590.21,0.0,48.0,1157.45,0.0,0.0,0,3214.92,2303.6,1,1,0,0,0,0,3
d90ccc93-0d09-43b7-b501-0b8bff427381,439,12,102747.75,4569.633125,1,0.0,0,0.0,139508.62,11625.718333333332,8562.3125,-0.3577778588825545,2409.9137357630984,-7823.41,-4004.98,1,0.059257843708869,0.0141956102784186,0.0019711326798301,0.0,0.0071813483639935,0.0565009531310681,0.0037617747204437,0.0268999148583076,0.0470758007641391,0.0325717507635012,0.0731913196474884,0.0790472301998256,0.3387644433727464,0.1931969508407438,0.0046028697008113,0.0,47260.56,664.23,0.459966860588188,20.0,4149.65,0.0,0.0,0,274.99,1980.41,3,1,0,1,1,1,2
d9bab446-d2ad-49a0-bc21-3b5b1998c519,353,12,139081.4,5726.689333333333,1,13251.43,1,0.0,104999.46,8749.955,11590.116666666669,0.2450503086681611,30218.13637393768,4736.85,55601.72,0,0.0625176548527011,0.0495181594267246,0.0,0.0,0.0088113786489949,0.0168037054666757,0.0,0.0,0.0,0.0250855575828675,0.0351934190899648,0.0813123229395656,0.4299019252099011,0.187186962675808,0.0285190990506046,0.0038550674451087,45139.47,0.0,0.324554325740178,20.0,2953.64,37.06,1.0,1,0.0,5199.38,3,1,1,0,1,1,0
d9e7d669-83b5-4c0c-81a5-e23e6cbfdab8,474,12,104504.61,5351.823333333334,1,0.0,0,0.0,140021.67,11668.472500000002,8708.7175,-0.3398611793297924,563.3726160337553,-12286.22,-5818.18,1,0.1276535981894802,0.0300748448436588,0.0,0.0,0.0089164769995958,0.0700142342253167,0.0027352909017582,0.0246844649117525,0.0226614923247237,0.0062355348282876,0.0445823849979792,0.0560101161484504,0.3615721766495143,0.1755369008239939,0.01577341564345,0.0,50627.94,517.48,0.4844565230184582,30.0,8051.61,33.34,1.0,1,0.0,4211.13,4,1,0,1,1,1,2
da1b2a6a-a7cc-4c1c-8a4b-a35eabb9479e,474,12,129959.27,5488.827333333334,1,14456.1,1,0.0,150175.67,12514.639166666668,10829.939166666669,-0.1555595072209932,10365.75042194093,3350.62,14185.74,0,0.0530454100854019,0.0165333039632851,0.0005169945304722,0.0101260077614436,0.0066494792398795,0.0514180492752254,0.0026837236684211,0.0319382627026068,0.1140534948171032,0.0646434272608872,0.0,0.0756110493797031,0.294363128195133,0.2352929738885133,0.0183829377954498,0.0046990301424991,44206.18,0.0,0.340154111361198,18.0,7757.070000000001,0.0,0.0,0,1598.32,2482.9,3,1,1,1,1,1,0
da67d5c3-c59b-49ba-aa05-b9e712592eac,409,12,106412.16,4863.046,1,0.0,0,0.0,136845.67,11403.805833333334,8867.68,-0.2859965440039936,1406.7232029339857,-7563.09,721.5,1,0.048114273546251,0.0281026794636615,0.019550490709717,0.0154449899657036,0.007085719263167,0.0373729764339638,0.0,0.0179334866788258,0.0102299181260174,0.1069741556309381,0.0,0.0468354607054793,0.369146133743216,0.2357633237500316,0.0,0.0,50516.05,676.4,0.4747206522262117,18.0,12403.35,0.0,0.0,0,4788.98,3845.73,3,1,0,1,1,1,2
da6ac196-4d02-4293-9e0f-11088794ba20,387,12,94718.34,4399.352666666668,1,0.0,0,0.0,88348.11,7362.3425,7893.195,0.0672544514610369,7732.133126614987,948.62,15314.89,0,0.1835763096686505,0.0556022081287307,0.0080322035185585,0.0,0.0124369383793269,0.0,0.0039122512071848,0.0188103627796904,0.0200643794190956,0.0036999093698778,0.0120141789111278,0.1808242417409948,0.3287731905074144,0.1005235992031974,0.0056425655285664,0.0,29046.49,88.64,0.3066617299247432,0.0,0.0,85.73,2.0,1,709.63,4912.349999999999,3,1,0,1,1,1,5
da77c5c4-0dfa-4d6e-9da0-52e32d6fac6b,475,12,136801.73,5805.08125,1,13481.7,1,0.0,112600.27,9383.355833333331,11400.144166666669,0.1769090200832986,33727.03324210526,1967.18,50887.02,0,0.0869751022799501,0.0324952151535693,0.0407805416452376,0.0092564609303334,0.0078630362076396,0.0524446344578036,0.0,0.0,0.0004107450186398,0.0160082209394346,0.0166552886596097,0.1128804575690626,0.3048458054319052,0.1924654354736449,0.0233906188679654,0.0021093199865328,34325.72,0.0,0.2509158327164429,36.0,8400.04,0.0,0.0,0,5634.18,3658.97,3,1,1,1,1,1,0
da8b2af9-5856-4a82-bf7b-884b8db6b43d,349,12,92492.76,4476.131428571428,1,0.0,0,0.0,78690.12,6557.509999999999,7707.73,0.1492294099559792,15817.3453008596,1871.25,30399.93,0,0.0655460939696114,0.028141271102395,0.0,0.0,0.0079767320217582,0.0750479221533783,0.0065408465510028,0.0,0.0,0.0063372631786557,0.0181872895860369,0.142558811703426,0.3479084794889118,0.1510933011666522,0.0361046596446923,0.0021017886362354,27376.96,281.97,0.2959903023760995,14.0,2115.52,0.0,0.0,0,0.0,2214.44,2,1,1,0,1,1,5
dad41df5-40a9-4e86-a799-67b200dca2dc,383,12,143289.51,5966.627333333334,1,14411.24,1,0.0,104639.39,8719.949166666667,11940.7925,0.2697344697459012,38541.625091383816,4034.96,60908.75,0,0.1382459320529296,0.0279109998634357,0.0134052769229637,0.0,0.009232278590309,0.019701089618355,0.0,0.027103369008554,0.0385764863499299,0.0143294986715805,0.0363296269215636,0.1024517631457905,0.3316556031146588,0.1875468693003657,0.0034873100846631,0.0174558548171964,34704.24,0.0,0.2421966548702692,12.0,5740.74,0.0,0.0,0,1402.72,2920.59,3,1,1,1,1,1,0
db19b5f2-f49d-4d79-808a-59c5a6ef2988,481,12,109720.82,5055.808666666666,1,0.0,0,0.0,149767.8,12480.65,9143.401666666668,-0.3649897986544395,2313.007941787942,-5653.11,-1226.08,1,0.0407437379730489,0.0205691076453015,0.0078062841278298,0.0,0.0090735124639608,0.0251574771078963,0.0035173782348408,0.0197438301156857,0.0405780815368857,0.1481652264371914,0.0129076477053144,0.0836883495651268,0.2958419633592802,0.2172562460021446,0.0017730780581673,0.0019611692232909,44307.6,813.44,0.4038212619993179,22.0,3043.07,0.0,0.0,0,1169.13,3080.59,4,1,1,1,1,1,2
db78717c-b2bc-4da1-b585-5eb8d076fc98,723,12,55125.45,3933.837142857142,1,0.0,0,0.0,92472.25,7706.020833333333,4593.787499999999,-0.6774874400118277,299.29632088520054,-2272.11,926.6,1,0.0535228676711121,0.0110235232731981,0.0780150801997356,0.0956362584451011,0.0153696919886776,0.1443490344400617,0.0159361321910086,0.006391322802246,0.0613509458242878,0.0361021820059531,0.0122289659870934,0.0,0.0102276088231874,0.3632317803449143,0.0061048584845723,0.0189196218324957,945.77,870.02,0.0171566853422511,32.0,2297.45,74.73,1.0,1,16057.93,1019.37,4,0,1,1,0,0,4
dcdbb512-263d-42bc-97c9-f5b9010c20ca,463,12,128328.92,5630.427333333334,1,14077.6,1,0.0,137558.07,11463.1725,10694.076666666666,-0.0719179277749708,18628.992699784016,3901.9,24922.29,0,0.1139360998594993,0.0318099839580476,0.0093881805698495,0.0,0.0050596813403968,0.0051221276948709,0.0030561638441132,0.0138018074839229,0.0728293149213274,0.0390509259107808,0.0696779185692268,0.0898475094918095,0.3101248076539603,0.1806553406863007,0.0,0.0204236654381673,42660.17,0.0,0.3324283411720444,33.0,7755.03,0.0,0.0,0,1291.42,4375.72,2,1,1,1,1,1,0
dd2f2984-fc24-456a-9e5c-7494d099417e,425,12,155429.16999999998,6244.0975,1,13546.68,1,0.0,110402.21,9200.184166666668,12952.430833333332,0.28969439906293,36294.80324705882,3249.66,69818.64,0,0.0998820585203865,0.0304028334215411,0.0079072692475993,0.0,0.0060139194677352,0.0826198134982986,0.0050538843380037,0.0240841193305822,0.011842335402525,0.0001778044117051,0.0116560166685069,0.0579214854485249,0.2792771086738209,0.2011456111249946,0.0387433367502335,0.0,30832.81,0.0,0.1983720945045257,34.0,8610.51,0.0,0.0,0,872.98,3356.54,2,1,0,1,1,1,0
dd483621-64e2-4edf-8c6c-48894a251cbd,358,12,105580.58,4617.0706666666665,1,0.0,0,0.0,110327.96,9193.996666666668,8798.381666666666,-0.0449645190431801,5186.833575418994,-32.31,9469.42,1,0.233279034616429,0.0356278680399782,0.0306284100603328,0.0,0.0062639606496848,0.0156615784430347,0.0044776500897868,0.0,0.0048311416253867,0.0236110592455439,0.018368145300611,0.1427547468474899,0.342399605684724,0.102001976652156,0.009290301388696,0.0,37776.25,303.7,0.3577954392749121,17.0,6851.69,4.13,1.0,1,3379.17,3930.75,2,1,0,1,1,1,2
dda4807e-d57b-493a-9394-3cfa13418913,422,12,51558.43,0.0,0,0.0,0,28722.36,46655.36,3887.9466666666663,4296.535833333333,0.0950973487749723,14060.772630331752,465.65,19894.93,0,0.1559627875553848,0.0644151068601764,0.0746443709790257,0.008558502174241,0.0142916055089918,0.128711899340183,0.0024286598581599,0.0,0.0726328121784935,0.0252095364819819,0.0001350327164981,0.0,0.0,0.3050309760764894,0.0459362011138698,0.0154878239070494,0.0,202.93,0.0,46.0,3977.87,0.0,0.0,0,3881.86,3005.31,2,0,1,1,0,0,3
de06a76b-47ad-4152-9971-ec2341553c13,417,12,95255.02,0.0,0,0.0,0,0.0,76756.87,6396.405833333333,7937.918333333334,0.1941960644173924,24662.067817745803,2499.36,35447.44,0,0.5232200062352725,0.0347882867031967,0.0385628022612177,0.0,0.0150776080369092,0.055968280103136,0.0,0.0,0.0045813488747,0.0558747379876224,0.042051219649785,0.012752083298863,0.0,0.1624654574893426,0.0086985047722764,0.0,0.0,1012.52,0.0,16.0,393.98,0.0,0.0,0,2959.96,2670.24,3,1,0,1,0,0,1
de6f6846-9132-4b72-85f0-f844a00a2b7b,450,12,114862.83,5264.7553333333335,1,0.0,0,0.0,106036.78,8836.398333333333,9571.9025,0.0768399141828562,16553.87482222222,842.52,28655.09,0,0.1370517852390463,0.0327007289357522,0.0008203757224615,0.023928206797679,0.0125514939250324,0.0240931495656507,0.0,0.0273932309147825,0.0041760981425501,0.0062685796381217,0.0110560694128961,0.0876330835395039,0.3789705798308851,0.1383067271563697,0.0262801265749488,0.0,40184.82,502.18,0.3498505129988526,18.0,2477.46,0.0,0.0,0,2624.26,3467.48,4,1,0,1,1,1,5
debac6f5-acc0-41f6-b121-f0b8605238d5,460,12,143151.65,6095.1286666666665,1,13193.03,1,0.0,90061.49,7505.124166666667,11929.304166666669,0.370866560043143,39724.77389130434,3207.7,72505.94,0,0.0734714693261237,0.028108129234815,0.0240897635604296,0.0114467348919055,0.0067922482739292,0.0337137437988201,0.0,0.0340389660441993,0.0083044373349808,0.0184206368337898,0.020189650426614,0.0610307468819358,0.3121082051829255,0.1817615942174618,0.0046752502096067,0.0,28108.93,0.0,0.1963577087654945,24.0,2305.66,0.0,0.0,0,3200.47,2531.46,2,1,0,1,1,1,0
dec42f02-28ad-4e08-b6f6-720c38f1bb56,480,12,111884.05,4897.040625000001,1,0.0,0,0.0,118277.56,9856.463333333331,9323.670833333334,-0.057144070133321,13674.8489375,583.79,20794.67,0,0.1052082068652752,0.0288905182014238,0.0195129997609013,0.0,0.0066425956030881,0.0879548073193258,0.0036657841098514,0.0161896305605222,0.0620739048049351,0.0067024548020774,0.0105944863928542,0.0797450505404406,0.3220725047084164,0.176879536574816,0.0011575314877987,0.0,38093.95,0.0,0.3404770385054885,38.0,4890.2300000000005,0.0,0.0,0,2307.9500000000003,3417.1,2,1,0,1,1,1,5
dec71d10-f9c0-47f9-94d2-e3d8354debb2,428,12,97358.57,4620.061333333333,1,0.0,0,0.0,101651.61,8470.9675,8113.214166666666,-0.0440951423177231,16055.94261682243,1024.13,18899.66,0,0.0822982538102446,0.025824972177027,0.0108258983797698,0.0,0.0098473600172195,0.0381479447300441,0.0039184819600988,0.0316169119210212,0.0,0.0588356642851008,0.0622000969782967,0.0495519943068289,0.2944418686531378,0.2243416508602273,0.0025683803729227,0.0,29930.49,389.69,0.3074253247556944,22.0,5788.01,63.6,1.0,1,1100.47,2625.15,3,1,0,0,1,1,5
dedcca63-7c74-4934-a422-a38254878deb,780,12,57140.85,4062.407142857143,1,0.0,0,0.0,97059.08,8088.256666666667,4761.7375,-0.698593563098904,458.8017435897436,-6342.33,-2487.43,1,0.2274434293009989,0.024201754230516,0.0639275583489973,0.1069979233266995,0.0244491293344218,0.1321851598016383,0.0191729614581139,0.0,0.0079402153822187,0.0011860817143537,0.0139062723446379,0.0,0.0141560171392516,0.2955755401761484,0.0029037983875388,0.0,1373.97,1098.21,0.0240453195918506,44.0,4907.34,0.0,0.0,0,16589.87,2349.0,7,0,0,1,0,0,4
dee85dda-2914-45f5-b6d1-bfb964a4a795,384,12,50149.09,0.0,0,0.0,0,29910.0,60650.93,5054.244166666666,4179.090833333334,-0.209412374182662,6789.179947916667,1518.43,8788.11,0,0.2873634419125972,0.046168954045717,0.0537350375336371,0.0,0.010942948442835,0.0353204806587467,0.0,0.0,0.0122166304787082,0.0620907214448319,0.0163323134533963,0.0212834329168571,0.005038010134387,0.2177155403882512,0.0207805552198457,0.0,305.56,716.4,0.0060930317977853,50.0,6131.49,0.0,0.0,0,3259.08,2800.19,2,1,0,1,0,0,3
df036699-e12d-4103-96d1-bd400fb0b601,557,12,133044.52,5918.6720000000005,1,14090.74,1,0.0,141047.23,11753.935833333337,11087.043333333331,-0.0601506172520297,12918.004488330342,4184.53,22961.31,0,0.0476090881047433,0.0226769430353222,0.0512391487588944,0.0125020533902012,0.0070299147313988,0.0461928249140376,0.003300525646622,0.0158585886443852,0.1003924713728869,0.0122176096616714,0.0,0.0578829516893029,0.3302577441612997,0.1687137705575643,0.0,0.008363085187848,46581.94,0.0,0.3501229513248648,19.0,3161.46,85.71,1.0,1,8990.52,3198.52,3,1,1,1,1,1,0
df1bbe8e-34fe-4217-b640-7d8c6d3a3a67,387,12,136316.11,6080.044285714285,1,13283.14,1,0.0,126580.79,10548.399166666666,11359.675833333333,0.0714172374783875,19319.930594315243,4640.04,36538.45,0,0.0487976888120227,0.0289634785815446,0.0080284694067717,0.0,0.0060782524741708,0.0044330581283305,0.0,0.0176717968026586,0.0911448727725589,0.0888318835741189,0.0081637189971716,0.0591467315064157,0.3633703028713914,0.1753612060724222,0.0134674463637017,0.0,45995.7,0.0,0.3374193996586317,21.0,11492.13,0.0,0.0,0,1016.25,3666.22,2,1,0,1,1,1,0
df39293f-d203-4bca-a72b-c1ff21d97650,565,12,89268.51,0.0,0,0.0,0,0.0,88290.4,7357.533333333333,7439.0425,0.0109569432714851,15783.436690265487,543.56,29465.35,0,0.3840335982167936,0.0146944628181546,0.0559154789195654,0.0443193144441524,0.0130079827478412,0.0892095856401148,0.0,0.011426610367605,0.0338543035256381,0.0739736143453874,0.0020452959778186,0.0063931072913929,0.0097358263186031,0.1875110997345124,0.0,0.0,859.58,1568.99,0.0096291514219291,64.0,8917.050000000001,35.33,1.0,1,8849.77,1297.38,3,1,0,1,0,0,1
df52c9a7-8052-4df3-bd3d-3e264d556d18,511,12,114990.56,5286.05,1,0.0,0,0.0,106706.39,8892.199166666667,9582.546666666669,0.0720421745924187,19348.97557729941,248.69,28374.22,0,0.086459020870259,0.0237222906706899,0.0153875508298987,0.0152267357184513,0.0057225251458698,0.049633203784703,0.0031977466391656,0.0296706692073455,0.0646798190811253,0.0227144784862462,0.002489166768738,0.1099233138708937,0.2454633691571797,0.2092247708876666,0.0023573096231631,0.0076248479589647,26192.51,95.59,0.2277796542603149,27.0,3171.55,45.35,2.0,1,3266.74,2531.32,2,1,1,1,1,1,5
df835318-0859-4af1-b403-10095dfdf877,318,12,57939.62,0.0,0,0.0,0,32958.24,34422.14,2868.5116666666668,4828.301666666667,0.4058963451952222,18116.052641509435,504.7,33204.13,0,0.1723800437741523,0.0448461368177574,0.0455607931406937,0.0,0.0105063194792653,0.0920497679691036,0.0,0.0,0.0,0.0687054901293179,0.0,0.0194799045033225,0.0,0.2382492779356541,0.0277158828591133,0.0,0.0,367.76,0.0,3.0,119.1,47.510000000000005,2.0,1,1568.3,1543.7,1,1,0,0,0,0,3
dff112f6-ec49-4f10-aa0e-6d50b9e1d1a6,402,12,99729.51,5071.262857142857,1,0.0,0,0.0,96663.41,8055.284166666667,8310.7925,0.030744159878054,13245.764875621891,1019.99,23930.91,0,0.0914626330687071,0.0251501576449661,0.0102192753183443,0.015056576216378,0.0101742738022587,0.0347864822894205,0.0,0.0,0.0010119651272389,0.0438187521007173,0.0692472984348472,0.1118651824925274,0.2452560901793139,0.2028934216163075,0.0160723690587782,0.0,23707.29,456.07,0.2377158977317747,40.0,8208.17,0.0,0.0,0,2443.25,2431.1,3,1,0,1,1,1,5
e02e1ec6-8cc9-4e4d-bbb7-2d4e87885d9b,405,12,143930.49,6285.422500000001,1,13786.06,1,0.0,144240.02,12020.001666666663,11994.2075,-0.00215055197825,27189.24637037037,3123.72,37635.96,0,0.1274244831635492,0.0204837741980346,0.0,0.0,0.004581322160105,0.0109246379749531,0.0024735853475339,0.0234161781175571,0.0903492664518488,0.1296489004923876,0.0220775759737138,0.0745164206161369,0.1875495441556372,0.2387715975080979,0.019889902954811,0.0,27052.15,0.0,0.187952879198841,11.0,2394.99,0.0,0.0,0,0.0,2954.58,2,1,0,1,1,1,0
e08baea8-a994-44a0-9309-19dff4967c81,742,12,51734.96,3665.841428571429,1,0.0,0,0.0,83522.61,6960.2175,4311.246666666667,-0.6144326776323012,-1471.731010781671,-7508.84,4736.74,1,0.1609992791173551,0.0100333310944186,0.0960729076833207,0.1043459968504336,0.0189214633019729,0.1222658152086004,0.0233881580089511,0.0,0.0086980040494424,0.0286763069305425,0.0,0.0094085900811768,0.0,0.2882262659176958,0.0,0.0,0.0,1483.3,0.0,58.0,4428.04,0.0,0.0,0,16739.51,838.01,5,1,0,1,0,0,4
e09690e5-0860-4586-b472-661e45b22953,502,12,133414.31,5660.985333333333,1,13565.74,1,0.0,135630.72,11302.56,11117.859166666669,-0.0166129855185699,12944.418067729084,1682.5,21296.65,0,0.1558166910859132,0.0360106471454254,0.0194941087092953,0.0115688392718109,0.00479249833666,0.011719911241347,0.0,0.0179275019700551,0.007733941101249,0.0074710950439546,0.0283375329718812,0.1031388021828683,0.3058226779301916,0.1635434804150564,0.0184652857405755,0.0,41478.95,0.0,0.3109033056498961,33.0,3852.44,0.0,0.0,0,4213.09,4884.15,2,1,0,1,1,1,0
e0b3af5e-20de-4f43-b22a-c050dc60b70d,501,12,146319.97,6109.476875,1,13784.6,1,0.0,110135.67,9177.9725,12193.330833333332,0.2472957040655489,37358.07035928144,3740.45,66012.4,0,0.0606552808912861,0.0454026384004382,0.0196829056381097,0.0175364620744578,0.0054063320266721,0.0675737479056512,0.0,0.0318785003986446,0.0425633221280625,0.0011641096839924,0.0249830958489651,0.0536723479323274,0.279811980986723,0.237472836911057,0.0073597409449636,0.0012053315696903,30817.28,0.0,0.2106156801426353,32.0,6063.26,0.0,0.0,0,4099.18,5000.45,2,1,1,1,1,1,0
e104a14f-54c3-4c11-af93-0d9d5dd576d8,431,12,113759.47,4834.395625,1,0.0,0,0.0,123116.78,10259.731666666668,9479.955833333332,-0.0822552179611947,10309.431136890951,1211.75,14421.0,0,0.1689835455410708,0.0185211146685285,0.0222723498778964,0.0141087185678507,0.0101628713811391,0.052197027894979,0.0,0.0,0.006281515809624,0.0,0.0247067052923249,0.055616789198028,0.3664661307743754,0.1408316559286232,0.0205496764941383,0.0,45118.13,206.63,0.3966098822366173,34.0,3329.76,0.0,0.0,0,4479.12,2280.26,4,1,0,1,1,1,5
e1c86647-c16b-470b-a9cd-1e271f124962,350,12,136189.94,5853.045714285714,1,14570.96,1,0.0,86341.39,7195.115833333333,11349.161666666669,0.3660222627310064,40778.144171428576,3791.21,69414.31,0,0.1693092965031024,0.0403233026477799,0.0082652132424553,0.0094397368400022,0.0120847023658062,0.0782470608823879,0.0,0.0,0.0092056660195069,0.0009362832819809,0.0446505436152927,0.0733479041743478,0.2798936871412424,0.2161090990080191,0.0,0.0042479047418625,24166.41,0.0,0.1774463664496804,25.0,5441.61,0.0,0.0,0,1528.67,3481.57,3,1,1,1,1,1,0
e210536a-a0f8-4881-99b3-4f03b66f3c7a,327,12,104659.02,5347.235333333333,1,0.0,0,0.0,110795.58,9232.965,8721.585000000001,-0.05863383777146,2301.1102140672783,-2235.21,3455.14,1,0.2136391180947832,0.0249111020493777,0.0,0.0,0.0055968839190155,0.0294432323022272,0.0,0.0,0.0,0.0224815827490591,0.0,0.1255973388108081,0.4071694015230571,0.0744978274404087,0.010400595402813,0.0,45112.57,354.44,0.4310433061574625,6.0,718.1700000000001,0.0,0.0,0,0.0,2760.04,2,1,0,0,1,1,2
e23f0605-8477-4e84-a555-2b68c821fae0,454,12,73873.09,0.0,0,0.0,0,0.0,79762.42,6646.868333333333,6156.090833333333,-0.0797222642236841,17411.859669603524,-109.43,21469.29,1,0.2560599339889636,0.0193725315756467,0.1160369758089084,0.0,0.0135062351418123,0.0882454419010857,0.0,0.0,0.0340600247585266,0.077908493749312,0.042895639324885,0.0,0.0082863584128967,0.2670273795604496,0.0,0.0,660.94,975.2,0.0089469656677418,17.0,2302.46,0.0,0.0,0,9255.39,1545.2,3,0,0,1,0,0,1
e25c9cb8-ff83-4e38-bc94-a602c1c91c97,633,12,54199.59999999999,3811.265714285714,1,0.0,0,0.0,58358.0,4863.166666666667,4516.633333333332,-0.0767238134598781,12036.46047393365,1274.76,17956.22,0,0.1277166798039686,0.0185642071352685,0.1131013742760204,0.1433059734740738,0.0389792316391925,0.09071181329038,0.0349592172452791,0.0,0.0,0.0148286438877274,0.0,0.0,0.0,0.3452561773878474,0.0148300147366256,0.0,0.0,694.16,0.0,21.0,686.91,0.0,0.0,0,14963.42,1083.37,7,0,0,0,0,0,4
e29f6540-0763-4ede-b35d-a0365b4761ef,433,12,139433.69,5773.415333333333,1,13716.28,1,0.0,104317.59,8693.1325,11619.474166666669,0.2518480289806574,40043.47605080831,4210.09,66340.23,0,0.0772408565036826,0.0307366188195106,0.0359215545527844,0.0117165283438775,0.0065115576385535,0.0796005735945395,0.0,0.0286671691706067,0.0183093762039556,0.0126809869744881,0.0,0.1024684331760348,0.3094741740103466,0.2162618979215297,0.0109099529619117,0.0,32283.6,0.0,0.2315337132654238,29.0,4730.32,0.0,0.0,0,4969.49,3206.37,2,1,0,1,1,1,0
e2a620d4-3598-433e-bda8-5f5509bbf307,531,12,134178.12,6023.674666666667,1,13739.23,1,0.0,104318.62,8693.218333333332,11181.51,0.2225362823685411,30644.81054613936,3499.9,53971.77,0,0.1256353851306699,0.0465774949860341,0.0156403526043576,0.0113597169901212,0.0092900960538013,0.0301918296081754,0.003324334620224,0.0287191299118029,0.0155142006288043,0.0036592700325215,0.0217824008791527,0.0876951784829975,0.23158358498224,0.2007326208878147,0.0310136387923843,0.0150455402880137,24158.48,0.0,0.1800478349227131,39.0,5040.77,36.71,2.0,1,2816.61,4858.9,3,1,1,1,1,1,0
e2aa57dc-4a79-479c-a78b-bb9554da5020,567,12,90959.61,0.0,0,0.0,0,0.0,82742.1,6895.175,7579.9675,0.0903424058216607,17808.47590828924,-3253.83,33271.44,1,0.3062634378387786,0.0286962743270958,0.0669854886448373,0.0401696355301593,0.0114487062813247,0.0139054967181156,0.0,0.0141568802338833,0.0151167301772616,0.1075123788252896,0.0272440510936995,0.0233456728799486,0.0535239013754787,0.1665458092071629,0.0257469897428274,0.0,4428.68,1227.45,0.0486884233562567,39.0,2979.3,0.0,0.0,0,8866.24,2374.39,3,1,0,1,0,0,1
e2c16f30-b0b7-41cb-9946-1ced70d1a291,500,12,134507.0,6007.5142857142855,1,14042.75,1,0.0,171915.96,14326.33,11208.916666666666,-0.2781190570007508,-1089.11658,-10821.68,-1398.91,1,0.1369491232809333,0.0269680022727383,0.0177144693255937,0.0,0.0067287528162015,0.0318867428015409,0.0,0.0138879485069332,0.1030211505668234,0.0020596691546264,0.0728959661453189,0.0927787041994239,0.2617909936924995,0.1815571398955629,0.0080838916875431,0.0,45006.05,0.0,0.334600057989547,40.0,10643.23,0.0,0.0,0,3045.4,4636.2300000000005,3,1,0,1,1,1,2
e343ef3e-0f82-4ab6-b8ef-7f193b293d39,514,12,104661.96,4629.004666666666,1,0.0,0,0.0,123957.6,10329.8,8721.83,-0.1843615388055031,3267.9989688715955,-2482.35,3096.22,1,0.0893132813155466,0.0337784855466708,0.0061799357199558,0.0153316940631312,0.0082643581353624,0.0432514020923283,0.0,0.0265681168399517,0.0067790115329757,0.0250346892808508,0.0,0.1028687228536209,0.4166941760731089,0.170010390649706,0.0120187870691268,0.0,51652.41,443.3,0.4935165555852385,25.0,2848.9,0.0,0.0,0,2666.53,4187.1,3,1,0,1,1,1,2
e362125d-33e9-4e13-ad46-958779ecf73c,469,12,129945.87,5715.154,1,12994.46,1,0.0,143863.91,11988.659166666666,10828.8225,-0.1071064436291818,9864.943773987206,1516.56,21500.65,0,0.1541643070871631,0.0236941982183022,0.0345366673267812,0.0095123926494142,0.0048734946797984,0.0431352797237333,0.0,0.0217655699751244,0.0219870292695367,0.0671545768497463,0.0096683038852482,0.0778619877632965,0.286860061011827,0.2191468311962325,0.0023560460715964,0.0,41268.81,0.0,0.3175846219660539,34.0,11698.71,0.0,0.0,0,6337.07,3408.74,2,1,0,1,1,1,0
e4412033-3597-4f5c-b6ba-2ac89dfd4be8,330,12,102549.86,4749.717142857143,1,0.0,0,0.0,75878.76,6323.23,8545.821666666667,0.2600793409176766,22212.493363636364,1040.04,44560.81,0,0.188277720932709,0.0545500479976214,0.042440466871098,0.0,0.0095188693120446,0.0405245156879211,0.0,0.0,0.001322109111957,0.0253572936616254,0.0,0.0884630956014568,0.2656201814578942,0.1881798015676587,0.0219494888951796,0.0,20154.93,507.13,0.1965378597298914,10.0,273.3,0.0,0.0,0,3220.33,4139.19,2,1,0,1,1,1,5
e46fe2a9-0b4c-4ca9-be51-489be3cf9446,506,12,129902.49,5100.6975,1,13536.09,1,0.0,149696.06,12474.671666666669,10825.2075,-0.1523725218816052,11937.76584980237,3430.61,13062.69,0,0.058587647530603,0.0146880953312999,0.0099543702085412,0.0088521367897057,0.0049306574935906,0.0409969373943442,0.0,0.0229353397811538,0.0469210078074199,0.0456705406942574,0.0410676139372004,0.1054783272184986,0.3068865005531875,0.2140819203925607,0.0154330047163565,0.0,45939.7,0.0,0.3536475705738974,38.0,13552.19,0.0,0.0,0,2815.26,2198.75,2,1,0,1,1,1,0
e4aa44fd-9c89-4596-b108-31db9ca0ee15,430,12,103793.26,4665.675,1,0.0,0,0.0,123171.44,10264.286666666669,8649.438333333334,-0.1866997914893509,12425.684162790698,1732.75,10172.92,0,0.1395694488917236,0.0194838186514666,0.0447135309938732,0.0,0.0057181275139756,0.0142701100190109,0.0,0.0329510639804162,0.0146777532194151,0.0827225856903191,0.0022152862709082,0.0739658479270844,0.3089922469039901,0.2146409914506155,0.0076236828927225,0.0,38059.02,296.54,0.366681034972791,26.0,5162.95,0.0,0.0,0,5507.43,2399.85,2,1,0,1,1,1,5
e4b91989-b061-4692-8740-33ff0066b0ee,432,12,104723.15,4683.74375,1,0.0,0,0.0,99764.41,8313.700833333334,8726.929166666667,0.0473509438934943,16041.214930555554,490.6,25214.25,0,0.1543044257967345,0.0231211711671526,0.0137129062358009,0.0,0.0128345368854484,0.0401031790795936,0.0,0.0290251804225575,0.0927947150692316,0.0433809010648186,0.0432281411778007,0.0616215742668151,0.2204740147313054,0.1336863516759132,0.006033714828765,0.0,21995.46,1086.53,0.2100343620297899,20.0,2319.64,47.46,2.0,1,1368.06,2306.67,4,1,0,1,1,1,5
e4dd3acf-d9f0-4df2-b448-45b50ae1c957,394,12,141121.59,5905.383333333333,1,13224.15,1,0.0,116642.75,9720.229166666666,11760.1325,0.1734592134343157,28494.39766497462,3737.72,44149.56,0,0.0817027204862711,0.0619720471268038,0.0,0.0,0.0084922551980298,0.0438268130681075,0.0,0.0233898806398168,0.0114544624505166,0.0206623214901912,0.0,0.1288530148680479,0.3743962655201459,0.1486106080317893,0.0,0.0,43670.61,0.0,0.3094537837902761,28.0,6019.14,0.0,0.0,0,0.0,7228.59,3,1,0,1,1,1,0
e4ef08ed-e71f-4b9b-8bc5-bacb8c4010d5,472,12,139181.9,5571.2626666666665,1,14338.37,1,0.0,135671.68,11305.973333333332,11598.491666666669,0.0252203770748926,20752.20190677966,2761.55,39671.67,0,0.0552657710142603,0.0143001103841273,0.0377402269950515,0.0,0.0074064830626406,0.0360546873157316,0.0,0.0195323003297372,0.0018051667083358,0.1258281757843641,0.0008550789671064,0.0535071873511111,0.1913953597390405,0.2913135593220338,0.0069991025393066,0.0,25966.93,0.0,0.1865682965960372,16.0,571.55,0.0,0.0,0,5120.28,1940.12,3,1,0,1,1,1,0
e5423048-24c7-4234-9e94-cd79d78b8515,508,12,104305.39,4652.641333333333,1,0.0,0,0.0,111319.45,9276.620833333332,8692.115833333333,-0.0672454223123081,6521.342893700788,-861.54,16336.63,1,0.1659552755605601,0.0151039193959366,0.0123248902146031,0.0146423648338183,0.0087475279477216,0.01281267559263,0.00378110024798,0.0251240012414721,0.015140121515153,0.0894108801292137,0.0022114733768447,0.1077914057246959,0.2218025690928225,0.2122890474216321,0.010711066215293,0.0260836718111704,24690.94,108.58,0.2367177765214242,45.0,12839.15,0.0,0.0,0,3001.98,1681.36,3,1,1,1,1,1,2
e54b8466-5dd4-4a53-8d75-1f7f6d708de9,387,12,57005.61,0.0,0,0.0,0,30871.56,50740.62,4228.385,4750.4675,0.1099012886626421,14132.685788113697,552.16,25924.77,0,0.1570650890745915,0.1011477589355431,0.086072460289212,0.0,0.0137124851844537,0.0638894439996988,0.0,0.0,0.0160646440662333,0.0601799899173482,0.0547884515404029,0.001326156440343,0.012880410211779,0.2485625914701081,0.0,0.0,653.56,475.19,0.011464836531001,42.0,4919.37,0.0,0.0,0,4367.37,5132.3,2,1,0,1,0,0,3
e5904dfd-b571-42ea-89e1-8e6caf9a20c5,331,12,54901.28,0.0,0,0.0,0,33500.28,45386.03,3782.1691666666666,4575.106666666667,0.1733156312566847,10934.166042296072,2177.13,16551.38,0,0.3827558832530627,0.0409886037619946,0.0,0.0036599367690895,0.0155583116655058,0.1251385062760501,0.0,0.0,0.0181915007767808,0.0128964793792274,0.0062741773184391,0.0495623873689767,0.0,0.1811486926704098,0.0,0.0,0.0,174.86,0.0,53.0,1495.25,0.0,0.0,0,166.11,1860.31,2,1,0,1,0,0,3
e601058e-e5b7-4076-905f-23cbbb2cae21,329,12,53386.16,0.0,0,0.0,0,31488.6,65190.74,5432.5616666666665,4448.846666666667,-0.2211168587514066,4122.682948328267,15.07,6331.92,0,0.3466684072001637,0.029588864921613,0.0152573816465344,0.0075355794396566,0.011860733594986,0.0223381418894769,0.0,0.0,0.0024159873012639,0.1426371291382794,0.0006040735233255,0.0464461670476512,0.0168347529112263,0.1856436972490264,0.0,0.0,1097.47,384.77,0.0205572005928128,20.0,2979.14,0.0,0.0,0,1485.89,1928.92,2,1,0,1,0,0,3
e6472bcb-747f-4169-9036-dc830ceb9da4,701,12,53300.09,3765.71,1,0.0,0,0.0,88178.78,7348.231666666667,4441.674166666667,-0.6543833228048956,5503.553908701854,1041.23,6515.83,0,0.1661865813974745,0.0265270170442367,0.0965177789939937,0.1180334996696484,0.0191204732022829,0.1432603172781479,0.0166868945113552,0.0,0.0086029768159641,0.016277045339026,0.0,0.00209664955673,0.0064512119582511,0.2963630252085592,0.0069826323294561,0.0,568.86,1446.58,0.0106727774756102,16.0,1016.24,11.0,1.0,1,18918.87,2339.12,5,1,0,1,0,0,4
e6919cc3-6fc4-491e-ab20-0b9e71650df0,453,12,104477.78,5104.429999999999,1,0.0,0,0.0,84638.32,7053.193333333334,8706.481666666667,0.1898916688314012,20573.38209713024,1272.27,37144.89,0,0.0841726300805592,0.0544305463529994,0.0030173094172946,0.0175525695689611,0.0165077709481946,0.0231831161110003,0.0058478240116297,0.0365306163921968,0.0100908193829934,0.0368219737820883,0.0042785584590998,0.0911328343946335,0.365756078334258,0.1909740174426902,0.0048420148226004,0.0,30956.98,225.07,0.2963020462341371,22.0,3056.38,0.0,0.0,0,1741.0,4606.91,4,1,0,1,1,1,5
e6af8895-a4a2-4c18-97dd-196af1ad3f38,406,12,95585.72,4284.192,1,0.0,0,0.0,98536.35,8211.362500000001,7965.476666666666,-0.0308689415113471,6447.905862068965,333.39,10953.46,0,0.0999673724468178,0.0332775671110204,0.0184069127788881,0.0210065625528041,0.0075387407794179,0.0203779620414192,0.0,0.0,0.0074725723045353,0.0033651540776576,0.0190084166908963,0.090000390718755,0.4838505789995265,0.1170310245914324,0.0104078342662377,0.0,47676.87,355.43,0.4987865342228944,45.0,6763.33,135.22,2.0,1,3883.66,3279.05,2,1,0,1,1,1,5
e71a1d3b-b09b-4939-99b4-e128e300f180,444,12,106998.9,5281.696666666667,1,0.0,0,0.0,91719.7,7643.308333333333,8916.575,0.1427977296962867,16448.214391891892,434.57,32055.59,0,0.0792411008758205,0.0418697400885524,0.0218901719041819,0.0,0.0075584634489646,0.0757660568013196,0.0037068372443433,0.0237417915671333,0.0157232306690928,0.0134854344268461,0.0,0.0590132763190459,0.3800485609961654,0.1611266718055117,0.0026085998972957,0.0,34857.94,111.18,0.3257784893115724,20.0,1398.69,0.0,0.0,0,2007.76,3840.28,2,1,0,1,1,1,5
e7d95182-62b1-436c-9d41-78e2ab9f5365,425,12,93241.21,4585.912,1,0.0,0,0.0,89031.55,7419.295833333334,7770.100833333334,0.0451480627503654,15916.118423529411,1305.96,27140.01,0,0.0968317411075062,0.0271698066584261,0.0589743748143214,0.0,0.0145077784223682,0.0349922022024776,0.0,0.0298748028086672,0.0,0.0228174169718487,0.0721139865586974,0.0994404792458403,0.2621860452839471,0.2252089287449225,0.00507359469761,0.0,23342.83,596.04,0.2503488532591973,44.0,9130.01,82.3,2.0,1,5250.58,2418.97,4,1,0,0,1,1,5
e820a456-009f-4143-99d3-a64fdb2a7b36,433,12,126233.89,5491.924285714286,1,13965.44,1,0.0,136993.28,11416.106666666668,10519.490833333331,-0.0852337672553701,8664.46468822171,544.38,18455.53,0,0.1207524923850279,0.0169813439024162,0.0416078073318632,0.0,0.0048842541765552,0.0270349027339151,0.0,0.0272468839347448,0.0038363925588174,0.0059475180096425,0.0368958973754041,0.1146362799693532,0.3322000903985948,0.1737759691570273,0.0,0.0,45509.18,0.0,0.3605147555858415,22.0,3529.89,0.0,0.0,0,5699.99,2326.33,2,1,0,1,1,1,0
e8435c67-45d8-4357-a148-c4c6177989ed,468,12,99281.08,4980.124,1,0.0,0,0.0,92572.31,7714.359166666666,8273.423333333334,0.0675734994019001,10625.556388888888,1493.47,15855.4,0,0.1540235951765706,0.0259242747642356,0.0191172716765953,0.0213512010232865,0.0114597982917353,0.0085672486729563,0.0062679650102714,0.0249228954100853,0.013164195643384,0.0093237383835403,0.0,0.1015206382988606,0.3475385890230026,0.118941182303866,0.0081536260680974,0.0082497671279889,32172.45,287.74,0.3240541903855196,0.0,0.0,0.0,0.0,0,3746.26,2399.87,3,1,1,1,1,1,5
e890c437-050d-4b39-ad3f-e541f3dcdba8,481,12,141659.06,6239.052857142857,1,12663.25,1,0.0,115502.31,9625.1925,11804.921666666669,0.1846457967460747,28153.15480249481,3794.68,52086.64,0,0.113857203375413,0.0478980030788994,0.0117636608306794,0.0,0.0066632433585094,0.0515148138595669,0.0033020118818402,0.0206463403199468,0.0820215630319428,0.0050942704089641,0.0180156570028772,0.0799545048060077,0.2374701423720443,0.161392529725163,0.0201967389223644,0.0061984907487997,27428.35,0.0,0.1936222787303544,42.0,7881.28,0.0,0.0,0,1358.73,5532.33,2,1,1,1,1,1,0
e8b28451-f158-4d22-8d45-31133b0ace0b,418,12,100478.69,4716.0526666666665,1,0.0,0,0.0,135881.46,11323.455,8373.224166666667,-0.3523410784913695,-5619.849090909091,-14719.42,-8970.63,1,0.1407322971066104,0.0225514945158817,0.0007387321272526,0.0,0.0079043160119121,0.016144145051135,0.0,0.0201489592472733,0.01217060811681,0.0623227039214915,0.0439031196750461,0.0816814891450239,0.3351796484965645,0.1769657170301231,0.0024416870410429,0.0,45544.7,1542.78,0.4532772073362023,16.0,6204.3,0.0,0.0,0,100.38,3064.33,3,1,0,1,1,1,2
e8c34140-75d7-47ff-a91e-40b0c680fc1e,431,12,103874.66,5206.335333333333,1,0.0,0,0.0,124517.17,10376.430833333334,8656.221666666666,-0.1987251751293337,7891.424083526682,434.19,3550.42,0,0.1533371662719286,0.0310827012852926,0.0172705499169311,0.0,0.005259595925606,0.0167075753488454,0.0,0.0219976088438245,0.0561750640493997,0.0463859723120915,0.0527736054393141,0.087767735164556,0.3064166170818049,0.1338539094648553,0.0,0.0,38154.13,192.57,0.3673093129739245,37.0,6900.11,0.0,0.0,0,2150.48,3870.33,2,1,0,1,1,1,5
e949ca1d-d5ef-4c53-90eb-c1e9c0a5679c,456,12,111562.56,4840.045625,1,0.0,0,0.0,127975.61,10664.634166666669,9296.88,-0.1471196967871659,12251.790263157896,1458.48,17550.07,0,0.1131934436569593,0.0209499294435869,0.0370663597540187,0.0098771945685588,0.0098052277305027,0.0465432436696336,0.0,0.0,0.0062466590313576,0.1112392431651624,0.0101520906991574,0.0551205811794919,0.355305514855526,0.1725527231321655,0.0017479893239032,0.0,45470.44,1675.7,0.4075779544678788,31.0,1279.2,0.0,0.0,0,6007.63,2681.08,4,1,0,1,1,1,5
e9725410-7144-4a06-a4bb-f4e0e8ff9ae6,452,12,142529.33,5942.703333333334,1,13961.32,1,0.0,114004.58,9500.381666666666,11877.444166666666,0.2001324920281319,31436.47349557522,4939.17,53124.77,0,0.0782657152896839,0.030783061522616,0.033510671237945,0.0127226467568232,0.0048470859679497,0.0532116341290849,0.0,0.0228818877276684,0.0102404657777784,0.0227201398399959,0.0055794249669618,0.0783900962575363,0.3849537448407774,0.2003023913600664,0.0,0.0,43886.49,0.0,0.307911992570231,37.0,3661.23,33.12,1.0,1,5270.81,3509.41,2,1,0,1,1,1,0
e9892e48-978d-4a43-9675-e1928bcb986d,655,12,50855.48,3608.122857142858,1,0.0,0,0.0,69051.43000000001,5754.285833333334,4237.956666666667,-0.3577972324713089,5025.640580152672,-1200.95,11862.79,1,0.0914445942683591,0.0241631491194317,0.061741081973248,0.1201337901329487,0.037397632460327,0.1072252956962658,0.0272844458108977,0.0,0.0120065580104568,0.0121584737636859,0.030456284540378,0.0,0.0273357119468778,0.2852068378598386,0.007253868601997,0.0,1887.57,1190.04,0.0371163540291036,16.0,552.86,0.0,0.0,0,12558.72,1668.5,7,0,0,1,0,0,4
e9a9886b-d431-4b7c-b5d8-06eb3c68d2f9,517,12,82090.97,0.0,0,0.0,0,0.0,71916.89,5993.074166666666,6840.9141666666665,0.123936652228619,13161.591218568665,-2679.54,31348.67,1,0.4671126629641522,0.0287399802744529,0.0532061383633246,0.0,0.0172332257415469,0.0347982233380781,0.0069420410142874,0.0,0.010219157140972,0.1135745719816304,0.0,0.0,0.010904253507069,0.183049489487101,0.035248882425255,0.0,784.2,1010.6,0.0095528168323507,87.0,10756.12,0.0,0.0,0,3826.42,2066.89,4,0,0,1,0,0,1
e9c7dd95-3683-472f-81e0-13b97c3f4006,494,12,102041.4,4710.77875,1,0.0,0,0.0,92229.17,7685.764166666667,8503.45,0.0961593039687813,18628.07398785425,48.74,28722.84,0,0.087547030944765,0.0476091240981567,0.0424591265431533,0.0,0.0105288814807722,0.0452916360409618,0.0061597648553055,0.029644417270588,0.1384527259651149,0.0041154007999855,0.0,0.0587089746118283,0.2607535121480546,0.1836026497907332,0.0050617391439172,0.0,24049.08,503.8,0.2356796359124826,15.0,1693.17,0.0,0.0,0,3915.97,4390.95,3,1,0,1,1,1,5
e9cb5013-5343-455c-8d2a-b47ba6c353df,392,12,53498.67,0.0,0,0.0,0,32121.48,66853.25,5571.104166666667,4458.2225,-0.2496245233760017,6329.870790816327,-1981.43,16590.4,1,0.1422025107231136,0.0379396663587783,0.0552000089748815,0.0,0.0046729216605026,0.0747462539218362,0.0,0.0062281190518037,0.0046884781218564,0.1029610377954699,0.0658033827824376,0.0041498356474816,0.0008219495686447,0.3538918451982514,0.0179626270974111,0.0,54.95,417.11,0.0010271283379568,52.0,9058.22,0.0,0.0,0,3690.3,2536.39,1,1,0,1,0,0,3
e9d3c8a1-f2f4-48c3-87e4-90d87da84bf4,737,12,49544.44,3538.888571428572,1,0.0,0,0.0,77582.05,6465.170833333334,4128.703333333334,-0.5659083037370086,3098.9351289009496,-355.82,4849.97,1,0.1577337799142972,0.0255046109248208,0.0964827559983269,0.1365670280689928,0.0181504613502736,0.1141365818510854,0.0239591503446995,0.0,0.0,0.0180383220087636,0.0,0.0177891664373395,0.0186709425698341,0.3313399169008811,0.0042552368750245,0.0,1448.53,691.2,0.0292369840087,39.0,4917.81,0.0,0.0,0,18080.48,1978.7,4,1,0,0,0,0,4
e9e28b99-04ea-473d-9aa2-e5a4a0c27f2e,329,12,51856.53,0.0,0,0.0,0,31000.56,42632.5,3552.708333333333,4321.3775,0.1778759589197348,9275.469878419452,184.36,20885.85,0,0.2364977423327273,0.060537383451592,0.0266977071483023,0.0,0.0084290154225063,0.0811800856154342,0.0,0.0,0.0036150823901952,0.0195336890869641,0.0726844543482085,0.0240114935788424,0.0,0.2431403272151527,0.0162308098281827,0.0,0.0,149.20999999999998,0.0,39.0,8011.39,0.0,0.0,0,1138.19,2580.86,1,1,0,1,0,0,3
ea36e21c-c173-4931-ad31-c93cb0cfbe22,460,12,137737.18,5841.881249999999,1,13131.1,1,0.0,128182.13,10681.844166666668,11478.098333333332,0.0693716104830953,27933.83758695652,2052.54,45230.37,0,0.0823737286936954,0.0171776674330501,0.0103564357995923,0.0,0.0056405678389023,0.0323513893863364,0.0033875236743218,0.0271609622963825,0.0088449926678547,0.0969713172967245,0.0463236958224988,0.0674438004735917,0.2325994270808263,0.2430314584412039,0.0,0.0,29815.09,0.0,0.216463630226784,32.0,10622.41,0.0,0.0,0,1327.51,2201.87,2,1,0,1,1,1,0
ea7604db-d124-4d01-b138-e9a707602741,491,12,92890.25,4625.427142857143,1,0.0,0,0.0,157013.85,13084.4875,7740.854166666667,-0.6903157220483312,-11297.327107942974,-31739.99,-30292.85,1,0.1048669273443075,0.0246119689441409,0.0169014389494939,0.0,0.0048583612210005,0.0425586660030309,0.0034766996669402,0.0221514216739478,0.0306939164920801,0.0733887488269346,0.0139910587505497,0.1060836989857901,0.3109442256208608,0.1888182475622373,8.973730661339747e-05,0.0,48822.55,2802.6800000000003,0.5255939132470846,43.0,10081.18,0.0,0.0,0,2653.76,3864.42,2,1,0,1,1,1,2
eabd5b5a-0d7a-429a-8a85-9be3ca3fec89,438,12,104768.99,4548.062,1,0.0,0,0.0,113550.78,9462.565,8730.749166666666,-0.0838205083393472,12100.504292237443,884.32,22981.35,0,0.0448532365871903,0.0270619012920915,0.0148318664125424,0.0,0.0096514528565986,0.0415540958855588,0.0030700801879124,0.0243927870860948,0.0073197207452031,0.0522176069596351,0.1015849472808552,0.0721391786124234,0.3108552843054006,0.1980618715256733,0.0130118877210706,0.0,35297.86,474.22,0.3369113322558516,20.0,6412.75,0.0,0.0,0,1684.1699999999998,3072.9,3,1,0,1,1,1,5
eabf1d1a-bf78-4abd-88c0-5356a62b8ba3,612,12,49789.71,3544.691428571429,1,0.0,0,0.0,76703.62,6391.968333333333,4149.1425,-0.5405516521385643,1521.5188235294115,-4855.53,5576.75,1,0.1271864352686353,0.0403525935281802,0.0367461144597869,0.1204780165525434,0.0263278317242393,0.1484001667717898,0.0144883644344295,0.0,0.0,0.0302672807359026,0.0164619349125895,0.0,0.0084560546164574,0.338932112982412,0.0,0.0,648.61,1074.01,0.0130269889099575,40.0,4602.62,0.0,0.0,0,12059.66,3095.19,6,0,0,0,0,0,4
ead627a2-67d9-40ce-9150-2cea82754ca2,433,12,87797.45,0.0,0,0.0,0,0.0,89158.15,7429.845833333333,7316.454166666666,-0.0154981722134298,13509.38674364896,1588.25,22465.59,0,0.4128091486869119,0.0272718758744994,0.0784307435719561,0.0,0.0127680980370274,0.0085098221531065,0.0,0.0,0.0,0.1913523329050681,0.0,0.0,0.0362737450249921,0.1519032191672886,0.008839461114884,0.0,3234.1,2504.78,0.0368359217722154,28.0,2982.61,0.0,0.0,0,6992.74,2431.51,3,0,0,0,0,0,1
eb1cc21e-500d-4845-b824-8732da38d8d7,473,12,97083.12,4576.4742857142855,1,0.0,0,0.0,116574.66,9714.555,8090.259999999999,-0.2007716686484736,1804.5396405919664,-2441.11,-1414.05,1,0.2038310898783663,0.0210539751949523,0.0030592411764271,0.0179981652959571,0.0061625742678554,0.042006641923725,0.0,0.0262047515300494,0.0340517398892692,0.0251606995894305,0.0,0.1330341430976508,0.3008028502935371,0.1121177621277214,0.0,0.0,35065.99,865.72,0.3611955404811877,29.0,2846.32,291.25,1.0,1,2454.76,2454.36,2,1,0,1,1,1,2
eb6c1a46-8b7f-4601-b7cd-c344227c26ac,746,12,54008.45,3789.202857142857,1,0.0,0,0.0,102767.04,8563.92,4500.704166666666,-0.9027955810618524,-5363.846876675603,-14495.19,-13435.71,1,0.2190996257165721,0.026217744521979,0.0336209936571102,0.0792032153499799,0.0197239309412823,0.1156998391702242,0.0181358731359782,0.0014510488966112,0.008208176473702,0.0270000965290038,0.0402116281640494,0.0,0.0049719248506135,0.2996874289655515,0.0,0.0,510.95,2267.87,0.0094605566351191,50.0,4558.71,0.0,0.0,0,11594.61,2694.32,6,0,0,1,0,0,4
eb7a5769-db5d-4172-aebb-d2a883f950d5,441,12,93946.11,4910.295714285714,1,0.0,0,0.0,137290.81,11440.900833333331,7828.8425,-0.4613783370061836,-8956.012222222222,-24307.28,-20004.42,1,0.1768995317312207,0.0174936690955498,0.0133430635306179,0.0121205490738964,0.0096527218391383,0.0514995140607007,0.0,0.0205043585947231,0.0429512361388209,0.0016990940617219,0.033354162598356,0.1134124709439765,0.3331723368811066,0.1329042344494871,0.0049538639913334,0.0,45741.5,2618.71,0.4868908356077756,17.0,3882.98,0.0,0.0,0,3495.92,2401.72,4,1,0,1,1,1,2
eb8034a7-efa1-4567-96c2-9d724ea9cdb7,467,12,99454.08,4856.129333333333,1,0.0,0,0.0,108664.74,9055.395,8287.84,-0.0926121884592367,8041.71381156317,596.18,13976.1,0,0.1730227302803098,0.0237783663771707,0.0157285610769417,0.0,0.0089069370616448,0.0425500488935049,0.0053923655456222,0.0259506441555926,0.0037164769363088,0.0398556146179524,0.0200484536198218,0.0798351884889247,0.3460799703749347,0.1582863033583846,0.0019215064610654,0.0,37606.69,424.91,0.3781311938132654,24.0,3231.71,0.0,0.0,0,1709.14,2583.87,3,1,0,1,1,1,5
eb80576f-02a0-46be-97e2-a4d0e242b363,764,12,51613.25,3605.420000000001,1,0.0,0,0.0,94629.24,7885.77,4301.104166666667,-0.833429206647518,-3355.197735602094,-12430.34,-7466.59,1,0.2079448170565462,0.0261690783947963,0.0871886955871145,0.0936400841853955,0.0245537214501564,0.08284955051948,0.0201092178273861,0.0,0.0018724656353575,0.0091540416048992,0.0393535866926544,0.019984520640766,0.0,0.3093291249089605,0.0155953910229015,0.0,0.0,1910.91,0.0,17.0,1890.19,33.46,1.0,1,17111.69,2476.36,7,1,0,1,0,0,4
ebc79dbb-e74a-414a-873e-8c5550dafb14,330,12,105206.41,4554.286875,1,0.0,0,0.0,75864.42,6322.035,8767.200833333334,0.2788992609860939,26598.128515151515,1584.22,43687.34,0,0.1770229048083409,0.0735808696619574,0.0023702810882888,0.0,0.0127155786599304,0.0280417355065787,0.0,0.0,0.0104510124772587,0.0031640655790949,0.0763012489912926,0.088374233929423,0.3125520500914657,0.1457045344840176,0.003694221876342,0.0,23711.58,18.85,0.2253815143012674,30.0,4631.17,0.0,0.0,0,179.82,5582.17,3,1,0,1,1,1,5
ebeb38d7-4c75-45bb-af6b-6262a8d50d43,500,12,103545.68,5217.67,1,0.0,0,0.0,110351.47,9195.955833333332,8628.806666666665,-0.0657274161510167,10514.26022,251.75,20215.5,0,0.1399222864906104,0.0270874506701179,0.0352444783925397,0.0175002652887179,0.0061295966424371,0.1091277714741815,0.0,0.0199913965803989,0.0037111422258353,0.0203913006324247,0.0003495195850132,0.1403349678984792,0.2070650259575155,0.2124015203422301,0.0,0.0,22849.93,792.6800000000001,0.2206748750889462,47.0,4739.44,0.0,0.0,0,5820.46,2989.14,2,1,0,1,1,1,5
ebf705b0-98e4-40c9-828d-dbedc926bccd,629,12,53369.39,3791.0885714285714,1,0.0,0,0.0,65635.3,5469.608333333334,4447.449166666666,-0.2298304327630502,9161.599809220988,750.95,12246.47,0,0.1037155311242578,0.027307713989271,0.091638188596685,0.127043831596717,0.0220526149800488,0.0913222000965943,0.0280385707081402,0.0,0.0113940212050527,0.019247569524326,0.0056344680377784,0.0095923992120093,0.0,0.3515106962259638,0.0,0.0,0.0,377.44,0.0,32.0,2539.57,0.0,0.0,0,14353.26,1792.35,5,1,0,1,0,0,4
ec1c0463-85a4-4754-bea8-edf292295aff,423,12,97788.87,4995.704285714286,1,0.0,0,0.0,89801.25,7483.4375,8149.072499999999,0.0816823018815944,15701.626808510637,1347.99,27069.41,0,0.1255089433610334,0.0360970476468868,0.0453322197630879,0.0,0.006636655948553,0.0044091813866733,0.0040136412355061,0.0379780905054217,0.0047078409264904,0.0064402221572639,0.0237191575841093,0.1010873456661238,0.3059752509012959,0.163761751645996,0.0418756977213568,0.0,27476.96,600.48,0.2809824880888796,17.0,2315.51,0.0,0.0,0,4070.89,3241.56,2,1,0,1,1,1,5
ec4fe3e8-d316-47dc-b502-74e0009013e7,335,12,59097.91,0.0,0,0.0,0,33037.44,40389.48,3365.7900000000004,4924.825833333333,0.3165666941521281,22350.772895522387,3308.13,37025.9,0,0.1182137031722121,0.0425402852425928,0.0,0.0097760604989219,0.0073316120930499,0.1484396431942178,0.0025343232940854,0.0,0.0042790845537006,0.0563780469567818,0.0881321076676401,0.0,0.0,0.3338998174772242,0.0185649827628382,0.0106822370577685,0.0,313.62,0.0,39.0,3549.77,37.67,1.0,1,394.85,1718.18,1,0,1,1,0,0,3
ecf5f7a4-7b6a-448f-9fc5-5e4c8cd4e8af,451,12,138779.83,5754.178666666666,1,13842.38,1,0.0,114926.54,9577.211666666666,11564.985833333332,0.1718786512420428,36149.8099556541,4234.72,60978.58,0,0.0903274387273818,0.0146605823163213,0.0037075857325905,0.015152374725629,0.0057669011874889,0.009330220852381,0.0,0.0262138754024962,0.0020084133743171,0.0743474048727125,0.1149723118785269,0.0752025598264769,0.2173099442478647,0.2698714326560252,0.0013987195646888,0.0046725499610446,24974.68,0.0,0.1799590041290582,78.0,20176.56,0.0,0.0,0,2167.51,1684.89,2,1,1,1,1,1,0
ed943949-13b4-4bad-aa29-f55921487320,505,12,107778.4,5004.804375000001,1,0.0,0,0.0,128873.45,10739.454166666666,8981.533333333335,-0.1957261380759037,5119.973445544554,-1075.33,5984.84,1,0.1303248264091634,0.0245497424023334,0.0132207215683292,0.0,0.0102280958568269,0.1034191293862312,0.0029587164772883,0.0224244016125897,0.0588247618109082,0.0230479590637171,0.0,0.1216231116649705,0.2934132670460828,0.1674043800332807,0.00808692558475,0.0,37813.18,475.37,0.3508419126652464,27.0,8985.43,0.0,0.0,0,1703.8,3163.81,4,1,0,1,1,1,2
edb3ff54-1c9a-40e3-abc0-36a4a34fb9e2,523,12,143889.65,6120.438125,1,13591.6,1,0.0,165969.13,13830.760833333334,11990.804166666669,-0.1534473118810144,14984.22189292543,4197.83,23738.99,0,0.101980109192595,0.0227650768549548,0.0385372267722316,0.0083554092258,0.0066516586548353,0.0171019755300277,0.0018801086684011,0.015793539437123,0.1090036442319122,0.0807820104859259,0.0251568469389458,0.050646948622313,0.245470528163882,0.2067836350048952,0.0,0.0,40740.53,0.0,0.2831373208566425,25.0,2520.05,0.0,0.0,0,7782.73,3778.3,3,1,0,1,1,1,0
edca6ff3-5d0b-49da-af8f-51fa781641da,450,12,91712.48,4361.695333333334,1,0.0,0,0.0,97309.43,8109.119166666666,7642.706666666668,-0.0610271361105923,9563.949666666666,1499.09,15680.21,0,0.0868848990277715,0.0269045867394352,0.0449513474696131,0.0,0.0091116554685398,0.0492136270862957,0.0052852020610952,0.028575545042243,0.0197290231789457,0.0116709141138736,0.0043500408953171,0.1062708927593142,0.4022018215500799,0.1535385625010854,0.0026119770714924,0.0,39138.03,458.6,0.4267470468577449,18.0,5571.47,0.0,0.0,0,4374.19,2618.07,3,1,0,1,1,1,5
ee147800-3102-4a23-b403-eea6815470b7,358,12,107216.66,4925.951875,1,0.0,0,0.0,88322.09,7360.174166666667,8934.721666666666,0.176227929502747,27119.453491620112,1059.33,41799.7,0,0.0721718654982009,0.0355322207615331,0.0093892705664007,0.0,0.0125518995304572,0.0751499426700613,0.0,0.0,0.0,0.1189227972300021,0.0,0.1383420614254033,0.2352474901805426,0.232051347516799,0.0049990891293446,0.0,20777.55,592.5600000000001,0.1937903120653077,15.0,9093.99,32.75,1.0,1,829.28,3138.28,3,1,0,0,1,1,5
ee5141a5-30bf-4e27-b599-261d8590c9e7,320,12,58166.57,0.0,0,0.0,0,32243.76,44078.11,3673.175833333333,4847.214166666667,0.2422088839001508,15136.22878125,2885.51,28613.67,0,0.3236375153108878,0.0416270116844846,0.0,0.0124047968481407,0.0139722415502842,0.0702146711825892,0.0017185401098186,0.0,0.0187478546607374,0.1279317556946066,0.0337353393782083,0.0183862239102357,0.0338789480764942,0.2428949426370595,0.0137328937198078,0.0,1493.32,622.95,0.0256731658751753,19.0,1700.04,0.0,0.0,0,546.78,1834.84,2,1,0,1,0,0,3
ee5722fd-d114-43b7-866a-349b89072f34,439,12,123358.34,5484.227142857143,1,13762.23,1,0.0,105758.55,8813.2125,10279.861666666666,0.142672072273346,19409.430751708427,3794.59,36644.75,0,0.0737471343924439,0.0200424457407935,0.0172884367268651,0.0158081781567542,0.0060589900296477,0.0179885219682002,0.0,0.0195088718595328,0.0665866731342288,0.019369781450294,0.0100784286471401,0.1227882757469726,0.3768020647030429,0.1404451933200672,0.0159583315013301,0.0,39850.04,0.0,0.3230429332949843,16.0,1852.7,0.0,0.0,0,3500.25,2119.66,2,1,0,1,1,1,0
ee74b052-2833-4cb8-937c-6ccbe3adaa9e,409,12,99882.85,4417.96125,1,0.0,0,0.0,107301.21,8941.7675,8323.570833333333,-0.0742706080172922,6348.417408312959,817.05,9690.44,0,0.1500285038724167,0.034147331609774,0.014818099441749,0.0,0.0101558966576425,0.0620399341256263,0.0034043418522493,0.0,0.0,0.0183540334726887,0.0113382691583813,0.1495757596768946,0.2999059376870028,0.1509309168088598,0.0036678989920057,0.0,32180.27,149.34,0.3221801340270126,29.0,2234.44,0.0,0.0,0,1590.0,3664.05,3,1,0,0,1,1,5
ee963713-7370-4198-a90e-858ed6c545d9,415,12,133943.9,6175.854285714287,1,13486.44,1,0.0,109910.42,9159.201666666666,11161.991666666669,0.1794294477016123,23288.36043373494,4450.13,42368.11,0,0.1863238262577833,0.0353513342956928,0.0024397140871629,0.0099972322915334,0.0065129402653542,0.0444464683148331,0.0,0.0200449602503566,0.0384562264433162,0.0022199896970642,0.0018444111122494,0.0893350239222086,0.3618846147617305,0.1362107432580095,0.0026038477516508,0.0,39774.89,0.0,0.2969518582033224,11.0,370.98,0.0,0.0,0,1366.95,3885.48,2,1,0,1,1,1,0
eea01564-b4e7-46dd-8c8f-0651aedd1f08,433,12,98990.78,4486.726,1,0.0,0,0.0,115546.51,9628.875833333334,8249.231666666667,-0.1672451717220534,9835.602055427253,1980.97,8447.82,0,0.0822840084049271,0.0517583785092254,0.0018667807448273,0.0,0.0119999297252682,0.0140344351378505,0.0,0.0247401674009885,0.0707354986316765,0.0112604006819418,0.1026098494883142,0.1155339957909589,0.2399908054341061,0.2298942650885777,0.0171715268596169,0.0,27730.1,327.57,0.2801281089006471,31.0,5637.96,0.0,0.0,0,215.7,5980.5,4,1,0,1,1,1,5
eebee2fb-4ce6-4239-8276-7128bb5e534a,320,12,48707.86,0.0,0,0.0,0,28724.52,42018.81,3501.5675,4058.988333333333,0.1373299915044513,9731.23865625,1289.39,17479.82,0,0.4288479373880411,0.0484278350576801,0.043505039766714,0.0,0.0148588215611056,0.0376474250460686,0.0,0.0,0.0038939703432819,0.0024738920497748,0.0894389917277524,0.0,0.0,0.2131871416634597,0.0044568135080455,0.0,0.0,349.45,0.0,25.0,4022.94,0.0,0.0,0,1828.03,2034.88,2,0,0,1,0,0,3
eece2b10-7b57-4fd5-adcf-32cff0dcb061,375,12,53370.25,0.0,0,0.0,0,32915.88,45082.36,3756.863333333333,4447.520833333333,0.1552904473934448,15953.49368,2603.73,22999.1,0,0.2940280854862079,0.0648295697030945,0.1097690981572393,0.0139349404068464,0.0161970225161238,0.0535191591567078,0.0,0.0,0.0183497492145486,0.0132300083669089,0.0296009348224006,0.0,0.0,0.2212257743383443,0.0234430939285343,0.0155832569546048,0.0,560.14,0.0,48.0,2704.06,49.38,2.0,1,5576.87,2922.67,2,0,1,1,0,0,3
ef00caad-2f97-477f-887b-98c0c9b76ddc,428,12,112947.45,5209.696666666667,1,0.0,0,0.0,112939.74,9411.645,9412.2875,6.826183326840801e-05,12334.084042056074,1102.89,17479.55,0,0.0983989338031059,0.0328359176318273,0.0,0.0195375870353517,0.0060991817406344,0.0460504867462949,0.0,0.0202034288373605,0.1457851771218881,0.0038008764673975,0.0,0.1085292032724707,0.3432341884265006,0.1315969029147756,0.0036717810754655,0.0,38764.78,121.04,0.3432107586315583,20.0,1232.81,0.0,0.0,0,2206.57,3708.48,2,1,0,1,1,1,5
ef66a0bd-ac01-4647-a7e4-f2b3e6f1a89c,432,12,95694.96,4357.375333333333,1,0.0,0,0.0,110640.95,9220.079166666666,7974.579999999999,-0.1561836694429885,2637.672453703704,-3478.88,4593.91,1,0.0717270594657764,0.0274258310327234,0.0300434875152463,0.0,0.0062559115770426,0.0473388017727613,0.0,0.0160221870835346,0.0110400353576139,0.0242556666406063,0.0,0.079014144401327,0.4195662636663911,0.1772836368451283,0.0284127169913128,0.0,46421.21,462.67,0.4850956623002925,22.0,1368.0,0.0,0.0,0,3324.04,3034.42,2,1,0,1,1,1,2
ef98e2ad-cf61-4d54-b549-7552392fced2,503,12,95895.25,4357.759333333333,1,0.0,0,0.0,100931.97,8410.9975,7991.270833333333,-0.0525231437427818,15123.721650099404,1543.31,23134.6,0,0.1064040462105317,0.0445730921530611,0.0127662226349094,0.0277395754784138,0.0121789954164176,0.0265775056208652,0.0,0.0395254348052455,0.0183483984311412,0.0839215760873388,0.0083349210364169,0.0579931215055051,0.2328502059357406,0.2616208719595981,0.0075682660310702,0.0,23502.03,324.03000000000003,0.2450802307726399,20.0,10284.65,0.0,0.0,0,4088.33,4498.85,4,1,0,1,1,1,5
efaf2bc6-8d0f-442e-8edf-c862dadb6f11,436,12,126833.96,5407.647142857143,1,13434.63,1,0.0,123937.61,10328.134166666669,10569.496666666666,0.0228357610217325,10341.08266055046,3630.11,21412.86,0,0.1387673201056564,0.0354357325431723,0.0,0.0123608160589832,0.0055379476819022,0.0061226773696862,0.0,0.025923446482468,0.0404868223616705,0.0031125337982554,0.0142049697424373,0.1090763328419839,0.3434919392103818,0.1329853786917466,0.0019683290649222,0.0,42571.57,0.0,0.335648039373682,12.0,1456.42,0.0,0.0,0,1531.97,4391.82,2,1,0,1,1,1,0
efd9513e-8aa8-4d21-9c19-ba28158e6af3,414,12,102944.84,4993.234285714286,1,0.0,0,0.0,137693.54,11474.461666666668,8578.736666666666,-0.3375467871920536,-6948.06920289855,-13653.82,-2348.57,1,0.1200378754152155,0.0221544888743509,0.0187285474685304,0.0139307915244244,0.0069580606323288,0.0435607218755505,0.0,0.0,0.0012011456746627,0.0204799005094937,0.0521180586975975,0.106800289977293,0.3440474404245834,0.184830239675732,0.001536818648137,0.0,47373.11,1651.08,0.4601795485815511,30.0,11788.54,0.0,0.0,0,4496.9800000000005,3050.53,3,1,0,1,1,1,2
eff43958-05fb-4c7e-b46c-0076d6bd8d9a,506,12,80559.41,0.0,0,0.0,0,0.0,70797.35,5899.779166666667,6713.284166666667,0.1211783949261793,16467.944881422925,1069.48,30036.67,0,0.2650912781339979,0.031478014360707,0.0591495303143408,0.0,0.0177510881410109,0.0441065943852418,0.0121611896490475,0.0,0.083992974313304,0.0993280115710545,0.0139289111809975,0.0,0.045539133880011,0.2361229622295184,0.0120655646009349,0.0076309353386814,3224.05,584.3599999999999,0.0400207747301029,32.0,2135.3,10.61,1.0,1,4187.63,2228.56,4,0,1,1,0,0,1
f00b794e-9152-432e-8fe4-3c91dfc32320,508,12,81098.52,0.0,0,0.0,0,0.0,84826.05,7068.837500000001,6758.21,-0.0459629842813407,9642.169232283464,-165.37,19569.95,1,0.3720631810628927,0.045355642517835,0.062978530769734,0.0,0.0149398681183433,0.020630219136692,0.0074424071379016,0.0,0.0053739387841352,0.0287984646226011,0.0683060215582359,0.0174728164284438,0.0063882498359878,0.1868258630456091,0.0679992761657533,0.0,541.89,1699.72,0.0066818728627846,25.0,1176.43,67.13,1.0,1,5342.22,3847.34,4,1,0,1,0,0,1
f0fdddf5-2d61-4b15-8040-ca508d3b92d0,687,12,54321.29,3840.738571428572,1,0.0,0,0.0,88971.88,7414.323333333334,4526.774166666667,-0.6378823109686829,-234.30569141193595,-7292.54,1594.5,1,0.1394755286726547,0.0262560485402803,0.0498858740536897,0.1077340391143808,0.0142743977085793,0.1286499734522863,0.0234107675368891,0.0,0.0,0.0309719205663632,0.0141390740535099,0.0326330071928344,0.0329990779109084,0.3322717245044165,0.0119383787326962,0.0,2935.99,888.65,0.0540486059885543,30.0,7292.429999999999,0.0,0.0,0,14023.74,2336.05,4,1,0,0,0,0,4
f1819963-1c6d-4fd5-b2fc-6a8730551d21,423,12,131930.13999999998,5350.3,1,13538.0,1,0.0,134285.36,11190.446666666665,10994.178333333331,-0.0178520238059324,15012.418203309691,4951.1,18697.66,0,0.1368295099331751,0.0116335838843489,0.0008943640617264,0.0,0.0071249762446181,0.0017700365847773,0.0,0.0228795603630954,0.1273951978086069,0.0045690014160888,0.0601758076978756,0.0751262833118964,0.3610347397512282,0.1280447101605119,0.004903289532083,0.0,48481.68,0.0,0.3674799405200358,21.0,7398.72,0.0,0.0,0,120.1,1562.22,3,1,0,1,1,1,0
f1b68741-8fb2-49c9-9cd6-9e02a6bfd65c,466,12,98960.22,4407.133333333333,1,0.0,0,0.0,73436.4,6119.7,8246.685,0.2579200005820521,25051.42118025751,1619.89,45606.07,0,0.0899959693013273,0.0422270154855085,0.0,0.0311174022691744,0.0139323278374212,0.0604463181746381,0.0,0.0333060988828428,0.021523658567141,0.0054659542134418,0.0,0.0813076349058505,0.3118953271129848,0.1995562146292574,0.0416262235076882,0.0067331731947644,22904.47,496.35,0.2314512841624645,29.0,1252.04,0.0,0.0,0,2285.15,3101.0,3,1,1,1,1,1,5
f221280e-dadb-4150-a1d0-49540aa53ad4,501,12,103014.28,4653.945,1,0.0,0,0.0,99777.54,8314.795,8584.523333333333,0.0314203040588159,14819.409201596804,1835.16,23074.85,0,0.0875360326582515,0.0269754094959647,0.0024051504977973,0.0210394042587139,0.0150430648019584,0.0367818248475558,0.003218760454507,0.0272897086859427,0.1825575174533266,0.0134828940460949,0.0,0.0691161558001931,0.2800885850663385,0.1331476001512965,0.0125367893415692,0.0,27946.55,366.48,0.2712881165601506,37.0,4612.88,0.0,0.0,0,2339.24,2691.54,4,1,0,1,1,1,5
f284914c-b958-49a4-bd34-d36f4d661e42,383,12,116367.94,5179.110625,1,0.0,0,0.0,102290.36,8524.196666666667,9697.328333333331,0.1209747289502589,23769.07723237598,1950.83,29707.84,0,0.1165287716261825,0.0356503780023845,0.0140883266028196,0.0,0.013951070267032,0.0245304640632802,0.0036076713387263,0.0,0.0,0.0301896483696019,0.0115810522125447,0.1416734675682048,0.3251982884799702,0.137111454099878,0.0159338573058106,0.0,33264.65,278.92,0.2858575136760176,16.0,2610.08,0.0,0.0,0,1441.1,3646.69,4,1,0,0,1,1,5
f314917b-9c28-4cec-89c8-ce380d649745,510,12,140834.67,5806.125333333333,1,13703.83,1,0.0,100555.01,8379.584166666666,11736.222500000002,0.2860067055931612,37381.63209803922,4097.19,63812.9,0,0.0963306552304057,0.031304158788309,0.0089560927894094,0.0147026985527623,0.0095412451353741,0.0695974273186388,0.0044836154856928,0.0186936483821144,0.0630591156024945,0.0424043516081396,0.0010963153402301,0.089048273179029,0.267803961234751,0.2105324239935931,0.0061517571327375,0.0034289688798201,26929.03,0.0,0.1912102325372012,23.0,3624.71,0.0,0.0,0,2379.01,3147.79,3,1,1,1,1,1,0
f32226f3-c76b-4b9e-b178-291ae8cf687a,465,12,135026.85,5805.028571428571,1,12979.21,1,0.0,107807.87,8983.989166666666,11252.2375,0.2015819816577222,26048.20860215054,3251.19,46714.56,0,0.1473136423157233,0.0251295197651154,0.0220123076357969,0.0,0.0100185635798202,0.0268706727996759,0.0041570248999446,0.0175441737231242,0.1151746157307439,0.0171337213136666,0.0016759444370805,0.1074198015413902,0.2989279910641032,0.1563072343419826,0.0100152243059806,0.0,32226.79,0.0,0.2386694942524394,32.0,4216.43,0.0,0.0,0,2373.1,2709.16,3,1,0,1,1,1,0
f334cf4e-2427-4b41-b14b-24bc0a08141e,471,12,140960.48,6227.186000000001,1,14830.44,1,0.0,121018.62,10084.885,11746.706666666669,0.1414712832986948,27223.99983014862,3547.49,47444.95,0,0.1378915079348946,0.040932048307938,0.030758241996149,0.0113171840829121,0.0054347835068686,0.01707571942235,0.0,0.0210720465991101,0.050161537125444,0.0377914572154268,0.0031205115378112,0.0515188489176293,0.2842860875458669,0.2080557520817871,0.0251241503167033,0.0,34403.91,0.0,0.244067769916788,25.0,8246.81,0.0,0.0,0,5091.91,4953.54,2,1,0,1,1,1,0
f35c8754-02ab-46ae-adc6-cfe942f9b871,358,12,56027.72,0.0,0,0.0,0,30796.92,63052.61,5254.384166666667,4668.9766666666665,-0.1253823999977154,10848.302402234636,25.67,14174.95,0,0.2322405051908239,0.0652204563776186,0.044109514261186,0.0,0.0059432908487055,0.040767384569806,0.0,0.0,0.0,0.1130448049652504,0.0932874943638336,0.0,0.029183565914242,0.3223922054931588,0.0033113617342723,0.0,1840.1,392.84,0.0328426714490612,24.0,1417.4199999999998,71.07,1.0,1,2781.22,4112.32,1,0,0,0,0,0,3
f3a7f8ae-5ed5-4039-b655-1da902d7c6ab,461,12,129638.54,5573.544,1,14694.14,1,0.0,98274.29,8189.524166666666,10803.211666666668,0.2419361557141881,32837.56885032538,3954.14,58476.84,0,0.0863352968512924,0.0373827172905548,0.0092278458587693,0.0141853988464327,0.0095402368208409,0.0901246908016328,0.0042146323316098,0.0284697045381859,0.0125246389467682,0.0107949902258261,0.0255746441922907,0.0900326016092306,0.2665666676401325,0.2489532104480225,0.0036690165861284,0.0,26196.65,0.0,0.2020745528297372,18.0,1944.89,0.0,0.0,0,2300.92,3673.76,3,1,0,1,1,1,0
f3d991a0-71ce-42b2-8753-3514a6d3c4f6,467,12,108515.3,5296.144285714286,1,0.0,0,0.0,126406.32,10533.86,9042.941666666668,-0.1648709444658956,3506.4459743040684,-2463.7,3661.61,1,0.1296975499326299,0.0304795677937622,0.0145167583392982,0.0184523210548333,0.0053009216627776,0.001663128868873,0.0029878252922796,0.0216270832028018,0.0075851428947539,0.0458685135363485,0.0259555060221672,0.1168808648175186,0.3080788207425072,0.1648993499692104,0.0017423970573623,0.0,38943.11,245.95,0.3588720668882637,19.0,6189.38,112.36,2.0,1,4167.5,3852.81,2,1,0,1,1,1,2
f4191c56-6b5a-402c-b727-265cfb30d465,479,12,129679.68,5609.062857142858,1,13573.24,1,0.0,120493.16,10041.096666666666,10806.64,0.0708400884394531,22544.867557411275,3445.08,43346.65,0,0.0802554269470565,0.0260772478703355,0.0099324310193209,0.0161271394990387,0.0046580237417626,0.048361085392731,0.0,0.0235264806732597,0.0241945683887782,0.0675818444798028,0.0487049223375003,0.0442792769315702,0.2736329597464287,0.2670854511575595,0.0101289566976249,0.0,32970.9,0.0,0.2542487766780424,30.0,8246.82,0.0,0.0,0,3140.0,3142.13,2,1,0,1,1,1,0
f4560fdc-14ae-454d-955b-cfeddfdd5f12,712,12,50555.42,3582.8928571428573,1,0.0,0,0.0,107570.63,8964.219166666668,4212.951666666667,-1.1277764085433373,-12793.070393258426,-24904.05,-23844.15,1,0.1935264300302043,0.0116865542202365,0.0229378595254113,0.1006561921223292,0.0129224863701179,0.0626543695058772,0.0141784983503396,0.0077575077881388,0.0183543593637036,0.0285780607587777,0.0331995824510835,0.0286534530847313,0.0432174655851694,0.2861398134416429,0.0125969328245079,0.0,4648.93,2952.52,0.0919571037091572,24.0,3069.86,120.19,3.0,1,13295.09,1257.13,4,1,0,1,0,0,4
f5e0ada9-2220-4d59-b09a-0cc8448d7f1f,496,12,129697.16,5801.602857142857,1,13619.48,1,0.0,120435.97,10036.330833333332,10808.096666666666,0.071406266721646,22569.10360887097,4906.28,37987.24,0,0.1312176088256689,0.0345141904034151,0.0278161084267432,0.0094953359864166,0.0053192580256546,0.0302074205903767,0.0,0.0271068518815433,0.057931779019175,0.0078971423570549,0.0219964185118449,0.0713118348280833,0.3261095501617996,0.1757425128057672,0.0228247424751924,0.0001228868750756,39275.32,0.0,0.3028232846424702,31.0,4792.1900000000005,0.0,0.0,0,4493.64,4156.75,2,1,1,1,1,1,0
f5ee3970-42e3-4bea-a8a1-dea296aaf251,427,12,134909.42,5637.031333333333,1,12794.61,1,0.0,122135.7,10177.975,11242.451666666668,0.0946836773888733,27652.917096018733,3552.85,43133.18,0,0.1507176034525532,0.0258181678248047,0.0222722758374496,0.0104759705802644,0.0076553374648034,0.013714499527984,0.0,0.0289918508675186,0.0079100541446931,0.0659128330209758,0.0114288451288198,0.0747546376694119,0.2686989144042241,0.2139559522727589,0.022921308020505,0.0,32817.73,0.0,0.2432575130780341,15.0,1006.23,0.0,0.0,0,3999.73,3153.32,3,1,0,1,1,1,0
f6353bae-f80c-495c-95df-62e569bb1d0c,456,12,105338.05,5186.647333333333,1,0.0,0,0.0,114819.69,9568.3075,8778.170833333334,-0.0900115390402613,7002.644298245614,1268.75,9140.45,0,0.162775827038028,0.0314771795673721,0.0067781057412713,0.0,0.0117648810931295,0.0179854169611501,0.0044769324843151,0.0217315514438333,0.0016854252088644,0.0309166485295335,0.022062418039972,0.0934439032190384,0.3223205009524063,0.1442875346554236,0.0296388189168599,0.0,37008.74,812.92,0.3513330653073604,17.0,5184.92,0.0,0.0,0,778.26,3614.2,4,1,0,1,1,1,5
f65c7c7c-0ff2-4ff3-9efb-a07e2c5dfd84,441,12,98786.52,4278.75375,1,0.0,0,0.0,101402.68,8450.223333333333,8232.210000000001,-0.0264829654896233,10919.653990929706,924.57,19684.44,0,0.138286088691147,0.0340125132787417,0.0491768067668428,0.0197626926625607,0.0058267690755313,0.036766286650412,0.0034458655333369,0.0213423353307821,0.0141842404954188,0.0030592879793709,0.0,0.1174179025643109,0.2862531838409004,0.1860520846194597,0.0381109256678423,0.0,29026.84,519.14,0.2938340170298538,21.0,1042.29,37.22,1.0,1,6990.65,3448.96,2,1,0,1,1,1,5
f6e4ed22-2168-475c-aa44-8ccc43a8a9cd,706,12,53693.06999999999,3830.4585714285713,1,0.0,0,0.0,93281.07,7773.4225,4474.4225,-0.7373018529206843,3760.331770538244,-6172.43,1118.54,1,0.0957516889546828,0.013818988139823,0.0626888177847874,0.0975094946916882,0.0161098066306486,0.1621883196665733,0.0187345621142639,0.0,0.0082278215719438,0.0142067409818519,0.0253411544271522,0.0049609207956126,0.0,0.3343893889724893,0.0183952649771277,0.0029210642630921,0.0,1348.92,0.0,59.0,6745.2,0.0,0.0,0,14943.47,1289.05,5,1,1,1,0,0,4
f6e85f91-cc14-4d19-817b-ae0e923860da,414,12,109585.88,5080.800666666667,1,0.0,0,0.0,79391.74,6615.9783333333335,9132.156666666668,0.2755294751477106,24733.027439613525,1204.33,48688.84,0,0.166988026714114,0.0446541416021364,0.0,0.0153253978310589,0.0134498878598705,0.0069708763153446,0.0,0.0390670364448492,0.0497884288718196,0.0301104371815002,0.0406318088002605,0.0725207685333512,0.2589040119286968,0.180066969183444,0.0051895826946228,0.0131351195980841,20554.84,156.23,0.1875683254083464,26.0,1178.56,0.0,0.0,0,1216.71,3545.17,3,1,1,1,1,1,5
f7079454-b8d4-48f2-9daf-a0364f31f322,741,12,49847.16,3512.172857142857,1,0.0,0,0.0,118466.61,9872.2175,4153.93,-1.3765969816535184,-9346.18028340081,-29566.86,-26159.82,1,0.1760351714293166,0.0066038016956845,0.0741977845065373,0.0764791868358518,0.0120455037921655,0.0498924549288614,0.0158984037780772,0.0,0.0622501141882932,0.0904494523815613,0.0,0.0,0.0,0.3024659859854182,0.0108953906927867,0.0148645259622099,0.0,2582.22,0.0,47.0,9154.22,0.0,0.0,0,17850.19,782.33,4,0,1,1,0,0,4
f77f7bfb-34dc-4fa6-8653-63a8d3a39c99,397,12,133371.86,6147.532857142857,1,13464.04,1,0.0,114193.7,9516.141666666666,11114.321666666665,0.1437946505357276,20744.8801511335,3532.41,40232.6,0,0.1307993348144425,0.0223266257245364,0.0,0.0,0.0048977307854986,0.0197439963850895,0.0047498242022108,0.0189546358511896,0.1395834446208503,0.0179032643657224,0.0246858627052105,0.0993319246158063,0.2950633879101911,0.161876530841894,0.0264445411612024,0.0,33694.38,0.0,0.2526348511597573,37.0,9610.41,0.0,0.0,0,0.0,2549.56,2,1,0,1,1,1,0
f83cb3b9-9dd1-4eb4-b472-f92379078d2e,485,12,81780.22,0.0,0,0.0,0,0.0,90099.02,7508.251666666667,6815.018333333333,-0.101721418700023,8712.98387628866,-2475.36,25146.93,1,0.311404496963452,0.0249501048957025,0.0589804417406537,0.037207063961406,0.0111033394147905,0.0547958235283802,0.0,0.0,0.0,0.0106419581478244,0.1598101732960025,0.0012404130477778,0.0047546577088185,0.2152277571942513,0.0020532964731469,0.0049435609843481,428.39,1946.98,0.0052383082363926,43.0,8979.36,0.0,0.0,0,8666.4,2247.98,3,1,1,0,0,0,1
f84a89d6-18db-4edb-ae79-d0ae1d3c7167,491,12,93208.12,4730.522857142857,1,0.0,0,0.0,123988.75,10332.395833333334,7767.343333333333,-0.3302354987955985,-827.4123014256619,-9119.31,-3723.92,1,0.167889586756863,0.0336620862779889,0.0181219667106894,0.0,0.0111414946920587,0.0,0.0,0.0304364710508009,0.0418721053321369,0.0019723563629764,0.1184563115605246,0.0661681805808994,0.2497654827554919,0.1960389148209011,0.0214767065560383,0.0100496214374288,30968.11,1078.98,0.3322469115351752,35.0,18675.65,0.0,0.0,0,2246.92,4173.72,4,1,1,1,1,1,2
f8517253-6c82-4116-8150-189ad2426164,545,12,86161.45,0.0,0,0.0,0,0.0,75547.19,6295.599166666667,7180.120833333333,0.1231903594937178,18119.86667889908,-1484.55,32001.9,1,0.33603222039099,0.0479211735075785,0.0587720072712168,0.0541537018120726,0.0124649242413913,0.0607159578006806,0.0,0.0,0.0022727516403985,0.0062248509838684,0.072482907703119,0.0439280402090402,0.0557783816975853,0.1651427405837331,0.0,0.0,4213.9,1389.37,0.0489070228042819,79.0,8394.92,0.0,0.0,0,8531.22,3620.31,3,1,0,1,0,0,1
f89d1b4f-6e55-4626-8746-88217180eee6,482,12,105929.48,5125.196875,1,0.0,0,0.0,97199.14,8099.928333333333,8827.456666666667,0.082416528430046,19670.38479253112,1105.0,27662.95,0,0.139218412837809,0.0408424395524487,0.0035949906552671,0.0,0.0106940246590659,0.0602790312753795,0.0044043599562712,0.0258340763097286,0.1024103711205675,0.0043624871578081,0.0,0.1193974555741954,0.2890204584114633,0.1100993280393221,0.0316230164176349,0.0066788656772066,28092.54,853.4,0.26520039558393,29.0,3543.02,0.0,0.0,0,349.43,3969.85,3,1,1,1,1,1,5
f8d6016a-76b0-41ed-8247-5d7c17a57429,485,12,101394.42,4354.908666666667,1,0.0,0,0.0,141049.99,11754.165833333333,8449.535,-0.391102094178358,-724.6651546391752,-13381.54,-9973.46,1,0.1405037320456385,0.0282334653125462,0.0,0.0204016320738484,0.0052467213928905,0.0432490636830247,0.0038140378457311,0.0,0.000377738417422,0.0939257067653815,0.0106906069259558,0.0757835573047541,0.2801883927818782,0.1871757665491503,0.0169040068701883,0.0,39520.57,1175.41,0.3897706599633392,62.0,9608.88,0.0,0.0,0,2877.65,3982.33,2,1,0,1,1,1,2
f91d5980-f784-4ede-b462-add9c736d955,490,12,86565.77,0.0,0,0.0,0,0.0,58890.45,4907.5375,7213.814166666667,0.3197028109378568,25333.261204081635,476.18,40464.77,0,0.4243319587471312,0.0413793747543107,0.0732285115837966,0.0,0.030057844692985,0.0837337802648816,0.0113441143682889,0.0,0.0129613545150359,0.0314234311335708,0.0303777607404935,0.0132282908349316,0.0234859811735179,0.1718017097848632,0.0051794476014362,0.0,1383.1,744.65,0.0159774469747106,28.0,3748.78,0.0,0.0,0,4312.46,2436.85,5,1,0,1,0,0,1
f92addc8-a578-49f0-a8ef-56185285e940,441,12,134415.25,5789.364285714285,1,14314.88,1,0.0,117444.14,9787.011666666667,11201.270833333334,0.1262588136390774,27650.908911564627,3348.81,46230.25,0,0.1764956514646026,0.0272146400833621,0.0,0.0130426260518404,0.0061552666654973,0.0084486973977586,0.0,0.0270347247636195,0.0030219472848964,0.1320133128821923,0.0,0.0979082481254492,0.2293892228254215,0.2189447681255105,0.0113091210851388,0.0163766365865508,26940.42,0.0,0.2004268116898938,43.0,15710.27,0.0,0.0,0,1531.78,3196.2,2,1,1,1,1,1,0
f993933d-4cfe-42f2-b532-4f58f9b12c6d,514,12,119628.28,5191.35375,1,0.0,0,0.0,104853.49,8737.790833333334,9969.023333333333,0.1235058298923966,24835.564727626457,838.96,39218.5,0,0.0769829406727425,0.0324866630571858,0.0304450524250551,0.0196287219433516,0.0129709559500594,0.0502198830005563,0.0046573557065196,0.0205402795843991,0.077929213419601,0.0425368769318026,0.0083879897559919,0.1185938589168563,0.2055592045624805,0.1805538375498994,0.0,0.0,21553.6,822.48,0.1801714444109703,9.0,2175.75,0.0,0.0,0,5250.41,3406.34,4,1,0,1,1,1,5
f9e274f1-c4fe-4be7-9507-ada5fdfc6053,512,12,134196.25,5444.455333333333,1,14224.29,1,0.0,131429.76,10952.48,11183.020833333334,0.0206152556423893,14651.75064453125,2164.59,28991.4,0,0.1950301819009636,0.0193099340666832,0.0296889380304734,0.0082486645338163,0.0050184980935824,0.0293890059602939,0.0043201783218656,0.0256194639631085,0.1126400900374466,0.0107773916653275,0.0267804643331921,0.126842885507818,0.1987879305265413,0.1640562989691223,0.0010966313869857,0.0,26126.65,0.0,0.1946898665201151,29.0,8676.25,0.0,0.0,0,4986.13,2537.9,2,1,0,1,1,1,0
fa64b23a-6f77-4557-aab6-56996cb6425a,539,12,130972.23,5524.5257142857145,1,13443.7,1,0.0,137598.29,11466.524166666668,10914.3525,-0.050591335277715,15753.541595547307,4144.73,20926.83,0,0.1980949036503287,0.0138746637040329,0.020563336942632,0.0121449910460369,0.0043959848628932,0.0450224345084521,0.0043702577989886,0.0187604802356192,0.1262812931759544,0.0306277062018721,0.0,0.0945653467059801,0.1869966552636664,0.1500787546124301,0.0033621057354709,0.0,25730.42,0.0,0.1964570657459218,45.0,6376.7,0.0,0.0,0,4500.61,1909.13,2,1,0,1,1,1,0
fa690743-6568-4f3a-b55f-7a8ea150c357,453,12,94737.07,4869.651428571428,1,0.0,0,0.0,128035.31,10669.609166666669,7894.755833333333,-0.3514805767161683,-5273.4666887417225,-16968.87,-10356.8,1,0.1637392060049685,0.0327355789586482,0.0197565812118547,0.0,0.0085123392914032,0.0207049133555423,0.0,0.0189446176996017,0.130422537345362,0.0180447878011151,0.0590937765527337,0.110637214062277,0.1705418606789017,0.1705769291299408,0.0009835568016354,0.0,21835.38,1507.16,0.2304840122245706,16.0,2993.28,0.0,0.0,0,2529.54,4191.31,3,1,0,1,1,1,2
fb4b0515-53eb-4c43-ac1e-cf34dac92d3d,508,12,107845.74,5120.161875,1,0.0,0,0.0,98355.02,8196.251666666667,8987.145,0.0880027342758276,18650.76375984252,1407.41,30636.2,0,0.1116657797436267,0.0366838418618592,0.0057974671755442,0.0,0.0107512560111319,0.0411146273977678,0.0057706256376136,0.0310892113081772,0.1396579452680707,0.0018947685639228,0.0416835866639038,0.1102459233905905,0.2311497674445087,0.166214190185717,0.0078263417566281,0.0024022159723011,22734.74,380.7,0.2108079558821702,26.0,7772.73,66.06,1.0,1,570.21,3608.04,3,1,1,1,1,1,5
fb859b77-7198-485a-ab24-b894f622166f,386,12,51647.32,0.0,0,0.0,0,30503.64,45899.7,3824.975,4303.943333333334,0.1112859292602211,12239.392512953367,2218.65,20496.31,0,0.1840463009562153,0.0641991124124994,0.1203981725370754,0.0,0.0135240535341189,0.0895321755915616,0.0,0.0,0.0142456268777355,0.0016287688154824,0.0267853602528992,0.0110536670174314,0.0456327601269724,0.2516569825075109,0.0,0.0,2094.53,672.8,0.0405544760115336,33.0,3894.1,0.0,0.0,0,5526.24,2946.7200000000003,2,1,0,1,0,0,3
fc322b9c-7306-480f-946c-9d763af17c78,465,12,139188.79,5690.126,1,14375.44,1,0.0,111120.67,9260.055833333334,11599.065833333334,0.2016550327077346,29015.233956989247,3162.46,50588.17,0,0.1618923823983423,0.0257079083486447,0.0226157743649313,0.0117557786503627,0.008982577228881,0.0335405645052356,0.002994852352852,0.0190983369700704,0.0129018300555603,0.0283919274424821,0.0,0.055453949296742,0.4164418735056224,0.1604529562321753,0.0049692824926271,0.0,46275.3,0.0,0.3324642738829758,33.0,3660.36,0.0,0.0,0,3819.39,2856.68,3,1,0,1,1,1,0
fc654393-4dcd-41b0-96e2-947e285df101,484,12,138652.42,5711.794,1,13925.24,1,0.0,94257.29,7854.774166666666,11554.368333333334,0.3201900839523754,39916.348780991735,3622.74,69378.92,0,0.0917991595132853,0.0705492381544175,0.0394488320213746,0.0,0.0108778854134253,0.0839664497037841,0.0068867882791877,0.0,0.0049170732576758,0.0159456101485625,0.0270320735934589,0.0586372682685869,0.2565358074691092,0.2305609465326235,0.0019110458193737,0.0,24180.37,0.0,0.1743955857387847,37.0,7157.21,34.08,1.0,1,3718.34,6649.78,3,1,0,1,1,1,0
fcd3f4b5-59f6-4ced-b956-449d7032c0a0,526,12,134891.01,6011.191428571429,1,13710.73,1,0.0,131510.02,10959.168333333331,11240.9175,0.0250646058621699,15505.46458174905,126.86,36364.5,0,0.1275209295839206,0.0307951439745808,0.0437743070832169,0.0083561693626082,0.0072649217147104,0.0,0.0,0.0237126418199921,0.0487015362023365,0.0880385388124798,0.0,0.0675784248226865,0.2428347284868484,0.2406144413938953,0.0131335239702647,0.003059234573913,31935.2,0.0,0.2367481717276785,28.0,5384.3,0.0,0.0,0,6855.679999999999,4049.87,3,1,1,1,1,1,0
fd045c75-a4d2-449b-be9b-a0aea016ae1c,423,12,102511.28,4871.0,1,0.0,0,0.0,91260.82,7605.068333333334,8542.606666666667,0.1097485076764234,13601.657470449174,1616.99,25305.25,0,0.1384691700118407,0.0262223153375128,0.0217729799052868,0.0161149110867073,0.0089191615854426,0.0557681817892935,0.0035376627122131,0.0,0.0,0.0035016121923953,0.0,0.1397598662821569,0.3770289375002327,0.1424709968637143,0.0093297430375926,0.0,34407.97,275.58000000000004,0.3356505742587548,24.0,2742.03,0.0,0.0,0,3457.68,2393.07,3,1,0,0,1,1,5
fd21200e-5aff-4653-ac0b-c92a6e06b25a,347,12,52536.740000000005,0.0,0,0.0,0,30187.08,60724.93,5060.410833333333,4378.061666666667,-0.1558564539786822,8180.917435158502,574.13,12746.23,0,0.1751338371242256,0.0574470814540255,0.0714070810785619,0.0,0.0105464098517692,0.1041270858607823,0.0,0.0,0.0029356970852004,0.091768405496721,0.0006246199048726,0.0,0.031050015207922,0.2509949373346334,0.0,0.0,1885.51,1092.15,0.0358893604742129,22.0,5377.84,12.48,1.0,1,4336.19,3488.4700000000003,2,0,0,1,0,0,3
fd37e469-0669-44e4-92f6-ddf5880701c4,451,12,106789.11,4436.06,1,0.0,0,0.0,104243.38,8686.948333333334,8899.0925,0.0238388539805228,15172.113813747228,1860.03,20531.9,0,0.064015288069132,0.0275417968987575,0.0090390392176462,0.0356497458159933,0.0097141900041997,0.0618339505108141,0.0,0.0175974723766631,0.0113158264822188,0.005114281597546,0.0,0.0917537401415801,0.4653171261330935,0.1441374982277052,0.0028470872682754,0.0202379278185338,48506.23,373.21,0.4542244991085701,15.0,896.01,0.0,0.0,0,4658.51,2871.05,3,1,1,1,1,1,5
fd3a71b4-0013-4865-a963-48f1e99d6a45,594,12,72506.34,0.0,0,0.0,0,0.0,99648.11,8304.009166666667,6042.195,-0.3743365062972425,7095.032929292928,-432.83,1280.75,1,0.3082307331267999,0.041534455595796,0.0718094904158242,0.0374843035156411,0.0180345618195869,0.0367431956311062,0.0,0.0147941591666916,0.0605800752267152,0.0741432025153311,0.0247693609040853,0.0083389439097239,0.0,0.196976942161773,0.002803866525918,0.0,0.0,1328.16,0.0,37.0,10345.09,68.68,2.0,1,10890.92,4138.83,5,1,0,1,0,0,1
fd4302c9-f1ce-4f6a-8055-c7562cde1ea3,385,12,109586.26,4944.338125,1,0.0,0,0.0,92300.13,7691.677500000001,9132.188333333334,0.1577399392953093,20145.61477922078,1423.94,29590.59,0,0.2486825316497387,0.0272126377286792,0.0150531748980201,0.0,0.0066662961363109,0.0476534540092197,0.0,0.0,0.0052498300923303,0.0226381046267215,0.0,0.1245828147804342,0.35705236818193,0.1069762306943662,0.0069720378508675,0.0,32955.98,545.71,0.3007309492996659,39.0,4154.91,0.0,0.0,0,1389.41,2511.73,2,1,0,1,1,1,5
fd527099-e541-414c-bbca-199afb03ca55,372,12,57319.54,0.0,0,0.0,0,34106.16,51883.68,4323.64,4776.628333333333,0.0948343270026242,16120.048575268818,1760.74,23569.11,0,0.211668486121262,0.0442418502311324,0.0242721796140905,0.0,0.0117817394602695,0.0693728740906581,0.0,0.0,0.0,0.1429786784591995,0.0,0.0035853277947901,0.0,0.2104711924828771,0.0157249832702691,0.0,0.0,745.6,0.0,59.0,10302.15,0.0,0.0,0,1259.33,2295.43,2,1,0,0,0,0,3
fdd730a8-7556-404d-9492-02344e55fc5e,392,12,103164.09,4829.928,1,0.0,0,0.0,101891.85,8490.9875,8597.0075,0.012332198151508,14473.57974489796,1804.04,17068.55,0,0.159790895935249,0.0297367257538262,0.0411353803076497,0.0,0.006320427001767,0.0651344538351202,0.0025675262545532,0.0,0.0125734295726301,0.0021167541859334,0.0249202463199951,0.0912045467817102,0.302109736941669,0.1920467633083509,0.0113984582672706,0.0,30782.52,83.52,0.2983840598022044,34.0,6845.56,0.0,0.0,0,4191.36,3029.93,2,1,0,1,1,1,5
fe0a8673-8c0b-4b75-b7d8-f2ff35866b01,506,12,99921.81,5251.135714285714,1,0.0,0,0.0,128269.95,10689.1625,8326.8175,-0.2837032275536242,-1333.0992094861658,-9246.44,243.05,1,0.1630944738031004,0.0276799827239349,0.0046301569463463,0.0163577673492505,0.0108382360794558,0.0144683926359993,0.0036365493242961,0.0221507063813465,0.0031270769186391,0.0644806519375738,0.0306450575524509,0.0631362996555311,0.3059538886543575,0.1886389602553053,0.0041398628439474,0.0,39244.69,1183.03,0.3927539943481808,24.0,7436.79,0.0,0.0,0,2692.12,3550.51,4,1,0,1,1,1,2
fe20936d-7126-46c2-be90-718f79571889,414,12,132186.53,5989.322857142857,1,14715.51,1,0.0,76479.56,6373.296666666666,11015.544166666668,0.4214269789818978,35633.63130434782,2834.85,71922.02,0,0.1199056323022779,0.0482951261748891,0.0020711416226766,0.0,0.0140543434088794,0.0087257301166481,0.0031854262759879,0.0513513676072404,0.0144043715732674,0.0122775287933141,0.0518346339858649,0.0869089728026678,0.3241464778301549,0.198182887035438,0.0,0.0,24790.58,0.0,0.18754240693057,27.0,6914.12,0.0,0.0,0,158.39999999999998,3693.59,3,1,0,1,1,1,0
fe52b305-9f7c-4e06-8bfe-7950f882fdfa,460,12,156790.41999999998,6452.064375,1,13757.09,1,0.0,125506.08,10458.84,13065.868333333332,0.1995296651415308,39091.516,3134.28,58129.24,0,0.1010621158751831,0.0407267122039027,0.0240417834737568,0.0,0.0047909232763862,0.0409559441263722,0.0027807417776094,0.0318593330299217,0.0109649667968276,0.0442310045855945,0.0055099322678232,0.1185235806902741,0.290547677052777,0.1967910239886386,0.0,0.0079491766454661,36465.5,0.0,0.2325747963427867,18.0,3837.99,0.0,0.0,0,3017.39,5111.45,2,1,1,1,1,1,0
fe553b41-54b5-4d00-bd38-79665787d1cc,504,12,98770.03,4799.052,1,0.0,0,0.0,133378.08,11114.839999999998,8230.835833333333,-0.3503901942724933,3776.968015873016,-4966.57,-3022.59,1,0.1164554925367046,0.0306308202967084,0.0221738834447159,0.0151294725490125,0.0112657192246282,0.0885469336490673,0.0,0.0248839239551206,0.0026012520198221,0.0285588906363024,0.0,0.0911639303849628,0.3182386491093588,0.1805005740073631,0.0,0.0012830444102959,42446.06,746.67,0.429746351195803,14.0,2891.78,0.0,0.0,0,4975.45,4085.48,4,1,1,1,1,1,2
fe99aefe-0846-4ed0-9cda-8254732664e1,396,12,98428.5,4485.063749999999,1,0.0,0,0.0,102105.8,8508.816666666668,8202.375,-0.0373601141945676,8762.114065656566,573.88,9521.37,0,0.0675048821908256,0.0294924480293969,0.0039924274624947,0.0,0.0105155632686879,0.0125954647042577,0.0,0.0317091683332386,0.1728632457705634,0.0256466331981141,0.0,0.0995767135657328,0.3128959373512572,0.1160412043194412,0.0123857802397121,0.0,31948.49,286.85,0.3245857653017165,22.0,763.88,0.0,0.0,0,407.65,3011.35,3,1,0,1,1,1,5
febeef5b-a8a1-4c0f-8920-89b615de392f,479,12,100162.16,4456.111333333333,1,0.0,0,0.0,116305.23,9692.1025,8346.846666666666,-0.1611693477856309,7878.019102296451,1113.97,10998.44,0,0.1537650542456259,0.0312911981688183,0.0185152464768781,0.0,0.0085862862744865,0.0792696080821128,0.0,0.0250765163355078,0.0081974817469515,0.0498607844204426,0.0092196197883792,0.109259317057367,0.2248493898339739,0.1926222062412842,0.0130347534672344,0.0,26151.16,625.95,0.2610882193435125,35.0,7520.05,0.0,0.0,0,2153.42,3639.33,3,1,0,1,1,1,5
fef1430b-63e6-4890-bc35-43edc700bede,521,12,94469.14,4682.508666666666,1,0.0,0,0.0,114466.04,9538.836666666666,7872.428333333333,-0.2116765326751148,3907.0398656429934,-1539.91,2971.21,1,0.0868431370561958,0.0501516432297299,0.0298913109949466,0.0,0.0083302436250961,0.0532854111140736,0.0047790593611869,0.0273730094969652,0.0136539186644353,0.0287167268125987,0.0120586857027638,0.0748133682269431,0.3568350053867505,0.1699808082816528,0.0,0.0,40845.49,640.47,0.4323686020641237,49.0,5733.85,37.01,1.0,1,3421.54,5740.660000000001,3,1,0,1,1,1,2
ff155e24-d12c-4a54-b23b-66a78606831b,483,12,93798.47,4575.850666666666,1,0.0,0,0.0,118003.82,9833.651666666668,7816.539166666666,-0.2580569811000116,6972.690020703933,-2821.4,3338.14,1,0.0773590210893172,0.0227943468270772,0.0138292133254669,0.0169765690636116,0.0083212560406942,0.0344098182584258,0.0049033158418091,0.0,0.0058532850885674,0.0721424950480416,0.0080666032675891,0.0896834526204321,0.2909693940416504,0.1816616614614679,0.0193897112822279,0.0131202532257006,34335.5,433.47,0.3660560774605385,46.0,10877.38,0.0,0.0,0,3635.2,2689.82,3,1,1,1,1,1,2
ff23eecd-3197-4dd8-acca-1e638ee284a6,488,12,134151.07,5623.587142857143,1,13671.72,1,0.0,133788.19,11149.015833333331,11179.255833333336,0.0027050101053983,15065.832356557376,2565.18,18739.69,0,0.0874533095933206,0.0194343760835691,0.0632250873563653,0.0,0.0073987846012417,0.0321675627721699,0.0024952875137932,0.0168520106296377,0.1032745117487574,0.0047436175046541,0.0002927014708846,0.0843957900917861,0.2941693134498642,0.158460473977561,0.0140975821557941,0.0,39356.38,0.0,0.2933735824842843,24.0,1161.09,3.72,1.0,1,8458.77,2600.09,3,1,0,1,1,1,0
ff3c60f2-3e1b-450d-88b0-b3bd6c9689ae,399,12,141684.23,6169.928666666668,1,13959.23,1,0.0,109754.89,9146.240833333331,11807.019166666669,0.2253556376740023,31893.528621553884,2668.87,52286.44,0,0.1176199074136924,0.0384383784631372,0.0029687059956964,0.0,0.0047867571094098,0.0448370910854176,0.0039957217395962,0.0285116225800964,0.0215930242379177,0.0223111699168939,0.0,0.1297695255309353,0.3625079483930055,0.1792705545967017,0.0130070742178321,0.0,39787.02,0.0,0.2808147385210054,26.0,510.79,38.48,1.0,1,325.83,4218.8,2,1,0,1,1,1,0
ffc17be1-2858-4dc4-a59c-f3147806b155,571,12,87057.38,0.0,0,0.0,0,0.0,85872.25,7156.020833333333,7254.781666666667,0.0136132054513931,13404.310805604202,-1242.9,21828.57,1,0.3880916128318519,0.0248338665867029,0.0511275761378093,0.0426497500647764,0.01896514881117,0.0,0.0060871818311503,0.0,0.0019805001033511,0.0821722966383202,0.0348499078573112,0.0065483319698738,0.0,0.186665540963466,0.0072274803559939,0.0,0.0,960.36,0.0,41.0,1852.54,0.0,0.0,0,8052.87,2132.54,5,1,0,1,0,0,1
